2025-01-27 20:03:25,437 - ontorum.api - INFO - API starting up
2025-01-27 20:03:25,495 - ontorum.api - INFO - API starting up
2025-01-27 20:03:25,516 - ontorum.api - INFO - API starting up
2025-01-27 20:03:25,967 - ontorum.api - INFO - API starting up
2025-01-27 20:03:26,380 - ontorum.api - INFO - API starting up
2025-01-27 20:03:26,388 - ontorum.api - INFO - API starting up
2025-01-27 20:03:26,386 - ontorum.api - INFO - API starting up
2025-01-27 20:03:26,391 - ontorum.api - INFO - API starting up
2025-01-27 20:03:26,392 - ontorum.api - INFO - API starting up
2025-01-27 20:03:26,421 - ontorum.api - INFO - API starting up
2025-01-27 20:03:26,551 - ontorum.api - INFO - API starting up
2025-01-27 20:03:26,566 - ontorum.api - INFO - API starting up
2025-01-27 20:03:26,584 - ontorum.api - INFO - API starting up
2025-01-27 20:03:26,598 - ontorum.api - INFO - API starting up
2025-01-27 20:03:26,667 - ontorum.api - INFO - API starting up
2025-01-27 20:03:26,681 - ontorum.api - INFO - API starting up
2025-01-27 20:03:26,701 - ontorum.api - INFO - API starting up
2025-01-27 20:03:26,762 - ontorum.api - INFO - API starting up
2025-01-27 20:03:26,769 - ontorum.api - INFO - API starting up
2025-01-27 20:03:33,970 - ontorum.api - INFO - API starting up
2025-01-27 20:04:55,439 - ontorum.api - INFO - API starting up
2025-01-27 20:04:55,605 - ontorum.api - INFO - API starting up
2025-01-27 20:04:55,959 - ontorum.api - INFO - API starting up
2025-01-27 20:04:56,005 - ontorum.api - INFO - API starting up
2025-01-27 20:04:56,133 - ontorum.api - INFO - API starting up
2025-01-27 20:04:56,214 - ontorum.api - INFO - API starting up
2025-01-27 20:04:56,348 - ontorum.api - INFO - API starting up
2025-01-27 20:04:56,390 - ontorum.api - INFO - API starting up
2025-01-27 20:04:56,453 - ontorum.api - INFO - API starting up
2025-01-27 20:04:56,458 - ontorum.api - INFO - API starting up
2025-01-27 20:04:56,482 - ontorum.api - INFO - API starting up
2025-01-27 20:04:56,512 - ontorum.api - INFO - API starting up
2025-01-27 20:04:56,523 - ontorum.api - INFO - API starting up
2025-01-27 20:04:56,556 - ontorum.api - INFO - API starting up
2025-01-27 20:04:56,574 - ontorum.api - INFO - API starting up
2025-01-27 20:04:56,590 - ontorum.api - INFO - API starting up
2025-01-27 20:04:56,599 - ontorum.api - INFO - API starting up
2025-01-27 20:04:56,654 - ontorum.api - INFO - API starting up
2025-01-27 20:04:56,671 - ontorum.api - INFO - API starting up
2025-01-27 20:04:56,725 - ontorum.api - INFO - API starting up
2025-01-27 20:05:04,572 - ontorum.api - INFO - API starting up
2025-01-27 20:05:22,747 - ontorum.api - INFO - API starting up
2025-01-27 20:05:22,847 - ontorum.api - INFO - API starting up
2025-01-27 20:05:22,965 - ontorum.api - INFO - API starting up
2025-01-27 20:05:23,162 - ontorum.api - INFO - API starting up
2025-01-27 20:05:23,140 - ontorum.api - INFO - API starting up
2025-01-27 20:05:23,254 - ontorum.api - INFO - API starting up
2025-01-27 20:05:23,626 - ontorum.api - INFO - API starting up
2025-01-27 20:05:23,668 - ontorum.api - INFO - API starting up
2025-01-27 20:05:23,744 - ontorum.api - INFO - API starting up
2025-01-27 20:05:23,774 - ontorum.api - INFO - API starting up
2025-01-27 20:05:23,931 - ontorum.api - INFO - API starting up
2025-01-27 20:05:23,941 - ontorum.api - INFO - API starting up
2025-01-27 20:05:24,053 - ontorum.api - INFO - API starting up
2025-01-27 20:05:24,068 - ontorum.api - INFO - API starting up
2025-01-27 20:05:24,074 - ontorum.api - INFO - API starting up
2025-01-27 20:05:24,185 - ontorum.api - INFO - API starting up
2025-01-27 20:05:24,196 - ontorum.api - INFO - API starting up
2025-01-27 20:05:24,215 - ontorum.api - INFO - API starting up
2025-01-27 20:05:24,257 - ontorum.api - INFO - API starting up
2025-01-27 20:05:24,268 - ontorum.api - INFO - API starting up
2025-01-27 20:05:24,309 - ontorum.api - INFO - API starting up
2025-01-27 20:05:33,266 - ontorum.api - INFO - API starting up
2025-01-27 20:05:52,496 - ontorum.api - INFO - Request: GET /nodes/type/particular
2025-01-27 20:05:52,499 - ontorum.api - INFO - Response status: 200
2025-01-27 20:06:11,366 - ontorum.api - INFO - API starting up
2025-01-27 20:06:12,253 - ontorum.api - INFO - API starting up
2025-01-27 20:06:12,530 - ontorum.api - INFO - API starting up
2025-01-27 20:06:13,055 - ontorum.api - INFO - API starting up
2025-01-27 20:06:13,878 - ontorum.api - INFO - API starting up
2025-01-27 20:06:13,968 - ontorum.api - INFO - API starting up
2025-01-27 20:06:14,035 - ontorum.api - INFO - API starting up
2025-01-27 20:06:14,138 - ontorum.api - INFO - API starting up
2025-01-27 20:06:14,270 - ontorum.api - INFO - API starting up
2025-01-27 20:06:14,363 - ontorum.api - INFO - API starting up
2025-01-27 20:06:14,436 - ontorum.api - INFO - API starting up
2025-01-27 20:06:14,467 - ontorum.api - INFO - API starting up
2025-01-27 20:06:14,505 - ontorum.api - INFO - API starting up
2025-01-27 20:06:14,539 - ontorum.api - INFO - API starting up
2025-01-27 20:06:14,541 - ontorum.api - INFO - API starting up
2025-01-27 20:06:14,646 - ontorum.api - INFO - API starting up
2025-01-27 20:06:14,651 - ontorum.api - INFO - API starting up
2025-01-27 20:06:14,652 - ontorum.api - INFO - API starting up
2025-01-27 20:06:14,716 - ontorum.api - INFO - API starting up
2025-01-27 20:06:14,786 - ontorum.api - INFO - API starting up
2025-01-27 20:06:14,883 - ontorum.api - INFO - API starting up
2025-01-27 20:06:14,892 - ontorum.api - INFO - API starting up
2025-01-27 20:06:33,609 - ontorum.api - INFO - API starting up
2025-01-27 20:06:34,075 - ontorum.api - INFO - API starting up
2025-01-27 20:06:34,412 - ontorum.api - INFO - API starting up
2025-01-27 20:06:34,439 - ontorum.api - INFO - API starting up
2025-01-27 20:06:34,468 - ontorum.api - INFO - API starting up
2025-01-27 20:06:35,088 - ontorum.api - INFO - API starting up
2025-01-27 20:06:35,103 - ontorum.api - INFO - API starting up
2025-01-27 20:06:35,239 - ontorum.api - INFO - API starting up
2025-01-27 20:06:35,294 - ontorum.api - INFO - API starting up
2025-01-27 20:06:35,412 - ontorum.api - INFO - API starting up
2025-01-27 20:06:35,415 - ontorum.api - INFO - API starting up
2025-01-27 20:06:35,577 - ontorum.api - INFO - API starting up
2025-01-27 20:06:35,591 - ontorum.api - INFO - API starting up
2025-01-27 20:06:35,624 - ontorum.api - INFO - API starting up
2025-01-27 20:06:35,723 - ontorum.api - INFO - API starting up
2025-01-27 20:06:35,724 - ontorum.api - INFO - API starting up
2025-01-27 20:06:35,869 - ontorum.api - INFO - API starting up
2025-01-27 20:06:35,977 - ontorum.api - INFO - API starting up
2025-01-27 20:06:36,029 - ontorum.api - INFO - API starting up
2025-01-27 20:06:36,135 - ontorum.api - INFO - API starting up
2025-01-27 20:06:36,142 - ontorum.api - INFO - API starting up
2025-01-27 20:06:36,185 - ontorum.api - INFO - API starting up
2025-01-27 20:06:40,625 - ontorum.api - INFO - Request: GET /nodes/type/particular
2025-01-27 20:06:40,626 - ontorum.api - INFO - Response status: 200
2025-01-27 20:06:45,007 - ontorum.api - INFO - API starting up
2025-01-27 20:07:08,912 - ontorum.api - WARNING - Failed to connect to database: Using mock data for development. Using mock data.
2025-01-27 20:07:09,016 - ontorum.api - INFO - API starting up
2025-01-27 20:07:09,036 - ontorum.api - INFO - Using mock data
2025-01-27 20:07:09,058 - ontorum.api - INFO - Starting mock data initialization
2025-01-27 20:07:09,102 - ontorum.example - INFO - Initialized IceCreamScoopExpander
2025-01-27 20:07:09,065 - ontorum.api - WARNING - Failed to connect to database: Using mock data for development. Using mock data.
2025-01-27 20:07:09,171 - ontorum.api - INFO - Created mock scoop with ID: 4b7fcaf6-7761-42b4-8d91-297267e212cf
2025-01-27 20:07:09,193 - ontorum.example - INFO - Creating new universal: Ice Cream Scoop
2025-01-27 20:07:09,212 - ontorum.example - INFO - Created new dimension: Cleanliness
2025-01-27 20:07:09,216 - ontorum.api - INFO - API starting up
2025-01-27 20:07:09,216 - ontorum.example - INFO - Created new dimension: Material
2025-01-27 20:07:09,223 - ontorum.api - INFO - Using mock data
2025-01-27 20:07:09,224 - ontorum.example - INFO - Created new dimension: Temperature
2025-01-27 20:07:09,246 - ontorum.api - INFO - Starting mock data initialization
2025-01-27 20:07:09,248 - ontorum.example - INFO - Added dimension Cleanliness to universal Ice Cream Scoop
2025-01-27 20:07:09,289 - ontorum.example - INFO - Initialized IceCreamScoopExpander
2025-01-27 20:07:09,292 - ontorum.example - INFO - Created new state: Clean for Cleanliness
2025-01-27 20:07:09,347 - ontorum.api - INFO - Created mock scoop with ID: 73c6ba70-6c59-4f67-bfb0-723fd3a2fc4f
2025-01-27 20:07:09,348 - ontorum.example - INFO - Created new state: Dirty for Cleanliness
2025-01-27 20:07:09,392 - ontorum.example - INFO - Creating new universal: Ice Cream Scoop
2025-01-27 20:07:09,396 - ontorum.example - INFO - Created new state: Sanitized for Cleanliness
2025-01-27 20:07:09,437 - ontorum.example - INFO - Created new dimension: Cleanliness
2025-01-27 20:07:09,440 - ontorum.example - INFO - Added dimension Material to universal Ice Cream Scoop
2025-01-27 20:07:09,460 - ontorum.example - INFO - Created new dimension: Material
2025-01-27 20:07:09,477 - ontorum.example - INFO - Created new state: Stainless Steel for Material
2025-01-27 20:07:09,491 - ontorum.example - INFO - Created new dimension: Temperature
2025-01-27 20:07:09,510 - ontorum.example - INFO - Created new state: Aluminum for Material
2025-01-27 20:07:09,532 - ontorum.example - INFO - Added dimension Cleanliness to universal Ice Cream Scoop
2025-01-27 20:07:09,588 - ontorum.example - INFO - Created new state: Plastic for Material
2025-01-27 20:07:09,599 - ontorum.example - INFO - Created new state: Clean for Cleanliness
2025-01-27 20:07:09,656 - ontorum.example - INFO - Added dimension Temperature to universal Ice Cream Scoop
2025-01-27 20:07:09,681 - ontorum.example - INFO - Created new state: Dirty for Cleanliness
2025-01-27 20:07:09,728 - ontorum.example - INFO - Created new state: Cold for Temperature
2025-01-27 20:07:09,762 - ontorum.example - INFO - Created new state: Sanitized for Cleanliness
2025-01-27 20:07:09,766 - ontorum.example - INFO - Created new state: Room Temperature for Temperature
2025-01-27 20:07:09,777 - ontorum.example - INFO - Added dimension Material to universal Ice Cream Scoop
2025-01-27 20:07:09,780 - ontorum.example - INFO - Created new state: Hot for Temperature
2025-01-27 20:07:09,794 - ontorum.example - INFO - Created new state: Stainless Steel for Material
2025-01-27 20:07:09,798 - ontorum.example - INFO - Discovered dimensions for Ice Cream Scoop #12 from universal
2025-01-27 20:07:09,818 - ontorum.example - INFO - Created new state: Aluminum for Material
2025-01-27 20:07:09,825 - ontorum.example - INFO - Creating sub-entities for Ice Cream Scoop #12
2025-01-27 20:07:09,839 - ontorum.example - INFO - Created new state: Plastic for Material
2025-01-27 20:07:09,843 - ontorum.example - INFO - Found existing universal: Ice Cream Scoop
2025-01-27 20:07:09,891 - ontorum.example - INFO - Added dimension Temperature to universal Ice Cream Scoop
2025-01-27 20:07:09,895 - ontorum.example - INFO - Discovered dimensions for Ice Cream Scoop #12 Handle from universal
2025-01-27 20:07:09,908 - ontorum.example - INFO - Created new state: Cold for Temperature
2025-01-27 20:07:09,916 - ontorum.example - INFO - Found existing universal: Ice Cream Scoop
2025-01-27 20:07:09,937 - ontorum.example - INFO - Created new state: Room Temperature for Temperature
2025-01-27 20:07:09,942 - ontorum.example - INFO - Discovered dimensions for Ice Cream Scoop #12 Bowl from universal
2025-01-27 20:07:09,979 - ontorum.example - INFO - Created new state: Hot for Temperature
2025-01-27 20:07:09,982 - ontorum.api - INFO - Initialized mock data with 16 nodes
2025-01-27 20:07:10,000 - ontorum.example - INFO - Discovered dimensions for Ice Cream Scoop #12 from universal
2025-01-27 20:07:10,013 - ontorum.api - INFO - Mock node: NodeType.PARTICULAR - Ice Cream Scoop #12 (4b7fcaf6-7761-42b4-8d91-297267e212cf)
2025-01-27 20:07:10,026 - ontorum.example - INFO - Creating sub-entities for Ice Cream Scoop #12
2025-01-27 20:07:10,028 - ontorum.api - INFO -   Universal: 304a3f52-d00f-4874-905f-2be6fbb12765
2025-01-27 20:07:10,077 - ontorum.example - INFO - Found existing universal: Ice Cream Scoop
2025-01-27 20:07:10,079 - ontorum.api - INFO -   Dimensions: [UUID('2abe04b9-be68-4257-a5da-a75ed1d52721'), UUID('fe54ad22-64c9-4e43-8974-9c3447e7f5fa'), UUID('c752cc4b-15e0-4983-aa9e-f365a5b1f1c5')]
2025-01-27 20:07:10,088 - ontorum.example - INFO - Discovered dimensions for Ice Cream Scoop #12 Handle from universal
2025-01-27 20:07:10,112 - ontorum.api - INFO -   Sub-entities: [UUID('afca5f98-b4e4-4abb-a536-f82b1a25f616'), UUID('b6bf1357-be8d-4dc5-b2d7-bdac8b500b37')]
2025-01-27 20:07:10,149 - ontorum.example - INFO - Found existing universal: Ice Cream Scoop
2025-01-27 20:07:10,159 - ontorum.api - INFO - Mock node: NodeType.UNIVERSAL - Ice Cream Scoop (304a3f52-d00f-4874-905f-2be6fbb12765)
2025-01-27 20:07:10,188 - ontorum.example - INFO - Discovered dimensions for Ice Cream Scoop #12 Bowl from universal
2025-01-27 20:07:10,236 - ontorum.api - INFO - Initialized mock data with 16 nodes
liness (2abe04b9-be68-4257-a5da-a75ed1d52721)
2025-01-27 20:07:10,264 - ontorum.api - INFO -   States: [UUID('cc8f5149-162a-4e8a-9078-439803d7a50f'), UUID('169a9ed9-6263-408a-91c1-c283c0e99b5b'), UUID('182632c4-d5a5-4640-a02a-c01fecfa18e0')]
2025-01-27 20:07:10,267 - ontorum.api - INFO - Mock node: NodeType.STATE - Clean (cc8f5149-162a-4e8a-9078-439803d7a50f)
2025-01-27 20:07:10,268 - ontorum.api - INFO - Mock node: NodeType.STATE - Dirty (169a9ed9-6263-408a-91c1-c283c0e99b5b)
2025-01-27 20:07:10,269 - ontorum.api - INFO - Mock node: NodeType.STATE - Sanitized (182632c4-d5a5-4640-a02a-c01fecfa18e0)
2025-01-27 20:07:10,270 - ontorum.api - INFO - Mock node: NodeType.DIMENSION - Material (fe54ad22-64c9-4e43-8974-9c3447e7f5fa)
2025-01-27 20:07:10,271 - ontorum.api - INFO -   States: [UUID('8ec74e8e-82b0-4bcd-a7ef-4d8c83e17289'), UUID('12466d3a-679a-44c4-8bc7-e79caab886f4'), UUID('a0c259ee-c846-4103-8bea-bd1d484295b4')]
2025-01-27 20:07:10,272 - ontorum.api - INFO - Mock node: NodeType.STATE - Stainless Steel (8ec74e8e-82b0-4bcd-a7ef-4d8c83e17289)
2025-01-27 20:07:10,273 - ontorum.api - INFO - Mock node: NodeType.STATE - Aluminum (12466d3a-679a-44c4-8bc7-e79caab886f4)
2025-01-27 20:07:10,273 - ontorum.api - INFO - Mock node: NodeType.STATE - Plastic (a0c259ee-c846-4103-8bea-bd1d484295b4)
2025-01-27 20:07:10,274 - ontorum.api - INFO - Mock node: NodeType.DIMENSION - Temperature (c752cc4b-15e0-4983-aa9e-f365a5b1f1c5)
2025-01-27 20:07:10,275 - ontorum.api - INFO -   States: [UUID('5a866985-fff2-4a22-a125-ee4247d73033'), UUID('7fa27f64-0b4f-41c5-a1d1-a7d871fdd745'), UUID('6abcaf6a-1c94-448c-90b6-531454f9dc95')]
2025-01-27 20:07:10,276 - ontorum.api - INFO - Mock node: NodeType.STATE - Cold (5a866985-fff2-4a22-a125-ee4247d73033)
2025-01-27 20:07:10,277 - ontorum.api - INFO - Mock node: NodeType.STATE - Room Temperature (7fa27f64-0b4f-41c5-a1d1-a7d871fdd745)
2025-01-27 20:07:10,277 - ontorum.api - INFO - Mock node: NodeType.STATE - Hot (6abcaf6a-1c94-448c-90b6-531454f9dc95)
2025-01-27 20:07:10,278 - ontorum.api - INFO - Mock node: NodeType.PARTICULAR - Ice Cream Scoop #12 Handle (afca5f98-b4e4-4abb-a536-f82b1a25f616)
2025-01-27 20:07:10,279 - ontorum.api - INFO -   Universal: 304a3f52-d00f-4874-905f-2be6fbb12765
2025-01-27 20:07:10,280 - ontorum.api - INFO -   Dimensions: [UUID('2abe04b9-be68-4257-a5da-a75ed1d52721'), UUID('fe54ad22-64c9-4e43-8974-9c3447e7f5fa'), UUID('c752cc4b-15e0-4983-aa9e-f365a5b1f1c5')]
2025-01-27 20:07:10,281 - ontorum.api - INFO -   Sub-entities: []
2025-01-27 20:07:10,282 - ontorum.api - INFO - Mock node: NodeType.PARTICULAR - Ice Cream Scoop #12 Bowl (b6bf1357-be8d-4dc5-b2d7-bdac8b500b37)
2025-01-27 20:07:10,284 - ontorum.api - INFO -   Universal: 304a3f52-d00f-4874-905f-2be6fbb12765
2025-01-27 20:07:10,285 - ontorum.api - INFO -   Dimensions: [UUID('2abe04b9-be68-4257-a5da-a75ed1d52721'), UUID('fe54ad22-64c9-4e43-8974-9c3447e7f5fa'), UUID('c752cc4b-15e0-4983-aa9e-f365a5b1f1c5')]
2025-01-27 20:07:10,286 - ontorum.api - INFO -   Sub-entities: []
2025-01-27 20:07:10,287 - ontorum.api - INFO - Mock data initialization complete
2025-01-27 20:07:10,288 - ontorum.api - INFO - Mock data initialized with 16 nodes
2025-01-27 20:07:10,289 - ontorum.api - INFO - Mock data nodes:
2025-01-27 20:07:10,289 - ontorum.api - INFO -   NodeType.PARTICULAR - Ice Cream Scoop #12 (4b7fcaf6-7761-42b4-8d91-297267e212cf)
2025-01-27 20:07:10,290 - ontorum.api - INFO -     Universal: 304a3f52-d00f-4874-905f-2be6fbb12765
2025-01-27 20:07:10,291 - ontorum.api - INFO -     Dimensions: [UUID('2abe04b9-be68-4257-a5da-a75ed1d52721'), UUID('fe54ad22-64c9-4e43-8974-9c3447e7f5fa'), UUID('c752cc4b-15e0-4983-aa9e-f365a5b1f1c5')]
2025-01-27 20:07:10,292 - ontorum.api - INFO -   NodeType.UNIVERSAL - Ice Cream Scoop (304a3f52-d00f-4874-905f-2be6fbb12765)
2025-01-27 20:07:10,293 - ontorum.api - INFO -     Dimensions: [UUID('2abe04b9-be68-4257-a5da-a75ed1d52721'), UUID('fe54ad22-64c9-4e43-8974-9c3447e7f5fa'), UUID('c752cc4b-15e0-4983-aa9e-f365a5b1f1c5')]
2025-01-27 20:07:10,293 - ontorum.api - INFO -   NodeType.DIMENSION - Cleanliness (2abe04b9-be68-4257-a5da-a75ed1d52721)
2025-01-27 20:07:10,294 - ontorum.api - INFO -     States: [UUID('cc8f5149-162a-4e8a-9078-439803d7a50f'), UUID('169a9ed9-6263-408a-91c1-c283c0e99b5b'), UUID('182632c4-d5a5-4640-a02a-c01fecfa18e0')]
2025-01-27 20:07:10,295 - ontorum.api - INFO -   NodeType.STATE - Clean (cc8f5149-162a-4e8a-9078-439803d7a50f)
2025-01-27 20:07:10,295 - ontorum.api - INFO -   NodeType.STATE - Dirty (169a9ed9-6263-408a-91c1-c283c0e99b5b)
2025-01-27 20:07:10,296 - ontorum.api - INFO -   NodeType.STATE - Sanitized (182632c4-d5a5-4640-a02a-c01fecfa18e0)
2025-01-27 20:07:10,297 - ontorum.api - INFO -   NodeType.DIMENSION - Material (fe54ad22-64c9-4e43-8974-9c3447e7f5fa)
2025-01-27 20:07:10,298 - ontorum.api - INFO -     States: [UUID('8ec74e8e-82b0-4bcd-a7ef-4d8c83e17289'), UUID('12466d3a-679a-44c4-8bc7-e79caab886f4'), UUID('a0c259ee-c846-4103-8bea-bd1d484295b4')]
2025-01-27 20:07:10,298 - ontorum.api - INFO -   NodeType.STATE - Stainless Steel (8ec74e8e-82b0-4bcd-a7ef-4d8c83e17289)
2025-01-27 20:07:10,299 - ontorum.api - INFO -   NodeType.STATE - Aluminum (12466d3a-679a-44c4-8bc7-e79caab886f4)
2025-01-27 20:07:10,300 - ontorum.api - INFO -   NodeType.STATE - Plastic (a0c259ee-c846-4103-8bea-bd1d484295b4)
2025-01-27 20:07:10,300 - ontorum.api - INFO -   NodeType.DIMENSION - Temperature (c752cc4b-15e0-4983-aa9e-f365a5b1f1c5)
2025-01-27 20:07:10,301 - ontorum.api - INFO -     States: [UUID('5a866985-fff2-4a22-a125-ee4247d73033'), UUID('7fa27f64-0b4f-41c5-a1d1-a7d871fdd745'), UUID('6abcaf6a-1c94-448c-90b6-531454f9dc95')]
2025-01-27 20:07:10,302 - ontorum.api - INFO -   NodeType.STATE - Cold (5a866985-fff2-4a22-a125-ee4247d73033)
2025-01-27 20:07:10,303 - ontorum.api - INFO -   NodeType.STATE - Room Temperature (7fa27f64-0b4f-41c5-a1d1-a7d871fdd745)
2025-01-27 20:07:10,303 - ontorum.api - INFO -   NodeType.STATE - Hot (6abcaf6a-1c94-448c-90b6-531454f9dc95)
2025-01-27 20:07:10,304 - ontorum.api - INFO -   NodeType.PARTICULAR - Ice Cream Scoop #12 Handle (afca5f98-b4e4-4abb-a536-f82b1a25f616)
2025-01-27 20:07:10,304 - ontorum.api - INFO -     Universal: 304a3f52-d00f-4874-905f-2be6fbb12765
2025-01-27 20:07:10,305 - ontorum.api - INFO -     Dimensions: [UUID('2abe04b9-be68-4257-a5da-a75ed1d52721'), UUID('fe54ad22-64c9-4e43-8974-9c3447e7f5fa'), UUID('c752cc4b-15e0-4983-aa9e-f365a5b1f1c5')]
2025-01-27 20:07:10,305 - ontorum.api - INFO -   NodeType.PARTICULAR - Ice Cream Scoop #12 Bowl (b6bf1357-be8d-4dc5-b2d7-bdac8b500b37)
2025-01-27 20:07:10,306 - ontorum.api - INFO -     Universal: 304a3f52-d00f-4874-905f-2be6fbb12765
2025-01-27 20:07:10,306 - ontorum.api - INFO -     Dimensions: [UUID('2abe04b9-be68-4257-a5da-a75ed1d52721'), UUID('fe54ad22-64c9-4e43-8974-9c3447e7f5fa'), UUID('c752cc4b-15e0-4983-aa9e-f365a5b1f1c5')]
2025-01-27 20:07:10,340 - ontorum.api - INFO - Mock node: NodeType.PARTICULAR - Ice Cream Scoop #12 (73c6ba70-6c59-4f67-bfb0-723fd3a2fc4f)
2025-01-27 20:07:10,362 - ontorum.api - INFO -   Universal: df891e88-6d70-4c10-947d-2a95431535b6
2025-01-27 20:07:10,370 - ontorum.api - INFO -   Dimensions: [UUID('67e29558-1a4a-408e-9cab-ec6b0ad4412f'), UUID('a1a98904-7460-4b43-8a20-2cbe7c69b25e'), UUID('b97a827a-dd60-48b6-9a22-f8c8d0b6463a')]
2025-01-27 20:07:10,392 - ontorum.api - INFO -   Sub-entities: [UUID('d806d0b6-e84a-4611-8b44-cf10f6f50e7e'), UUID('8e00d552-258b-4f1f-b5ff-63d95764c65c')]
2025-01-27 20:07:10,414 - ontorum.api - INFO - Mock node: NodeType.UNIVERSAL - Ice Cream Scoop (df891e88-6d70-4c10-947d-2a95431535b6)
2025-01-27 20:07:10,473 - ontorum.api - INFO - Mock node: NodeType.DIMENSION - Cleanliness (67e29558-1a4a-408e-9cab-ec6b0ad4412f)
2025-01-27 20:07:10,497 - ontorum.api - INFO -   States: [UUID('27123e22-9f0b-463c-9df3-764721b8a987'), UUID('a8c787e6-7a34-40a4-b890-879ac9d8195f'), UUID('71ffdcee-79b5-4d77-962f-a1e38be7ee0e')]
2025-01-27 20:07:10,511 - ontorum.api - INFO - Mock node: NodeType.STATE - Clean (27123e22-9f0b-463c-9df3-764721b8a987)
2025-01-27 20:07:10,572 - ontorum.api - INFO - Mock node: NodeType.STATE - Dirty (a8c787e6-7a34-40a4-b890-879ac9d8195f)
2025-01-27 20:07:10,613 - ontorum.api - INFO - Mock node: NodeType.STATE - Sanitized (71ffdcee-79b5-4d77-962f-a1e38be7ee0e)
2025-01-27 20:07:10,642 - ontorum.api - INFO - Mock node: NodeType.DIMENSION - Material (a1a98904-7460-4b43-8a20-2cbe7c69b25e)
2025-01-27 20:07:10,664 - ontorum.api - INFO -   States: [UUID('ec1eb7c6-1caa-432c-8f65-1c142ba492b7'), UUID('4fd731b8-8f96-4dd6-84cc-47de61b54c6e'), UUID('237aa195-28f5-43c0-8853-fb9acdfe1ad8')]
2025-01-27 20:07:10,649 - ontorum.api - WARNING - Failed to connect to database: Using mock data for development. Using mock data.
2025-01-27 20:07:10,679 - ontorum.api - INFO - Mock node: NodeType.STATE - Stainless Steel (ec1eb7c6-1caa-432c-8f65-1c142ba492b7)
2025-01-27 20:07:10,703 - ontorum.api - INFO - Mock node: NodeType.STATE - Aluminum (4fd731b8-8f96-4dd6-84cc-47de61b54c6e)
2025-01-27 20:07:10,685 - ontorum.api - WARNING - Failed to connect to database: Using mock data for development. Using mock data.
2025-01-27 20:07:10,708 - ontorum.api - INFO - Mock node: NodeType.STATE - Plastic (237aa195-28f5-43c0-8853-fb9acdfe1ad8)
2025-01-27 20:07:10,725 - ontorum.api - INFO - Mock node: NodeType.DIMENSION - Temperature (b97a827a-dd60-48b6-9a22-f8c8d0b6463a)
2025-01-27 20:07:10,710 - ontorum.api - WARNING - Failed to connect to database: Using mock data for development. Using mock data.
2025-01-27 20:07:10,742 - ontorum.api - INFO -   States: [UUID('2efbb35d-cd50-434b-b974-03c9aefb3d93'), UUID('c90550a0-97c0-40dd-97ee-ea50d29c59dc'), UUID('7947d85c-3d9b-487d-814a-788d68edb3ae')]
2025-01-27 20:07:10,756 - ontorum.api - INFO - Mock node: NodeType.STATE - Cold (2efbb35d-cd50-434b-b974-03c9aefb3d93)
2025-01-27 20:07:10,755 - ontorum.api - INFO - API starting up
2025-01-27 20:07:10,774 - ontorum.api - INFO - Mock node: NodeType.STATE - Room Temperature (c90550a0-97c0-40dd-97ee-ea50d29c59dc)
2025-01-27 20:07:10,793 - ontorum.api - INFO - Mock node: NodeType.STATE - Hot (7947d85c-3d9b-487d-814a-788d68edb3ae)
2025-01-27 20:07:10,788 - ontorum.api - INFO - API starting up
2025-01-27 20:07:10,796 - ontorum.api - INFO - API starting up
2025-01-27 20:07:10,789 - ontorum.api - INFO - Using mock data
2025-01-27 20:07:10,803 - ontorum.api - INFO - Mock node: NodeType.PARTICULAR - Ice Cream Scoop #12 Handle (d806d0b6-e84a-4611-8b44-cf10f6f50e7e)
2025-01-27 20:07:10,836 - ontorum.api - INFO - Using mock data
2025-01-27 20:07:10,840 - ontorum.api - INFO -   Universal: df891e88-6d70-4c10-947d-2a95431535b6
2025-01-27 20:07:10,826 - ontorum.api - INFO - Using mock data
2025-01-27 20:07:10,866 - ontorum.api - INFO - Starting mock data initialization
2025-01-27 20:07:10,837 - ontorum.api - INFO - Starting mock data initialization
2025-01-27 20:07:10,886 - ontorum.api - INFO -   Dimensions: [UUID('67e29558-1a4a-408e-9cab-ec6b0ad4412f'), UUID('a1a98904-7460-4b43-8a20-2cbe7c69b25e'), UUID('b97a827a-dd60-48b6-9a22-f8c8d0b6463a')]
2025-01-27 20:07:10,900 - ontorum.example - INFO - Initialized IceCreamScoopExpander
2025-01-27 20:07:10,916 - ontorum.api - INFO -   Sub-entities: []
2025-01-27 20:07:10,887 - ontorum.api - INFO - Starting mock data initialization
2025-01-27 20:07:10,936 - ontorum.api - INFO - Created mock scoop with ID: a5c284d2-883f-4303-9760-606872abde81
2025-01-27 20:07:10,905 - ontorum.example - INFO - Initialized IceCreamScoopExpander
2025-01-27 20:07:10,942 - ontorum.api - INFO - Mock node: NodeType.PARTICULAR - Ice Cream Scoop #12 Bowl (8e00d552-258b-4f1f-b5ff-63d95764c65c)
2025-01-27 20:07:10,946 - ontorum.example - INFO - Creating new universal: Ice Cream Scoop
2025-01-27 20:07:10,973 - ontorum.api - INFO -   Universal: df891e88-6d70-4c10-947d-2a95431535b6
2025-01-27 20:07:10,943 - ontorum.example - INFO - Initialized IceCreamScoopExpander
2025-01-27 20:07:10,980 - ontorum.example - INFO - Created new dimension: Cleanliness
2025-01-27 20:07:10,947 - ontorum.api - INFO - Created mock scoop with ID: f53fd5e8-2d6d-450f-a62f-0b2e5e0b9fa8
2025-01-27 20:07:10,970 - ontorum.api - WARNING - Failed to connect to database: Using mock data for development. Using mock data.
2025-01-27 20:07:11,005 - ontorum.api - INFO -   Dimensions: [UUID('67e29558-1a4a-408e-9cab-ec6b0ad4412f'), UUID('a1a98904-7460-4b43-8a20-2cbe7c69b25e'), UUID('b97a827a-dd60-48b6-9a22-f8c8d0b6463a')]
2025-01-27 20:07:11,009 - ontorum.example - INFO - Created new dimension: Material
2025-01-27 20:07:11,005 - ontorum.api - INFO - Created mock scoop with ID: 7f4fc1bd-806e-468c-998d-864edf6c6a50
2025-01-27 20:07:11,011 - ontorum.api - INFO -   Sub-entities: []
2025-01-27 20:07:11,009 - ontorum.example - INFO - Creating new universal: Ice Cream Scoop
2025-01-27 20:07:11,030 - ontorum.example - INFO - Created new dimension: Temperature
2025-01-27 20:07:11,039 - ontorum.api - INFO - Mock data initialization complete
2025-01-27 20:07:11,063 - ontorum.example - INFO - Added dimension Cleanliness to universal Ice Cream Scoop
2025-01-27 20:07:11,039 - ontorum.example - INFO - Creating new universal: Ice Cream Scoop
2025-01-27 20:07:11,073 - ontorum.api - INFO - Mock data initialized with 16 nodes
2025-01-27 20:07:11,063 - ontorum.example - INFO - Created new dimension: Cleanliness
2025-01-27 20:07:11,076 - ontorum.api - INFO - API starting up
2025-01-27 20:07:11,077 - ontorum.example - INFO - Created new state: Clean for Cleanliness
2025-01-27 20:07:11,105 - ontorum.api - INFO - Mock data nodes:
2025-01-27 20:07:11,116 - ontorum.api - INFO - Using mock data
2025-01-27 20:07:11,116 - ontorum.example - INFO - Created new state: Dirty for Cleanliness
2025-01-27 20:07:11,098 - ontorum.example - INFO - Created new dimension: Cleanliness
2025-01-27 20:07:11,126 - ontorum.api - INFO -   NodeType.PARTICULAR - Ice Cream Scoop #12 (73c6ba70-6c59-4f67-bfb0-723fd3a2fc4f)
2025-01-27 20:07:11,115 - ontorum.example - INFO - Created new dimension: Material
2025-01-27 20:07:11,134 - ontorum.api - INFO - Starting mock data initialization
2025-01-27 20:07:11,135 - ontorum.example - INFO - Created new state: Sanitized for Cleanliness
2025-01-27 20:07:11,139 - ontorum.api - INFO -     Universal: df891e88-6d70-4c10-947d-2a95431535b6
2025-01-27 20:07:11,147 - ontorum.example - INFO - Initialized IceCreamScoopExpander
2025-01-27 20:07:11,149 - ontorum.example - INFO - Added dimension Material to universal Ice Cream Scoop
2025-01-27 20:07:11,135 - ontorum.example - INFO - Created new dimension: Material
2025-01-27 20:07:11,174 - ontorum.api - INFO -     Dimensions: [UUID('67e29558-1a4a-408e-9cab-ec6b0ad4412f'), UUID('a1a98904-7460-4b43-8a20-2cbe7c69b25e'), UUID('b97a827a-dd60-48b6-9a22-f8c8d0b6463a')]
2025-01-27 20:07:11,146 - ontorum.example - INFO - Created new dimension: Temperature
2025-01-27 20:07:11,180 - ontorum.api - INFO - Created mock scoop with ID: 7fecfb1f-b18e-47f7-b5ce-b64952b689bb
2025-01-27 20:07:11,183 - ontorum.example - INFO - Created new state: Stainless Steel for Material
2025-01-27 20:07:11,187 - ontorum.api - INFO -   NodeType.UNIVERSAL - Ice Cream Scoop (df891e88-6d70-4c10-947d-2a95431535b6)
2025-01-27 20:07:11,198 - ontorum.example - INFO - Creating new universal: Ice Cream Scoop
2025-01-27 20:07:11,183 - ontorum.example - INFO - Created new dimension: Temperature
2025-01-27 20:07:11,230 - ontorum.example - INFO - Created new state: Aluminum for Material
2025-01-27 20:07:11,238 - ontorum.api - INFO -     Dimensions: [UUID('67e29558-1a4a-408e-9cab-ec6b0ad4412f'), UUID('a1a98904-7460-4b43-8a20-2cbe7c69b25e'), UUID('b97a827a-dd60-48b6-9a22-f8c8d0b6463a')]
2025-01-27 20:07:11,189 - ontorum.example - INFO - Added dimension Cleanliness to universal Ice Cream Scoop
2025-01-27 20:07:11,241 - ontorum.example - INFO - Created new dimension: Cleanliness
2025-01-27 20:07:11,245 - ontorum.example - INFO - Created new state: Plastic for Material
2025-01-27 20:07:11,264 - ontorum.api - INFO -   NodeType.DIMENSION - Cleanliness (67e29558-1a4a-408e-9cab-ec6b0ad4412f)
2025-01-27 20:07:11,283 - ontorum.example - INFO - Created new dimension: Material
2025-01-27 20:07:11,245 - ontorum.example - INFO - Added dimension Cleanliness to universal Ice Cream Scoop
2025-01-27 20:07:11,286 - ontorum.example - INFO - Added dimension Temperature to universal Ice Cream Scoop
2025-01-27 20:07:11,264 - ontorum.example - INFO - Created new state: Clean for Cleanliness
2025-01-27 20:07:11,294 - ontorum.api - INFO -     States: [UUID('27123e22-9f0b-463c-9df3-764721b8a987'), UUID('a8c787e6-7a34-40a4-b890-879ac9d8195f'), UUID('71ffdcee-79b5-4d77-962f-a1e38be7ee0e')]
2025-01-27 20:07:11,300 - ontorum.api - WARNING - Failed to connect to database: Using mock data for development. Using mock data.
2025-01-27 20:07:11,312 - ontorum.example - INFO - Created new dimension: Temperature
2025-01-27 20:07:11,316 - ontorum.example - INFO - Created new state: Cold for Temperature
2025-01-27 20:07:11,318 - ontorum.api - INFO -   NodeType.STATE - Clean (27123e22-9f0b-463c-9df3-764721b8a987)
2025-01-27 20:07:11,325 - ontorum.example - INFO - Added dimension Cleanliness to universal Ice Cream Scoop
2025-01-27 20:07:11,313 - ontorum.example - INFO - Created new state: Clean for Cleanliness
2025-01-27 20:07:11,329 - ontorum.example - INFO - Created new state: Room Temperature for Temperature
2025-01-27 20:07:11,317 - ontorum.example - INFO - Created new state: Dirty for Cleanliness
2025-01-27 20:07:11,335 - ontorum.api - INFO -   NodeType.STATE - Dirty (a8c787e6-7a34-40a4-b890-879ac9d8195f)
2025-01-27 20:07:11,336 - ontorum.example - INFO - Created new state: Clean for Cleanliness
2025-01-27 20:07:11,343 - ontorum.example - INFO - Created new state: Hot for Temperature
2025-01-27 20:07:11,346 - ontorum.api - INFO -   NodeType.STATE - Sanitized (71ffdcee-79b5-4d77-962f-a1e38be7ee0e)
2025-01-27 20:07:11,349 - ontorum.example - INFO - Created new state: Dirty for Cleanliness
2025-01-27 20:07:11,337 - ontorum.example - INFO - Created new state: Dirty for Cleanliness
2025-01-27 20:07:11,366 - ontorum.example - INFO - Discovered dimensions for Ice Cream Scoop #12 from universal
2025-01-27 20:07:11,345 - ontorum.example - INFO - Created new state: Sanitized for Cleanliness
2025-01-27 20:07:11,434 - ontorum.api - INFO -   NodeType.DIMENSION - Material (a1a98904-7460-4b43-8a20-2cbe7c69b25e)
2025-01-27 20:07:11,435 - ontorum.example - INFO - Created new state: Sanitized for Cleanliness
2025-01-27 20:07:11,440 - ontorum.example - INFO - Creating sub-entities for Ice Cream Scoop #12
2025-01-27 20:07:11,470 - ontorum.api - INFO - API starting up
2025-01-27 20:07:11,470 - ontorum.api - INFO -     States: [UUID('ec1eb7c6-1caa-432c-8f65-1c142ba492b7'), UUID('4fd731b8-8f96-4dd6-84cc-47de61b54c6e'), UUID('237aa195-28f5-43c0-8853-fb9acdfe1ad8')]
2025-01-27 20:07:11,471 - ontorum.example - INFO - Added dimension Material to universal Ice Cream Scoop
2025-01-27 20:07:11,436 - ontorum.example - INFO - Created new state: Sanitized for Cleanliness
2025-01-27 20:07:11,478 - ontorum.example - INFO - Found existing universal: Ice Cream Scoop
2025-01-27 20:07:11,468 - ontorum.example - INFO - Added dimension Material to universal Ice Cream Scoop
2025-01-27 20:07:11,485 - ontorum.api - WARNING - Failed to connect to database: Using mock data for development. Using mock data.
2025-01-27 20:07:11,487 - ontorum.api - INFO - Using mock data
2025-01-27 20:07:11,487 - ontorum.api - INFO -   NodeType.STATE - Stainless Steel (ec1eb7c6-1caa-432c-8f65-1c142ba492b7)
2025-01-27 20:07:11,488 - ontorum.example - INFO - Created new state: Stainless Steel for Material
2025-01-27 20:07:11,505 - ontorum.example - INFO - Discovered dimensions for Ice Cream Scoop #12 Handle from universal
2025-01-27 20:07:11,518 - ontorum.example - INFO - Created new state: Aluminum for Material
2025-01-27 20:07:11,515 - ontorum.api - INFO -   NodeType.STATE - Aluminum (4fd731b8-8f96-4dd6-84cc-47de61b54c6e)
2025-01-27 20:07:11,514 - ontorum.api - INFO - Starting mock data initialization
2025-01-27 20:07:11,492 - ontorum.example - INFO - Added dimension Material to universal Ice Cream Scoop
2025-01-27 20:07:11,508 - ontorum.example - INFO - Created new state: Stainless Steel for Material
2025-01-27 20:07:11,555 - ontorum.example - INFO - Found existing universal: Ice Cream Scoop
2025-01-27 20:07:11,555 - ontorum.example - INFO - Created new state: Plastic for Material
2025-01-27 20:07:11,556 - ontorum.api - INFO -   NodeType.STATE - Plastic (237aa195-28f5-43c0-8853-fb9acdfe1ad8)
2025-01-27 20:07:11,556 - ontorum.example - INFO - Initialized IceCreamScoopExpander
2025-01-27 20:07:11,594 - ontorum.example - INFO - Discovered dimensions for Ice Cream Scoop #12 Bowl from universal
2025-01-27 20:07:11,596 - ontorum.example - INFO - Added dimension Temperature to universal Ice Cream Scoop
2025-01-27 20:07:11,557 - ontorum.example - INFO - Created new state: Stainless Steel for Material
2025-01-27 20:07:11,596 - ontorum.api - INFO -   NodeType.DIMENSION - Temperature (b97a827a-dd60-48b6-9a22-f8c8d0b6463a)
2025-01-27 20:07:11,597 - ontorum.api - INFO - Created mock scoop with ID: 517c7154-938b-4dd2-909a-c5b42de75de7
2025-01-27 20:07:11,581 - ontorum.example - INFO - Created new state: Aluminum for Material
2025-01-27 20:07:11,610 - ontorum.api - INFO - Initialized mock data with 16 nodes
2025-01-27 20:07:11,633 - ontorum.example - INFO - Created new state: Cold for Temperature
2025-01-27 20:07:11,645 - ontorum.api - INFO -     States: [UUID('2efbb35d-cd50-434b-b974-03c9aefb3d93'), UUID('c90550a0-97c0-40dd-97ee-ea50d29c59dc'), UUID('7947d85c-3d9b-487d-814a-788d68edb3ae')]
2025-01-27 20:07:11,646 - ontorum.example - INFO - Creating new universal: Ice Cream Scoop
2025-01-27 20:07:11,600 - ontorum.api - WARNING - Failed to connect to database: Using mock data for development. Using mock data.
2025-01-27 20:07:11,648 - ontorum.api - INFO - Mock node: NodeType.PARTICULAR - Ice Cream Scoop #12 (a5c284d2-883f-4303-9760-606872abde81)
2025-01-27 20:07:11,651 - ontorum.example - INFO - Created new state: Room Temperature for Temperature
2025-01-27 20:07:11,644 - ontorum.example - INFO - Created new state: Aluminum for Material
2025-01-27 20:07:11,654 - ontorum.api - INFO -   NodeType.STATE - Cold (2efbb35d-cd50-434b-b974-03c9aefb3d93)
2025-01-27 20:07:11,655 - ontorum.example - INFO - Created new dimension: Cleanliness
2025-01-27 20:07:11,647 - ontorum.example - INFO - Created new state: Plastic for Material
2025-01-27 20:07:11,675 - ontorum.api - INFO -   Universal: b13630d9-e8be-4e80-aa86-422de8fa8927
2025-01-27 20:07:11,681 - ontorum.example - INFO - Created new state: Hot for Temperature
2025-01-27 20:07:11,687 - ontorum.api - INFO -   NodeType.STATE - Room Temperature (c90550a0-97c0-40dd-97ee-ea50d29c59dc)
2025-01-27 20:07:11,689 - ontorum.example - INFO - Created new dimension: Material
2025-01-27 20:07:11,657 - ontorum.api - WARNING - Failed to connect to database: Using mock data for development. Using mock data.
2025-01-27 20:07:11,693 - ontorum.api - INFO -   Dimensions: [UUID('82e7c02a-f2c5-4b35-bf75-d8ca718dbc51'), UUID('55ed1e34-2ff9-425f-825d-1913ca5f1a36'), UUID('fac7ca4d-67e1-4a2d-a287-1b7985b4687c')]
2025-01-27 20:07:11,681 - ontorum.api - INFO - API starting up
2025-01-27 20:07:11,694 - ontorum.example - INFO - Discovered dimensions for Ice Cream Scoop #12 from universal
2025-01-27 20:07:11,682 - ontorum.example - INFO - Created new state: Plastic for Material
2025-01-27 20:07:11,700 - ontorum.example - INFO - Created new dimension: Temperature
2025-01-27 20:07:11,700 - ontorum.api - INFO -   NodeType.STATE - Hot (7947d85c-3d9b-487d-814a-788d68edb3ae)
2025-01-27 20:07:11,691 - ontorum.example - INFO - Added dimension Temperature to universal Ice Cream Scoop
2025-01-27 20:07:11,715 - ontorum.api - INFO - API starting up
2025-01-27 20:07:11,719 - ontorum.example - INFO - Creating sub-entities for Ice Cream Scoop #12
2025-01-27 20:07:11,719 - ontorum.api - INFO -   Sub-entities: [UUID('1233cde2-72ef-4e64-9b52-85a632ab1590'), UUID('5e26e123-1110-469b-9a65-78192832f7cd')]
2025-01-27 20:07:11,722 - ontorum.example - INFO - Added dimension Cleanliness to universal Ice Cream Scoop
2025-01-27 20:07:11,722 - ontorum.api - INFO -   NodeType.PARTICULAR - Ice Cream Scoop #12 Handle (d806d0b6-e84a-4611-8b44-cf10f6f50e7e)
2025-01-27 20:07:11,727 - ontorum.api - INFO - Using mock data
2025-01-27 20:07:11,719 - ontorum.api - INFO - Using mock data
2025-01-27 20:07:11,729 - ontorum.api - INFO - Mock node: NodeType.UNIVERSAL - Ice Cream Scoop (b13630d9-e8be-4e80-aa86-422de8fa8927)
2025-01-27 20:07:11,729 - ontorum.example - INFO - Found existing universal: Ice Cream Scoop
2025-01-27 20:07:11,721 - ontorum.example - INFO - Added dimension Temperature to universal Ice Cream Scoop
2025-01-27 20:07:11,736 - ontorum.example - INFO - Created new state: Clean for Cleanliness
2025-01-27 20:07:11,740 - ontorum.api - INFO -     Universal: df891e88-6d70-4c10-947d-2a95431535b6
2025-01-27 20:07:11,727 - ontorum.example - INFO - Created new state: Cold for Temperature
2025-01-27 20:07:11,751 - ontorum.api - INFO - Starting mock data initialization
2025-01-27 20:07:11,754 - ontorum.api - INFO - Mock node: NodeType.DIMENSION - Cleanliness (82e7c02a-f2c5-4b35-bf75-d8ca718dbc51)
2025-01-27 20:07:11,755 - ontorum.example - INFO - Discovered dimensions for Ice Cream Scoop #12 Handle from universal
2025-01-27 20:07:11,758 - ontorum.example - INFO - Created new state: Dirty for Cleanliness
2025-01-27 20:07:11,760 - ontorum.api - INFO -     Dimensions: [UUID('67e29558-1a4a-408e-9cab-ec6b0ad4412f'), UUID('a1a98904-7460-4b43-8a20-2cbe7c69b25e'), UUID('b97a827a-dd60-48b6-9a22-f8c8d0b6463a')]
2025-01-27 20:07:11,764 - ontorum.example - INFO - Created new state: Room Temperature for Temperature
2025-01-27 20:07:11,765 - ontorum.api - INFO - API starting up
2025-01-27 20:07:11,766 - ontorum.example - INFO - Initialized IceCreamScoopExpander
2025-01-27 20:07:11,753 - ontorum.api - INFO - Starting mock data initialization
2025-01-27 20:07:11,771 - ontorum.api - INFO -   States: [UUID('99be5f54-219c-42bd-b108-ca0345e67ae8'), UUID('65636e0c-cf5b-47b0-94a9-6bd0a2161ebb'), UUID('5d79e152-68bc-418a-8132-6ea694baa828')]
2025-01-27 20:07:11,756 - ontorum.example - INFO - Created new state: Cold for Temperature
2025-01-27 20:07:11,774 - ontorum.example - INFO - Found existing universal: Ice Cream Scoop
2025-01-27 20:07:11,775 - ontorum.example - INFO - Created new state: Sanitized for Cleanliness
2025-01-27 20:07:11,775 - ontorum.api - INFO -   NodeType.PARTICULAR - Ice Cream Scoop #12 Bowl (8e00d552-258b-4f1f-b5ff-63d95764c65c)
2025-01-27 20:07:11,798 - ontorum.example - INFO - Created new state: Hot for Temperature
2025-01-27 20:07:11,800 - ontorum.api - INFO - Using mock data
2025-01-27 20:07:11,801 - ontorum.api - INFO - Created mock scoop with ID: ef158946-d97e-42ae-8f4a-00de02744bc7
2025-01-27 20:07:11,802 - ontorum.api - INFO - Mock node: NodeType.STATE - Clean (99be5f54-219c-42bd-b108-ca0345e67ae8)
2025-01-27 20:07:11,803 - ontorum.example - INFO - Discovered dimensions for Ice Cream Scoop #12 Bowl from universal
2025-01-27 20:07:11,806 - ontorum.example - INFO - Added dimension Material to universal Ice Cream Scoop
2025-01-27 20:07:11,806 - ontorum.api - INFO -     Universal: df891e88-6d70-4c10-947d-2a95431535b6
2025-01-27 20:07:11,807 - ontorum.example - INFO - Discovered dimensions for Ice Cream Scoop #12 from universal
2025-01-27 20:07:11,808 - ontorum.api - INFO - Starting mock data initialization
2025-01-27 20:07:11,801 - ontorum.example - INFO - Initialized IceCreamScoopExpander
2025-01-27 20:07:11,811 - ontorum.example - INFO - Creating new universal: Ice Cream Scoop
2025-01-27 20:07:11,802 - ontorum.example - INFO - Created new state: Room Temperature for Temperature
2025-01-27 20:07:11,812 - ontorum.api - INFO - Mock node: NodeType.STATE - Dirty (65636e0c-cf5b-47b0-94a9-6bd0a2161ebb)
2025-01-27 20:07:11,813 - ontorum.api - INFO - Initialized mock data with 16 nodes
2025-01-27 20:07:11,815 - ontorum.example - INFO - Created new state: Stainless Steel for Material
2025-01-27 20:07:11,816 - ontorum.api - INFO -     Dimensions: [UUID('67e29558-1a4a-408e-9cab-ec6b0ad4412f'), UUID('a1a98904-7460-4b43-8a20-2cbe7c69b25e'), UUID('b97a827a-dd60-48b6-9a22-f8c8d0b6463a')]
2025-01-27 20:07:11,842 - ontorum.example - INFO - Creating sub-entities for Ice Cream Scoop #12
2025-01-27 20:07:11,843 - ontorum.example - INFO - Initialized IceCreamScoopExpander
2025-01-27 20:07:11,851 - ontorum.example - INFO - Created new dimension: Cleanliness
2025-01-27 20:07:11,853 - ontorum.api - INFO - Mock node: NodeType.STATE - Sanitized (5d79e152-68bc-418a-8132-6ea694baa828)
2025-01-27 20:07:11,854 - ontorum.api - INFO - Mock node: NodeType.PARTICULAR - Ice Cream Scoop #12 (7fecfb1f-b18e-47f7-b5ce-b64952b689bb)
2025-01-27 20:07:11,858 - ontorum.example - INFO - Created new state: Aluminum for Material
2025-01-27 20:07:11,862 - ontorum.example - INFO - Found existing universal: Ice Cream Scoop
2025-01-27 20:07:11,866 - ontorum.api - INFO - Created mock scoop with ID: 5623b369-ae88-41da-9b65-8fe657cc0795
2025-01-27 20:07:11,851 - ontorum.api - INFO - Created mock scoop with ID: db373940-5e09-4665-8423-b2ca36cd7c1d
2025-01-27 20:07:11,873 - ontorum.example - INFO - Created new dimension: Material
2025-01-27 20:07:11,852 - ontorum.example - INFO - Created new state: Hot for Temperature
2025-01-27 20:07:11,879 - ontorum.api - INFO - Mock node: NodeType.DIMENSION - Material (55ed1e34-2ff9-425f-825d-1913ca5f1a36)
2025-01-27 20:07:11,886 - ontorum.api - INFO -   Universal: f017bd1a-f0e7-43fb-ac55-f26f53b95536
2025-01-27 20:07:11,888 - ontorum.example - INFO - Created new state: Plastic for Material
2025-01-27 20:07:11,890 - ontorum.example - INFO - Discovered dimensions for Ice Cream Scoop #12 Handle from universal
2025-01-27 20:07:11,893 - ontorum.example - INFO - Creating new universal: Ice Cream Scoop
2025-01-27 20:07:11,904 - ontorum.example - INFO - Created new dimension: Temperature
2025-01-27 20:07:11,905 - ontorum.api - INFO -   States: [UUID('30d3c9f2-133d-4e6d-9195-3c52c69723c8'), UUID('391c2c2e-e9c5-4815-9b8c-c3fb57c86471'), UUID('369c954c-8ecc-4bff-9cb8-4fad8b26b544')]
2025-01-27 20:07:11,910 - ontorum.api - INFO -   Dimensions: [UUID('cc1183f9-1945-4e73-915e-34e059c418a6'), UUID('fa311d67-97df-4587-b123-958f9c2a4cd6'), UUID('d3a7a5e2-eba8-428d-954b-be74c6e8bbef')]
2025-01-27 20:07:11,916 - ontorum.example - INFO - Added dimension Temperature to universal Ice Cream Scoop
2025-01-27 20:07:11,918 - ontorum.example - INFO - Found existing universal: Ice Cream Scoop
2025-01-27 20:07:11,918 - ontorum.example - INFO - Created new dimension: Cleanliness
2025-01-27 20:07:11,903 - ontorum.example - INFO - Creating new universal: Ice Cream Scoop
2025-01-27 20:07:11,930 - ontorum.example - INFO - Added dimension Cleanliness to universal Ice Cream Scoop
2025-01-27 20:07:11,905 - ontorum.example - INFO - Discovered dimensions for Ice Cream Scoop #12 from universal
2025-01-27 20:07:11,933 - ontorum.api - INFO - Mock node: NodeType.STATE - Stainless Steel (30d3c9f2-133d-4e6d-9195-3c52c69723c8)
2025-01-27 20:07:11,934 - ontorum.api - INFO -   Sub-entities: [UUID('16a22d84-4ffd-4454-bbb0-c691621646d2'), UUID('5dd7952c-56d4-4ed3-bd8e-486d21bb9c9e')]
2025-01-27 20:07:11,939 - ontorum.example - INFO - Created new state: Cold for Temperature
2025-01-27 20:07:11,943 - ontorum.example - INFO - Discovered dimensions for Ice Cream Scoop #12 Bowl from universal
2025-01-27 20:07:11,944 - ontorum.example - INFO - Created new dimension: Material
2025-01-27 20:07:11,948 - ontorum.example - INFO - Created new state: Clean for Cleanliness
2025-01-27 20:07:11,951 - ontorum.api - INFO - Mock node: NodeType.STATE - Aluminum (391c2c2e-e9c5-4815-9b8c-c3fb57c86471)
2025-01-27 20:07:11,948 - ontorum.example - INFO - Creating sub-entities for Ice Cream Scoop #12
ture
-f0e7-43fb-ac55-f26f53b95536)
2025-01-27 20:07:11,998 - ontorum.example - INFO - Created new state: Hot for Temperature
2025-01-27 20:07:11,998 - ontorum.api - INFO - Mock node: NodeType.DIMENSION - Cleanliness (cc1183f9-1945-4e73-915e-34e059c418a6)
2025-01-27 20:07:11,998 - ontorum.api - INFO - Mock node: NodeType.PARTICULAR - Ice Cream Scoop #12 (f53fd5e8-2d6d-450f-a62f-0b2e5e0b9fa8)
2025-01-27 20:07:11,998 - ontorum.example - INFO - Added dimension Cleanliness to universal Ice Cream Scoop
2025-01-27 20:07:11,998 - ontorum.example - INFO - Created new state: Sanitized for Cleanliness
2025-01-27 20:07:12,000 - ontorum.example - INFO - Discovered dimensions for Ice Cream Scoop #12 from universal
2025-01-27 20:07:12,000 - ontorum.api - INFO -   Universal: 31a1913a-bcc7-4045-aa38-24876745700c
2025-01-27 20:07:12,001 - ontorum.example - INFO - Created new state: Clean for Cleanliness
2025-01-27 20:07:12,001 - ontorum.example - INFO - Creating sub-entities for Ice Cream Scoop #12
2025-01-27 20:07:12,001 - ontorum.example - INFO - Created new state: Dirty for Cleanliness
2025-01-27 20:07:12,001 - ontorum.api - INFO -   Dimensions: [UUID('73c1dc6c-5b52-46d8-a973-0335c77849c6'), UUID('8527be5c-b1dc-429f-8507-61509c2cbdc4'), UUID('6b51f07a-1017-4864-a13d-7d681a393fe3')]
2025-01-27 20:07:12,002 - ontorum.example - INFO - Created new state: Sanitized for Cleanliness
2025-01-27 20:07:11,984 - ontorum.api - INFO - Mock node: NodeType.STATE - Plastic (369c954c-8ecc-4bff-9cb8-4fad8b26b544)
2025-01-27 20:07:11,998 - ontorum.example - INFO - Created new dimension: Material
2025-01-27 20:07:11,999 - ontorum.example - INFO - Found existing universal: Ice Cream Scoop
2025-01-27 20:07:11,999 - ontorum.api - WARNING - Failed to connect to database: Using mock data for development. Using mock data.
2025-01-27 20:07:12,000 - ontorum.api - INFO -   States: [UUID('e91279d6-d8d4-42f3-8874-a5ffba4f7895'), UUID('0d619bfd-7c4f-478b-8455-d82f3e97fb90'), UUID('f6b92dcc-0a15-4eec-9692-560dc20f6411')]
2025-01-27 20:07:12,001 - ontorum.example - INFO - Added dimension Material to universal Ice Cream Scoop
2025-01-27 20:07:12,002 - ontorum.example - INFO - Found existing universal: Ice Cream Scoop
2025-01-27 20:07:12,002 - ontorum.api - INFO -   Sub-entities: [UUID('84464e9b-0979-47d5-9d21-3d2944d41c76'), UUID('8fc2e474-9b4d-45de-8825-941885bc05b9')]
2025-01-27 20:07:12,002 - ontorum.example - INFO - Added dimension Material to universal Ice Cream Scoop
2025-01-27 20:07:12,003 - ontorum.api - INFO - Mock node: NodeType.DIMENSION - Temperature (fac7ca4d-67e1-4a2d-a287-1b7985b4687c)
2025-01-27 20:07:12,011 - ontorum.example - INFO - Created new dimension: Temperature
2025-01-27 20:07:12,034 - ontorum.example - INFO - Added dimension Cleanliness to universal Ice Cream Scoop
2025-01-27 20:07:12,012 - ontorum.example - INFO - Discovered dimensions for Ice Cream Scoop #12 Handle from universal
2025-01-27 20:07:12,019 - ontorum.api - INFO - Mock node: NodeType.STATE - Clean (e91279d6-d8d4-42f3-8874-a5ffba4f7895)
2025-01-27 20:07:12,022 - ontorum.example - INFO - Created new state: Stainless Steel for Material
2025-01-27 20:07:12,024 - ontorum.api - INFO - Mock node: NodeType.UNIVERSAL - Ice Cream Scoop (31a1913a-bcc7-4045-aa38-24876745700c)
2025-01-27 20:07:12,024 - ontorum.example - INFO - Discovered dimensions for Ice Cream Scoop #12 Handle from universal
2025-01-27 20:07:12,025 - ontorum.example - INFO - Created new state: Stainless Steel for Material
2025-01-27 20:07:12,028 - ontorum.api - INFO -   States: [UUID('021e42e2-5720-4d2d-ab08-8773b705b6a9'), UUID('e9a1d95c-09ca-456a-852f-68bcdfec030c'), UUID('2db6cea4-3650-4a3b-ada4-8e000a42385d')]
2025-01-27 20:07:12,035 - ontorum.example - INFO - Found existing universal: Ice Cream Scoop
2025-01-27 20:07:12,036 - ontorum.api - INFO - Mock node: NodeType.STATE - Dirty (0d619bfd-7c4f-478b-8455-d82f3e97fb90)
2025-01-27 20:07:12,037 - ontorum.example - INFO - Created new state: Aluminum for Material
2025-01-27 20:07:12,039 - ontorum.example - INFO - Found existing universal: Ice Cream Scoop
2025-01-27 20:07:12,038 - ontorum.api - INFO - Mock node: NodeType.DIMENSION - Cleanliness (73c1dc6c-5b52-46d8-a973-0335c77849c6)
2025-01-27 20:07:12,040 - ontorum.example - INFO - Created new state: Aluminum for Material
2025-01-27 20:07:12,046 - ontorum.api - INFO - Mock node: NodeType.STATE - Cold (021e42e2-5720-4d2d-ab08-8773b705b6a9)
2025-01-27 20:07:12,034 - ontorum.example - INFO - Created new state: Clean for Cleanliness
2025-01-27 20:07:12,058 - ontorum.example - INFO - Discovered dimensions for Ice Cream Scoop #12 Bowl from universal
2025-01-27 20:07:12,059 - ontorum.api - INFO - Mock node: NodeType.STATE - Sanitized (f6b92dcc-0a15-4eec-9692-560dc20f6411)
2025-01-27 20:07:12,061 - ontorum.example - INFO - Created new state: Plastic for Material
2025-01-27 20:07:12,062 - ontorum.example - INFO - Discovered dimensions for Ice Cream Scoop #12 Bowl from universal
2025-01-27 20:07:12,062 - ontorum.example - INFO - Created new state: Plastic for Material
2025-01-27 20:07:12,062 - ontorum.api - INFO -   States: [UUID('7f31b2d1-748c-420b-b54c-18cfd86362c2'), UUID('5ed6600e-ad16-4526-9a8f-c29fcb19abcd'), UUID('bacf98ff-227b-4eab-9fe0-1779ec4f7ecb')]
2025-01-27 20:07:12,064 - ontorum.api - INFO - Mock node: NodeType.STATE - Room Temperature (e9a1d95c-09ca-456a-852f-68bcdfec030c)
2025-01-27 20:07:12,080 - ontorum.api - INFO - Initialized mock data with 16 nodes
2025-01-27 20:07:12,080 - ontorum.api - INFO - Mock node: NodeType.DIMENSION - Material (fa311d67-97df-4587-b123-958f9c2a4cd6)
2025-01-27 20:07:12,082 - ontorum.example - INFO - Added dimension Temperature to universal Ice Cream Scoop
2025-01-27 20:07:12,082 - ontorum.api - INFO - Initialized mock data with 16 nodes
2025-01-27 20:07:12,083 - ontorum.example - INFO - Added dimension Temperature to universal Ice Cream Scoop
2025-01-27 20:07:12,083 - ontorum.api - INFO - Mock node: NodeType.STATE - Clean (7f31b2d1-748c-420b-b54c-18cfd86362c2)
2025-01-27 20:07:12,085 - ontorum.api - INFO - API starting up
2025-01-27 20:07:12,087 - ontorum.api - INFO - Mock node: NodeType.STATE - Hot (2db6cea4-3650-4a3b-ada4-8e000a42385d)
2025-01-27 20:07:12,068 - ontorum.example - INFO - Created new state: Dirty for Cleanliness
2025-01-27 20:07:12,094 - ontorum.api - INFO - Mock node: NodeType.PARTICULAR - Ice Cream Scoop #12 (7f4fc1bd-806e-468c-998d-864edf6c6a50)
2025-01-27 20:07:12,094 - ontorum.api - INFO -   States: [UUID('021316cd-47ff-4c1a-9dba-169b3a80478b'), UUID('a8e4a1a1-c657-42aa-8b9b-946289aaf6dd'), UUID('676f1f20-af4d-455f-b762-b3b40afd5950')]
2025-01-27 20:07:12,096 - ontorum.example - INFO - Created new state: Cold for Temperature
2025-01-27 20:07:12,097 - ontorum.api - INFO - Mock node: NodeType.PARTICULAR - Ice Cream Scoop #12 (517c7154-938b-4dd2-909a-c5b42de75de7)
2025-01-27 20:07:12,097 - ontorum.example - INFO - Created new state: Cold for Temperature
2025-01-27 20:07:12,098 - ontorum.api - INFO - Mock node: NodeType.STATE - Dirty (5ed6600e-ad16-4526-9a8f-c29fcb19abcd)
2025-01-27 20:07:12,099 - ontorum.api - INFO - Using mock data
2025-01-27 20:07:12,109 - ontorum.api - INFO - Mock node: NodeType.PARTICULAR - Ice Cream Scoop #12 Handle (1233cde2-72ef-4e64-9b52-85a632ab1590)
2025-01-27 20:07:12,118 - ontorum.api - INFO -   Universal: 3f8de6a5-8c10-4c00-bca2-6c002a530b8c
2025-01-27 20:07:12,147 - ontorum.api - INFO -   Dimensions: [UUID('fb7e72ad-39c5-461a-bcef-9476ffec1eda'), UUID('04b0ed71-8a7f-48cf-ae6c-72bb1cff6156'), UUID('c2b76ffc-cd86-4737-b183-42bdea9312ef')]
mScoopExpander
ure
2025-01-27 20:07:12,332 - ontorum.example - INFO - Created new state: Hot for Temperature
2025-01-27 20:07:12,333 - ontorum.example - INFO - Discovered dimensions for Ice Cream Scoop #12 from universal
2025-01-27 20:07:12,333 - ontorum.api - INFO - Created mock scoop with ID: 980be438-3884-4c45-aed8-102791143904
2025-01-27 20:07:12,334 - ontorum.example - INFO - Creating sub-entities for Ice Cream Scoop #12
2025-01-27 20:07:12,332 - ontorum.api - INFO -   Dimensions: [UUID('26f9f3ac-4f1d-44ca-9ab9-993d97c09014'), UUID('1bfeea79-c9ac-4df4-b43c-a218b47037f4'), UUID('a87af224-581e-460f-a83e-c3cb663f7e5c')]
2025-01-27 20:07:12,334 - ontorum.example - INFO - Creating new universal: Ice Cream Scoop
2025-01-27 20:07:12,334 - ontorum.example - INFO - Found existing universal: Ice Cream Scoop
2025-01-27 20:07:12,334 - ontorum.api - INFO -   Sub-entities: [UUID('88ee7e63-b0f5-4314-88e6-6d8ff8df68d5'), UUID('0d9837dd-9253-4f9b-bfaf-58991bb6632c')]
2025-01-27 20:07:12,335 - ontorum.example - INFO - Created new dimension: Cleanliness
Scoop #12 Handle from universal
2025-01-27 20:07:12,335 - ontorum.api - INFO - Mock node: NodeType.UNIVERSAL - Ice Cream Scoop (244aa2d3-594a-4606-83c3-c361c99ce8d3)
2025-01-27 20:07:12,336 - ontorum.example - INFO - Found existing universal: Ice Cream Scoop
2025-01-27 20:07:12,332 - ontorum.api - INFO -   Dimensions: [UUID('82e7c02a-f2c5-4b35-bf75-d8ca718dbc51'), UUID('55ed1e34-2ff9-425f-825d-1913ca5f1a36'), UUID('fac7ca4d-67e1-4a2d-a287-1b7985b4687c')]
2025-01-27 20:07:12,336 - ontorum.example - INFO - Created new dimension: Material
2025-01-27 20:07:12,336 - ontorum.api - INFO - Mock node: NodeType.DIMENSION - Cleanliness (26f9f3ac-4f1d-44ca-9ab9-993d97c09014)
2025-01-27 20:07:12,336 - ontorum.api - INFO -   Sub-entities: []
2025-01-27 20:07:12,336 - ontorum.example - INFO - Discovered dimensions for Ice Cream Scoop #12 Bowl from universal
2025-01-27 20:07:12,336 - ontorum.example - INFO - Created new dimension: Temperature
2025-01-27 20:07:12,332 - ontorum.api - INFO - Mock node: NodeType.DIMENSION - Material (8527be5c-b1dc-429f-8507-61509c2cbdc4)
2025-01-27 20:07:12,337 - ontorum.api - INFO - Mock node: NodeType.PARTICULAR - Ice Cream Scoop #12 Bowl (5e26e123-1110-469b-9a65-78192832f7cd)
2025-01-27 20:07:12,337 - ontorum.api - INFO -   States: [UUID('db1d4a83-56b2-44c4-9184-56468191426a'), UUID('8a8ee03a-77cd-440d-92ec-b531707946e0'), UUID('dbfef7b9-a886-4f09-a2f9-fd56de33afa9')]
2025-01-27 20:07:12,337 - ontorum.api - INFO - Initialized mock data with 16 nodes
2025-01-27 20:07:12,337 - ontorum.example - INFO - Added dimension Cleanliness to universal Ice Cream Scoop
2025-01-27 20:07:12,337 - ontorum.api - INFO -   Universal: b13630d9-e8be-4e80-aa86-422de8fa8927
2025-01-27 20:07:12,337 - ontorum.api - INFO -   States: [UUID('231d5add-24e7-48ae-baee-53ba17f3d7f8'), UUID('c29a96a5-ba5b-489d-b740-2142dbb74d8e'), UUID('632a3e5c-9990-4b55-8cd0-5ee4f674714a')]
2025-01-27 20:07:12,337 - ontorum.api - INFO - Mock node: NodeType.STATE - Clean (db1d4a83-56b2-44c4-9184-56468191426a)
2025-01-27 20:07:12,337 - ontorum.api - INFO - Mock node: NodeType.PARTICULAR - Ice Cream Scoop #12 (5623b369-ae88-41da-9b65-8fe657cc0795)
2025-01-27 20:07:12,338 - ontorum.api - INFO -   Dimensions: [UUID('82e7c02a-f2c5-4b35-bf75-d8ca718dbc51'), UUID('55ed1e34-2ff9-425f-825d-1913ca5f1a36'), UUID('fac7ca4d-67e1-4a2d-a287-1b7985b4687c')]
2025-01-27 20:07:12,338 - ontorum.api - INFO -   Universal: fa1e248a-071c-4b41-b862-8dda35a8dacd
dd-24e7-48ae-baee-53ba17f3d7f8)
2025-01-27 20:07:12,338 - ontorum.api - INFO - Mock node: NodeType.STATE - Dirty (8a8ee03a-77cd-440d-92ec-b531707946e0)
2025-01-27 20:07:12,338 - ontorum.api - INFO -   Sub-entities: []
2025-01-27 20:07:12,339 - ontorum.api - INFO - Mock data initialization complete
m (c29a96a5-ba5b-489d-b740-2142dbb74d8e)
2025-01-27 20:07:12,339 - ontorum.api - INFO - Mock node: NodeType.STATE - Sanitized (dbfef7b9-a886-4f09-a2f9-fd56de33afa9)
2025-01-27 20:07:12,339 - ontorum.api - INFO -   Dimensions: [UUID('1e15fd92-c64c-4693-852d-139c103379f4'), UUID('764a7e51-d1ff-40b4-b2d6-7ca726cf0190'), UUID('be3ea50f-cc42-4628-9ecb-83cbfaea6193')]
2025-01-27 20:07:12,339 - ontorum.api - INFO - Mock data initialized with 16 nodes
2025-01-27 20:07:12,339 - ontorum.api - INFO - Mock node: NodeType.DIMENSION - Material (1bfeea79-c9ac-4df4-b43c-a218b47037f4)
2025-01-27 20:07:12,340 - ontorum.api - INFO -   Sub-entities: [UUID('16c8ca97-47a4-43f5-8289-a2f0035c53b0'), UUID('9361e1b6-bdf1-467d-bc23-f6a4d3dc2c95')]
2025-01-27 20:07:12,340 - ontorum.api - INFO - Mock data nodes:
2025-01-27 20:07:12,340 - ontorum.api - INFO -   States: [UUID('39ca5816-69f3-47b7-b0fa-37c37306ccf6'), UUID('85acc056-1d8a-4dcf-875a-907856c46ec1'), UUID('bbbce35e-2817-4168-858d-f87357213756')]
2025-01-27 20:07:12,340 - ontorum.api - INFO -   NodeType.PARTICULAR - Ice Cream Scoop #12 (a5c284d2-883f-4303-9760-606872abde81)
2025-01-27 20:07:12,340 - ontorum.api - INFO - Mock node: NodeType.UNIVERSAL - Ice Cream Scoop (fa1e248a-071c-4b41-b862-8dda35a8dacd)
2025-01-27 20:07:12,341 - ontorum.api - INFO - Mock node: NodeType.STATE - Stainless Steel (39ca5816-69f3-47b7-b0fa-37c37306ccf6)
2025-01-27 20:07:12,341 - ontorum.api - INFO - Mock node: NodeType.DIMENSION - Cleanliness (1e15fd92-c64c-4693-852d-139c103379f4)
2025-01-27 20:07:12,341 - ontorum.api - INFO - Mock node: NodeType.STATE - Aluminum (85acc056-1d8a-4dcf-875a-907856c46ec1)
2025-01-27 20:07:12,332 - ontorum.api - INFO - Mock node: NodeType.STATE - Aluminum (a8e4a1a1-c657-42aa-8b9b-946289aaf6dd)
2025-01-27 20:07:12,342 - ontorum.api - INFO -   States: [UUID('424f5183-40ac-4884-a4f4-81e5c67b9d84'), UUID('1ca204d3-1589-4746-b244-645968d4ecb5'), UUID('fe43815c-8a1f-4a21-a0e4-650ceb093e3f')]
2025-01-27 20:07:12,342 - ontorum.api - INFO - Mock node: NodeType.STATE - Plastic (bbbce35e-2817-4168-858d-f87357213756)
2025-01-27 20:07:12,342 - ontorum.api - INFO - Mock node: NodeType.STATE - Clean (424f5183-40ac-4884-a4f4-81e5c67b9d84)
2025-01-27 20:07:12,343 - ontorum.api - INFO - Mock node: NodeType.DIMENSION - Temperature (a87af224-581e-460f-a83e-c3cb663f7e5c)
2025-01-27 20:07:12,343 - ontorum.api - INFO - Mock node: NodeType.STATE - Dirty (1ca204d3-1589-4746-b244-645968d4ecb5)
2025-01-27 20:07:12,343 - ontorum.api - INFO -   States: [UUID('1620a0a6-4cd6-4cc0-84ee-87ed3be6633d'), UUID('62292dcc-6891-45f1-9a2b-ba949b8d9339'), UUID('8087e161-e187-4e30-bd62-23fc2d6232cc')]
2025-01-27 20:07:12,344 - ontorum.api - INFO - Mock node: NodeType.STATE - Sanitized (fe43815c-8a1f-4a21-a0e4-650ceb093e3f)
2025-01-27 20:07:12,344 - ontorum.api - INFO - Mock node: NodeType.STATE - Cold (1620a0a6-4cd6-4cc0-84ee-87ed3be6633d)
2025-01-27 20:07:12,344 - ontorum.api - INFO - Mock node: NodeType.DIMENSION - Material (764a7e51-d1ff-40b4-b2d6-7ca726cf0190)
2025-01-27 20:07:12,344 - ontorum.api - INFO - Mock node: NodeType.STATE - Room Temperature (62292dcc-6891-45f1-9a2b-ba949b8d9339)
2025-01-27 20:07:12,345 - ontorum.api - INFO -   States: [UUID('cf6591f5-4c07-43c2-8ba0-5da6b0ef9bad'), UUID('112e26d1-b511-4261-8c93-9fa0dae1b0b2'), UUID('a3c3f2eb-b134-4b70-a749-ed6d44adb8d6')]
2025-01-27 20:07:12,345 - ontorum.api - INFO - Mock node: NodeType.STATE - Hot (8087e161-e187-4e30-bd62-23fc2d6232cc)
2025-01-27 20:07:12,345 - ontorum.api - INFO - Mock node: NodeType.STATE - Stainless Steel (cf6591f5-4c07-43c2-8ba0-5da6b0ef9bad)
2025-01-27 20:07:12,346 - ontorum.api - INFO - Mock node: NodeType.PARTICULAR - Ice Cream Scoop #12 Handle (88ee7e63-b0f5-4314-88e6-6d8ff8df68d5)
2025-01-27 20:07:12,346 - ontorum.api - INFO -   Universal: 244aa2d3-594a-4606-83c3-c361c99ce8d3
2025-01-27 20:07:12,346 - ontorum.api - INFO - Mock node: NodeType.STATE - Aluminum (112e26d1-b511-4261-8c93-9fa0dae1b0b2)
2025-01-27 20:07:12,346 - ontorum.api - INFO - Mock node: NodeType.STATE - Plastic (a3c3f2eb-b134-4b70-a749-ed6d44adb8d6)
2025-01-27 20:07:12,346 - ontorum.api - INFO -   Dimensions: [UUID('26f9f3ac-4f1d-44ca-9ab9-993d97c09014'), UUID('1bfeea79-c9ac-4df4-b43c-a218b47037f4'), UUID('a87af224-581e-460f-a83e-c3cb663f7e5c')]
2025-01-27 20:07:12,347 - ontorum.api - INFO - Mock node: NodeType.DIMENSION - Temperature (be3ea50f-cc42-4628-9ecb-83cbfaea6193)
2025-01-27 20:07:12,347 - ontorum.api - INFO -   Sub-entities: []
2025-01-27 20:07:12,348 - ontorum.api - INFO -   States: [UUID('1b14103b-ff57-4af0-9655-5cab664eacd9'), UUID('19faa020-c79f-4d17-b9bc-1034acf58a93'), UUID('1aff5012-45ac-4347-9cf7-d3cb7abd279c')]
2025-01-27 20:07:12,348 - ontorum.api - INFO - Mock node: NodeType.PARTICULAR - Ice Cream Scoop #12 Bowl (0d9837dd-9253-4f9b-bfaf-58991bb6632c)
2025-01-27 20:07:12,348 - ontorum.api - INFO -   Universal: 244aa2d3-594a-4606-83c3-c361c99ce8d3
2025-01-27 20:07:12,348 - ontorum.api - INFO - Mock node: NodeType.STATE - Cold (1b14103b-ff57-4af0-9655-5cab664eacd9)
2025-01-27 20:07:12,349 - ontorum.api - INFO -   Dimensions: [UUID('26f9f3ac-4f1d-44ca-9ab9-993d97c09014'), UUID('1bfeea79-c9ac-4df4-b43c-a218b47037f4'), UUID('a87af224-581e-460f-a83e-c3cb663f7e5c')]
2025-01-27 20:07:12,349 - ontorum.api - INFO - Mock node: NodeType.STATE - Room Temperature (19faa020-c79f-4d17-b9bc-1034acf58a93)
2025-01-27 20:07:12,349 - ontorum.api - INFO -   Sub-entities: []
2025-01-27 20:07:12,349 - ontorum.api - INFO - Mock node: NodeType.STATE - Hot (1aff5012-45ac-4347-9cf7-d3cb7abd279c)
2025-01-27 20:07:12,350 - ontorum.api - INFO - Mock data initialization complete
2025-01-27 20:07:12,350 - ontorum.api - INFO - Mock data initialized with 16 nodes
2025-01-27 20:07:12,350 - ontorum.api - INFO - Mock node: NodeType.PARTICULAR - Ice Cream Scoop #12 Handle (16c8ca97-47a4-43f5-8289-a2f0035c53b0)
2025-01-27 20:07:12,350 - ontorum.api - INFO - Mock data nodes:
2025-01-27 20:07:12,351 - ontorum.api - INFO -   Universal: fa1e248a-071c-4b41-b862-8dda35a8dacd
2025-01-27 20:07:12,351 - ontorum.api - INFO -   NodeType.PARTICULAR - Ice Cream Scoop #12 (517c7154-938b-4dd2-909a-c5b42de75de7)
2025-01-27 20:07:12,351 - ontorum.api - INFO -   Dimensions: [UUID('1e15fd92-c64c-4693-852d-139c103379f4'), UUID('764a7e51-d1ff-40b4-b2d6-7ca726cf0190'), UUID('be3ea50f-cc42-4628-9ecb-83cbfaea6193')]
2025-01-27 20:07:12,352 - ontorum.api - INFO -     Universal: 244aa2d3-594a-4606-83c3-c361c99ce8d3
2025-01-27 20:07:12,352 - ontorum.api - INFO -     Dimensions: [UUID('26f9f3ac-4f1d-44ca-9ab9-993d97c09014'), UUID('1bfeea79-c9ac-4df4-b43c-a218b47037f4'), UUID('a87af224-581e-460f-a83e-c3cb663f7e5c')]
2025-01-27 20:07:12,353 - ontorum.api - INFO -   Universal: fa1e248a-071c-4b41-b862-8dda35a8dacd
2025-01-27 20:07:12,353 - ontorum.api - INFO -   NodeType.UNIVERSAL - Ice Cream Scoop (244aa2d3-594a-4606-83c3-c361c99ce8d3)
2025-01-27 20:07:12,353 - ontorum.api - INFO -   Dimensions: [UUID('1e15fd92-c64c-4693-852d-139c103379f4'), UUID('764a7e51-d1ff-40b4-b2d6-7ca726cf0190'), UUID('be3ea50f-cc42-4628-9ecb-83cbfaea6193')]
2025-01-27 20:07:12,354 - ontorum.api - INFO -     Dimensions: [UUID('26f9f3ac-4f1d-44ca-9ab9-993d97c09014'), UUID('1bfeea79-c9ac-4df4-b43c-a218b47037f4'), UUID('a87af224-581e-460f-a83e-c3cb663f7e5c')]
2025-01-27 20:07:12,354 - ontorum.api - INFO -   Sub-entities: []
2025-01-27 20:07:12,354 - ontorum.api - INFO -   NodeType.DIMENSION - Cleanliness (26f9f3ac-4f1d-44ca-9ab9-993d97c09014)
2025-01-27 20:07:12,354 - ontorum.api - INFO - Mock data initialization complete
2025-01-27 20:07:12,355 - ontorum.api - INFO - Mock data initialized with 16 nodes
2025-01-27 20:07:12,355 - ontorum.api - INFO -     States: [UUID('db1d4a83-56b2-44c4-9184-56468191426a'), UUID('8a8ee03a-77cd-440d-92ec-b531707946e0'), UUID('dbfef7b9-a886-4f09-a2f9-fd56de33afa9')]
2025-01-27 20:07:12,355 - ontorum.api - INFO - Mock data nodes:
2025-01-27 20:07:12,356 - ontorum.api - INFO -   NodeType.PARTICULAR - Ice Cream Scoop #12 (5623b369-ae88-41da-9b65-8fe657cc0795)
2025-01-27 20:07:12,356 - ontorum.api - INFO -     Universal: fa1e248a-071c-4b41-b862-8dda35a8dacd
2025-01-27 20:07:12,357 - ontorum.api - INFO -     Dimensions: [UUID('1e15fd92-c64c-4693-852d-139c103379f4'), UUID('764a7e51-d1ff-40b4-b2d6-7ca726cf0190'), UUID('be3ea50f-cc42-4628-9ecb-83cbfaea6193')]
2025-01-27 20:07:12,357 - ontorum.api - INFO -   NodeType.UNIVERSAL - Ice Cream Scoop (fa1e248a-071c-4b41-b862-8dda35a8dacd)
2025-01-27 20:07:12,358 - ontorum.api - INFO -     Dimensions: [UUID('1e15fd92-c64c-4693-852d-139c103379f4'), UUID('764a7e51-d1ff-40b4-b2d6-7ca726cf0190'), UUID('be3ea50f-cc42-4628-9ecb-83cbfaea6193')]
2025-01-27 20:07:12,359 - ontorum.api - INFO -   NodeType.DIMENSION - Cleanliness (1e15fd92-c64c-4693-852d-139c103379f4)
2025-01-27 20:07:12,332 - ontorum.example - INFO - Added dimension Material to universal Ice Cream Scoop
2025-01-27 20:07:12,359 - ontorum.api - INFO -     States: [UUID('424f5183-40ac-4884-a4f4-81e5c67b9d84'), UUID('1ca204d3-1589-4746-b244-645968d4ecb5'), UUID('fe43815c-8a1f-4a21-a0e4-650ceb093e3f')]
2025-01-27 20:07:12,360 - ontorum.api - INFO -   NodeType.STATE - Clean (424f5183-40ac-4884-a4f4-81e5c67b9d84)
2025-01-27 20:07:12,342 - ontorum.api - INFO - Mock node: NodeType.STATE - Plastic (676f1f20-af4d-455f-b762-b3b40afd5950)
2025-01-27 20:07:12,361 - ontorum.api - INFO -   NodeType.STATE - Dirty (1ca204d3-1589-4746-b244-645968d4ecb5)
2025-01-27 20:07:12,361 - ontorum.api - INFO -   NodeType.STATE - Sanitized (fe43815c-8a1f-4a21-a0e4-650ceb093e3f)
2025-01-27 20:07:12,362 - ontorum.api - INFO -   NodeType.DIMENSION - Material (764a7e51-d1ff-40b4-b2d6-7ca726cf0190)
2025-01-27 20:07:12,363 - ontorum.api - INFO -     States: [UUID('cf6591f5-4c07-43c2-8ba0-5da6b0ef9bad'), UUID('112e26d1-b511-4261-8c93-9fa0dae1b0b2'), UUID('a3c3f2eb-b134-4b70-a749-ed6d44adb8d6')]
2025-01-27 20:07:12,343 - ontorum.api - INFO - Mock node: NodeType.STATE - Plastic (632a3e5c-9990-4b55-8cd0-5ee4f674714a)
2025-01-27 20:07:12,363 - ontorum.api - INFO -   NodeType.STATE - Stainless Steel (cf6591f5-4c07-43c2-8ba0-5da6b0ef9bad)
2025-01-27 20:07:12,364 - ontorum.api - INFO -   NodeType.STATE - Aluminum (112e26d1-b511-4261-8c93-9fa0dae1b0b2)
2025-01-27 20:07:12,343 - ontorum.example - INFO - Created new state: Dirty for Cleanliness
2025-01-27 20:07:12,365 - ontorum.api - INFO -   NodeType.STATE - Plastic (a3c3f2eb-b134-4b70-a749-ed6d44adb8d6)
2025-01-27 20:07:12,365 - ontorum.api - INFO -   NodeType.DIMENSION - Temperature (be3ea50f-cc42-4628-9ecb-83cbfaea6193)
2025-01-27 20:07:12,343 - ontorum.api - INFO -     Dimensions: [UUID('82e7c02a-f2c5-4b35-bf75-d8ca718dbc51'), UUID('55ed1e34-2ff9-425f-825d-1913ca5f1a36'), UUID('fac7ca4d-67e1-4a2d-a287-1b7985b4687c')]
2025-01-27 20:07:12,366 - ontorum.api - INFO -     States: [UUID('1b14103b-ff57-4af0-9655-5cab664eacd9'), UUID('19faa020-c79f-4d17-b9bc-1034acf58a93'), UUID('1aff5012-45ac-4347-9cf7-d3cb7abd279c')]
2025-01-27 20:07:12,345 - ontorum.api - INFO -   Sub-entities: [UUID('fe8755e3-d7d2-44b1-83fe-6b0a21840c91'), UUID('cbe856e2-ce25-4006-9efd-618df7f05b68')]
2025-01-27 20:07:12,366 - ontorum.api - INFO -   NodeType.STATE - Cold (1b14103b-ff57-4af0-9655-5cab664eacd9)
2025-01-27 20:07:12,367 - ontorum.api - INFO -   NodeType.STATE - Room Temperature (19faa020-c79f-4d17-b9bc-1034acf58a93)
2025-01-27 20:07:12,344 - ontorum.example - INFO - Creating sub-entities for Ice Cream Scoop #12
2025-01-27 20:07:12,368 - ontorum.api - INFO -   NodeType.STATE - Hot (1aff5012-45ac-4347-9cf7-d3cb7abd279c)
2025-01-27 20:07:12,368 - ontorum.api - INFO -   NodeType.PARTICULAR - Ice Cream Scoop #12 Handle (16c8ca97-47a4-43f5-8289-a2f0035c53b0)
2025-01-27 20:07:12,369 - ontorum.api - INFO -     Universal: fa1e248a-071c-4b41-b862-8dda35a8dacd
2025-01-27 20:07:12,369 - ontorum.api - INFO -     Dimensions: [UUID('1e15fd92-c64c-4693-852d-139c103379f4'), UUID('764a7e51-d1ff-40b4-b2d6-7ca726cf0190'), UUID('be3ea50f-cc42-4628-9ecb-83cbfaea6193')]
2025-01-27 20:07:12,370 - ontorum.api - INFO -   NodeType.PARTICULAR - Ice Cream Scoop #12 Bowl (9361e1b6-bdf1-467d-bc23-f6a4d3dc2c95)
2025-01-27 20:07:12,371 - ontorum.api - INFO -     Universal: fa1e248a-071c-4b41-b862-8dda35a8dacd
2025-01-27 20:07:12,371 - ontorum.api - INFO -     Dimensions: [UUID('1e15fd92-c64c-4693-852d-139c103379f4'), UUID('764a7e51-d1ff-40b4-b2d6-7ca726cf0190'), UUID('be3ea50f-cc42-4628-9ecb-83cbfaea6193')]
2025-01-27 20:07:12,356 - ontorum.api - INFO -   NodeType.STATE - Dirty (8a8ee03a-77cd-440d-92ec-b531707946e0)
2025-01-27 20:07:12,333 - ontorum.api - WARNING - Failed to connect to database: Using mock data for development. Using mock data.
2025-01-27 20:07:12,362 - ontorum.api - INFO - Mock node: NodeType.DIMENSION - Temperature (d3a7a5e2-eba8-428d-954b-be74c6e8bbef)
2025-01-27 20:07:12,364 - ontorum.api - INFO - Mock node: NodeType.DIMENSION - Temperature (6b51f07a-1017-4864-a13d-7d681a393fe3)
2025-01-27 20:07:12,365 - ontorum.example - INFO - Created new state: Sanitized for Cleanliness
2025-01-27 20:07:12,366 - ontorum.api - INFO -   NodeType.UNIVERSAL - Ice Cream Scoop (b13630d9-e8be-4e80-aa86-422de8fa8927)
530b8c)
2025-01-27 20:07:12,368 - ontorum.example - INFO - Found existing universal: Ice Cream Scoop
2025-01-27 20:07:12,398 - ontorum.api - INFO - API starting up
2025-01-27 20:07:12,399 - ontorum.api - INFO - Using mock data
2025-01-27 20:07:12,399 - ontorum.api - INFO - Starting mock data initialization
2025-01-27 20:07:12,400 - ontorum.example - INFO - Initialized IceCreamScoopExpander
2025-01-27 20:07:12,401 - ontorum.api - INFO - Created mock scoop with ID: 71d8ba5e-e948-462a-a51b-0e10f6b2c99e
2025-01-27 20:07:12,375 - ontorum.api - INFO -   NodeType.STATE - Sanitized (dbfef7b9-a886-4f09-a2f9-fd56de33afa9)
2025-01-27 20:07:12,401 - ontorum.example - INFO - Creating new universal: Ice Cream Scoop
2025-01-27 20:07:12,402 - ontorum.example - INFO - Created new dimension: Cleanliness
2025-01-27 20:07:12,402 - ontorum.example - INFO - Created new dimension: Material
2025-01-27 20:07:12,378 - ontorum.example - INFO - Created new state: Aluminum for Material
2025-01-27 20:07:12,380 - ontorum.api - INFO -   States: [UUID('2f5a931e-987e-4fc3-af2d-4600964edfa7'), UUID('12e35bee-08cb-4cf1-bf0b-ebab91ae7b3b'), UUID('0879139c-cd2c-4472-9b11-af48f7b08214')]
2025-01-27 20:07:12,382 - ontorum.api - INFO -   States: [UUID('b3eeef38-3142-4bed-a47d-06dd8dba9769'), UUID('d5de0290-d5d0-4cbd-aad0-1cce326bb259'), UUID('82f09ac7-e5cd-45dd-9d4f-4f524a9d788a')]
2025-01-27 20:07:12,384 - ontorum.example - INFO - Added dimension Material to universal Ice Cream Scoop
2025-01-27 20:07:12,386 - ontorum.api - INFO - Mock node: NodeType.DIMENSION - Cleanliness (fb7e72ad-39c5-461a-bcef-9476ffec1eda)
2025-01-27 20:07:12,390 - ontorum.example - INFO - Discovered dimensions for Ice Cream Scoop #12 Handle from universal
2025-01-27 20:07:12,387 - ontorum.api - INFO -     Dimensions: [UUID('82e7c02a-f2c5-4b35-bf75-d8ca718dbc51'), UUID('55ed1e34-2ff9-425f-825d-1913ca5f1a36'), UUID('fac7ca4d-67e1-4a2d-a287-1b7985b4687c')]
2025-01-27 20:07:12,402 - ontorum.api - INFO -   NodeType.DIMENSION - Material (1bfeea79-c9ac-4df4-b43c-a218b47037f4)
2025-01-27 20:07:12,403 - ontorum.example - INFO - Created new dimension: Temperature
2025-01-27 20:07:12,404 - ontorum.example - INFO - Created new state: Plastic for Material
2025-01-27 20:07:12,406 - ontorum.api - INFO - Mock node: NodeType.STATE - Cold (2f5a931e-987e-4fc3-af2d-4600964edfa7)
2025-01-27 20:07:12,408 - ontorum.api - INFO - Mock node: NodeType.STATE - Cold (b3eeef38-3142-4bed-a47d-06dd8dba9769)
2025-01-27 20:07:12,412 - ontorum.example - INFO - Created new state: Stainless Steel for Material
2025-01-27 20:07:12,417 - ontorum.api - INFO -   States: [UUID('a71ab0b7-cc80-40a7-ae0a-4c4028d9bbf5'), UUID('bba007c6-4ede-44a8-95bf-cd33becc8dc7'), UUID('f86be561-368b-40c5-a043-5e34cb43e963')]
2025-01-27 20:07:12,418 - ontorum.example - INFO - Found existing universal: Ice Cream Scoop
2025-01-27 20:07:12,419 - ontorum.api - INFO -   NodeType.DIMENSION - Cleanliness (82e7c02a-f2c5-4b35-bf75-d8ca718dbc51)
2025-01-27 20:07:12,421 - ontorum.api - INFO -     States: [UUID('39ca5816-69f3-47b7-b0fa-37c37306ccf6'), UUID('85acc056-1d8a-4dcf-875a-907856c46ec1'), UUID('bbbce35e-2817-4168-858d-f87357213756')]
2025-01-27 20:07:12,421 - ontorum.example - INFO - Added dimension Cleanliness to universal Ice Cream Scoop
2025-01-27 20:07:12,421 - ontorum.example - INFO - Added dimension Temperature to universal Ice Cream Scoop
2025-01-27 20:07:12,422 - ontorum.api - INFO - Mock node: NodeType.STATE - Room Temperature (12e35bee-08cb-4cf1-bf0b-ebab91ae7b3b)
2025-01-27 20:07:12,423 - ontorum.example - INFO - Created new state: Aluminum for Material
2025-01-27 20:07:12,422 - ontorum.api - INFO - Mock node: NodeType.STATE - Room Temperature (d5de0290-d5d0-4cbd-aad0-1cce326bb259)
2025-01-27 20:07:12,423 - ontorum.api - INFO - Mock node: NodeType.STATE - Clean (a71ab0b7-cc80-40a7-ae0a-4c4028d9bbf5)
2025-01-27 20:07:12,425 - ontorum.example - INFO - Discovered dimensions for Ice Cream Scoop #12 Bowl from universal
2025-01-27 20:07:12,428 - ontorum.api - INFO -     States: [UUID('99be5f54-219c-42bd-b108-ca0345e67ae8'), UUID('65636e0c-cf5b-47b0-94a9-6bd0a2161ebb'), UUID('5d79e152-68bc-418a-8132-6ea694baa828')]
2025-01-27 20:07:12,436 - ontorum.api - INFO -   NodeType.STATE - Stainless Steel (39ca5816-69f3-47b7-b0fa-37c37306ccf6)
2025-01-27 20:07:12,447 - ontorum.example - INFO - Created new state: Clean for Cleanliness
2025-01-27 20:07:12,449 - ontorum.example - INFO - Created new state: Cold for Temperature
2025-01-27 20:07:12,449 - ontorum.api - INFO - Mock node: NodeType.STATE - Hot (0879139c-cd2c-4472-9b11-af48f7b08214)
2025-01-27 20:07:12,451 - ontorum.api - INFO - Mock node: NodeType.STATE - Hot (82f09ac7-e5cd-45dd-9d4f-4f524a9d788a)
2025-01-27 20:07:12,450 - ontorum.example - INFO - Created new state: Plastic for Material
2025-01-27 20:07:12,452 - ontorum.api - INFO - Mock node: NodeType.STATE - Dirty (bba007c6-4ede-44a8-95bf-cd33becc8dc7)
2025-01-27 20:07:12,453 - ontorum.api - INFO - Initialized mock data with 16 nodes
2025-01-27 20:07:12,457 - ontorum.api - INFO -   NodeType.STATE - Clean (99be5f54-219c-42bd-b108-ca0345e67ae8)
2025-01-27 20:07:12,462 - ontorum.api - INFO -   NodeType.STATE - Aluminum (85acc056-1d8a-4dcf-875a-907856c46ec1)
2025-01-27 20:07:12,463 - ontorum.example - INFO - Created new state: Dirty for Cleanliness
2025-01-27 20:07:12,463 - ontorum.example - INFO - Created new state: Room Temperature for Temperature
2025-01-27 20:07:12,463 - ontorum.api - INFO - Mock node: NodeType.PARTICULAR - Ice Cream Scoop #12 Handle (84464e9b-0979-47d5-9d21-3d2944d41c76)
2025-01-27 20:07:12,463 - ontorum.api - INFO - Mock node: NodeType.PARTICULAR - Ice Cream Scoop #12 Handle (16a22d84-4ffd-4454-bbb0-c691621646d2)
2025-01-27 20:07:12,464 - ontorum.api - INFO - Mock node: NodeType.STATE - Sanitized (f86be561-368b-40c5-a043-5e34cb43e963)
2025-01-27 20:07:12,464 - ontorum.example - INFO - Added dimension Temperature to universal Ice Cream Scoop
2025-01-27 20:07:12,464 - ontorum.api - INFO - Mock node: NodeType.PARTICULAR - Ice Cream Scoop #12 (ef158946-d97e-42ae-8f4a-00de02744bc7)
2025-01-27 20:07:12,465 - ontorum.api - INFO -   NodeType.STATE - Dirty (65636e0c-cf5b-47b0-94a9-6bd0a2161ebb)
2025-01-27 20:07:12,468 - ontorum.api - INFO -   NodeType.STATE - Plastic (bbbce35e-2817-4168-858d-f87357213756)
2025-01-27 20:07:12,470 - ontorum.example - INFO - Created new state: Sanitized for Cleanliness
2025-01-27 20:07:12,471 - ontorum.example - INFO - Created new state: Hot for Temperature
2025-01-27 20:07:12,472 - ontorum.api - INFO -   Universal: 31a1913a-bcc7-4045-aa38-24876745700c
2025-01-27 20:07:12,472 - ontorum.api - INFO -   Universal: f017bd1a-f0e7-43fb-ac55-f26f53b95536
2025-01-27 20:07:12,473 - ontorum.example - INFO - Created new state: Cold for Temperature
0ed71-8a7f-48cf-ae6c-72bb1cff6156)
2025-01-27 20:07:12,475 - ontorum.api - INFO -   Universal: 9bde8fba-0a33-4fff-81d3-0a98ea630b7a
2025-01-27 20:07:12,475 - ontorum.api - INFO -   NodeType.STATE - Sanitized (5d79e152-68bc-418a-8132-6ea694baa828)
2025-01-27 20:07:12,486 - ontorum.api - INFO -   NodeType.DIMENSION - Temperature (a87af224-581e-460f-a83e-c3cb663f7e5c)
2025-01-27 20:07:12,487 - ontorum.example - INFO - Added dimension Material to universal Ice Cream Scoop
2025-01-27 20:07:12,489 - ontorum.example - INFO - Discovered dimensions for Ice Cream Scoop #12 from universal
2025-01-27 20:07:12,491 - ontorum.api - INFO -   Dimensions: [UUID('cc1183f9-1945-4e73-915e-34e059c418a6'), UUID('fa311d67-97df-4587-b123-958f9c2a4cd6'), UUID('d3a7a5e2-eba8-428d-954b-be74c6e8bbef')]
2025-01-27 20:07:12,492 - ontorum.example - INFO - Created new state: Room Temperature for Temperature
2025-01-27 20:07:12,492 - ontorum.api - INFO -   States: [UUID('611fa2b9-6c06-4993-a54f-f6bd13499926'), UUID('a0a9b864-004a-4bbb-a499-ba80b4e75870'), UUID('d70f72ef-9484-4ebe-b9bb-604619ecd8db')]
2025-01-27 20:07:12,492 - ontorum.api - INFO -   Dimensions: [UUID('638573a8-a06d-4084-8e9c-c26775ac0571'), UUID('398da657-8c72-480c-b101-9e3caf5b25c4'), UUID('a4a73f63-efee-4432-bcba-01a781de050d')]
2025-01-27 20:07:12,494 - ontorum.api - INFO -   NodeType.DIMENSION - Material (55ed1e34-2ff9-425f-825d-1913ca5f1a36)
2025-01-27 20:07:12,482 - ontorum.api - WARNING - Failed to connect to database: Using mock data for development. Using mock data.
2025-01-27 20:07:12,502 - ontorum.api - INFO -     States: [UUID('1620a0a6-4cd6-4cc0-84ee-87ed3be6633d'), UUID('62292dcc-6891-45f1-9a2b-ba949b8d9339'), UUID('8087e161-e187-4e30-bd62-23fc2d6232cc')]
2025-01-27 20:07:12,490 - ontorum.api - INFO -   Dimensions: [UUID('73c1dc6c-5b52-46d8-a973-0335c77849c6'), UUID('8527be5c-b1dc-429f-8507-61509c2cbdc4'), UUID('6b51f07a-1017-4864-a13d-7d681a393fe3')]
2025-01-27 20:07:12,503 - ontorum.example - INFO - Created new state: Stainless Steel for Material
2025-01-27 20:07:12,504 - ontorum.example - INFO - Creating sub-entities for Ice Cream Scoop #12
2025-01-27 20:07:12,505 - ontorum.api - INFO -   Sub-entities: []
2025-01-27 20:07:12,505 - ontorum.example - INFO - Created new state: Hot for Temperature
2025-01-27 20:07:12,506 - ontorum.api - INFO -   Sub-entities: [UUID('03915086-b942-4836-8bad-f63480200727'), UUID('535fd94f-3434-4d82-a3f9-b2fd863a3c99')]
2025-01-27 20:07:12,506 - ontorum.api - INFO - Mock node: NodeType.STATE - Stainless Steel (611fa2b9-6c06-4993-a54f-f6bd13499926)
2025-01-27 20:07:12,507 - ontorum.api - INFO -     States: [UUID('30d3c9f2-133d-4e6d-9195-3c52c69723c8'), UUID('391c2c2e-e9c5-4815-9b8c-c3fb57c86471'), UUID('369c954c-8ecc-4bff-9cb8-4fad8b26b544')]
2025-01-27 20:07:12,513 - ontorum.api - INFO -   NodeType.STATE - Cold (1620a0a6-4cd6-4cc0-84ee-87ed3be6633d)
2025-01-27 20:07:12,516 - ontorum.api - INFO -   Sub-entities: []
2025-01-27 20:07:12,516 - ontorum.example - INFO - Created new state: Aluminum for Material
2025-01-27 20:07:12,516 - ontorum.example - INFO - Found existing universal: Ice Cream Scoop
2025-01-27 20:07:12,517 - ontorum.api - INFO - Mock node: NodeType.PARTICULAR - Ice Cream Scoop #12 Bowl (5dd7952c-56d4-4ed3-bd8e-486d21bb9c9e)
2025-01-27 20:07:12,517 - ontorum.example - INFO - Discovered dimensions for Ice Cream Scoop #12 from universal
2025-01-27 20:07:12,518 - ontorum.api - INFO - Mock node: NodeType.UNIVERSAL - Ice Cream Scoop (9bde8fba-0a33-4fff-81d3-0a98ea630b7a)
2025-01-27 20:07:12,518 - ontorum.api - INFO - Mock node: NodeType.STATE - Aluminum (a0a9b864-004a-4bbb-a499-ba80b4e75870)
2025-01-27 20:07:12,519 - ontorum.api - INFO -   NodeType.STATE - Stainless Steel (30d3c9f2-133d-4e6d-9195-3c52c69723c8)
2025-01-27 20:07:12,539 - ontorum.api - INFO -   NodeType.STATE - Room Temperature (62292dcc-6891-45f1-9a2b-ba949b8d9339)
2025-01-27 20:07:12,539 - ontorum.api - INFO - Mock node: NodeType.PARTICULAR - Ice Cream Scoop #12 Bowl (8fc2e474-9b4d-45de-8825-941885bc05b9)
2025-01-27 20:07:12,541 - ontorum.example - INFO - Created new state: Plastic for Material
2025-01-27 20:07:12,542 - ontorum.example - INFO - Discovered dimensions for Ice Cream Scoop #12 Handle from universal
2025-01-27 20:07:12,558 - ontorum.example - INFO - Creating sub-entities for Ice Cream Scoop #12
2025-01-27 20:07:12,558 - ontorum.api - INFO -   Universal: f017bd1a-f0e7-43fb-ac55-f26f53b95536
2025-01-27 20:07:12,560 - ontorum.api - INFO -   NodeType.STATE - Aluminum (391c2c2e-e9c5-4815-9b8c-c3fb57c86471)
2025-01-27 20:07:12,560 - ontorum.api - INFO - Mock node: NodeType.DIMENSION - Cleanliness (638573a8-a06d-4084-8e9c-c26775ac0571)
2025-01-27 20:07:12,560 - ontorum.api - INFO - Mock node: NodeType.STATE - Plastic (d70f72ef-9484-4ebe-b9bb-604619ecd8db)
2025-01-27 20:07:12,563 - ontorum.api - INFO -   NodeType.STATE - Hot (8087e161-e187-4e30-bd62-23fc2d6232cc)
2025-01-27 20:07:12,563 - ontorum.api - INFO -   Universal: 31a1913a-bcc7-4045-aa38-24876745700c
2025-01-27 20:07:12,565 - ontorum.example - INFO - Added dimension Temperature to universal Ice Cream Scoop
2025-01-27 20:07:12,565 - ontorum.example - INFO - Found existing universal: Ice Cream Scoop
2025-01-27 20:07:12,555 - ontorum.api - WARNING - Failed to connect to database: Using mock data for development. Using mock data.
2025-01-27 20:07:12,566 - ontorum.example - INFO - Found existing universal: Ice Cream Scoop
2025-01-27 20:07:12,567 - ontorum.api - INFO -   NodeType.STATE - Plastic (369c954c-8ecc-4bff-9cb8-4fad8b26b544)
2025-01-27 20:07:12,566 - ontorum.api - INFO -   Dimensions: [UUID('cc1183f9-1945-4e73-915e-34e059c418a6'), UUID('fa311d67-97df-4587-b123-958f9c2a4cd6'), UUID('d3a7a5e2-eba8-428d-954b-be74c6e8bbef')]
2025-01-27 20:07:12,567 - ontorum.api - INFO -   States: [UUID('5ec8cf83-e00b-4a0e-b207-632c2cdb457b'), UUID('1d458d81-3f54-4029-b65f-ab13a4a311a9'), UUID('e6949260-373e-496d-87b1-9fe6f284e650')]
2025-01-27 20:07:12,568 - ontorum.api - INFO - Mock node: NodeType.DIMENSION - Temperature (c2b76ffc-cd86-4737-b183-42bdea9312ef)
2025-01-27 20:07:12,569 - ontorum.api - INFO -   NodeType.PARTICULAR - Ice Cream Scoop #12 Handle (88ee7e63-b0f5-4314-88e6-6d8ff8df68d5)
2025-01-27 20:07:12,571 - ontorum.api - INFO -   Dimensions: [UUID('73c1dc6c-5b52-46d8-a973-0335c77849c6'), UUID('8527be5c-b1dc-429f-8507-61509c2cbdc4'), UUID('6b51f07a-1017-4864-a13d-7d681a393fe3')]
2025-01-27 20:07:12,580 - ontorum.example - INFO - Created new state: Cold for Temperature
2025-01-27 20:07:12,582 - ontorum.api - INFO - API starting up
2025-01-27 20:07:12,582 - ontorum.example - INFO - Discovered dimensions for Ice Cream Scoop #12 Bowl from universal
2025-01-27 20:07:12,584 - ontorum.example - INFO - Discovered dimensions for Ice Cream Scoop #12 Handle from universal
2025-01-27 20:07:12,585 - ontorum.api - INFO -   NodeType.DIMENSION - Temperature (fac7ca4d-67e1-4a2d-a287-1b7985b4687c)
2025-01-27 20:07:12,586 - ontorum.api - INFO -   Sub-entities: []
2025-01-27 20:07:12,586 - ontorum.api - INFO - Mock node: NodeType.STATE - Clean (5ec8cf83-e00b-4a0e-b207-632c2cdb457b)
2025-01-27 20:07:12,589 - ontorum.api - INFO -   States: [UUID('d25ee16e-20cc-4133-95fd-611249015241'), UUID('7443a079-ac78-4dae-9309-cb00e3cf8c84'), UUID('ca6a60a4-1aab-40f6-8628-ffed7fa36cf8')]
2025-01-27 20:07:12,590 - ontorum.api - INFO -     Universal: 244aa2d3-594a-4606-83c3-c361c99ce8d3
2025-01-27 20:07:12,595 - ontorum.api - INFO -   Sub-entities: []
2025-01-27 20:07:12,600 - ontorum.example - INFO - Created new state: Room Temperature for Temperature
2025-01-27 20:07:12,601 - ontorum.api - INFO - Using mock data
2025-01-27 20:07:12,601 - ontorum.api - INFO - Initialized mock data with 16 nodes
2025-01-27 20:07:12,603 - ontorum.example - INFO - Found existing universal: Ice Cream Scoop
2025-01-27 20:07:12,604 - ontorum.api - INFO -     States: [UUID('021e42e2-5720-4d2d-ab08-8773b705b6a9'), UUID('e9a1d95c-09ca-456a-852f-68bcdfec030c'), UUID('2db6cea4-3650-4a3b-ada4-8e000a42385d')]
2025-01-27 20:07:12,605 - ontorum.api - INFO - Mock data initialization complete
2025-01-27 20:07:12,606 - ontorum.api - INFO - Mock node: NodeType.STATE - Dirty (1d458d81-3f54-4029-b65f-ab13a4a311a9)
2025-01-27 20:07:12,608 - ontorum.api - INFO - Mock node: NodeType.STATE - Cold (d25ee16e-20cc-4133-95fd-611249015241)
2025-01-27 20:07:12,609 - ontorum.api - INFO -     Dimensions: [UUID('26f9f3ac-4f1d-44ca-9ab9-993d97c09014'), UUID('1bfeea79-c9ac-4df4-b43c-a218b47037f4'), UUID('a87af224-581e-460f-a83e-c3cb663f7e5c')]
2025-01-27 20:07:12,611 - ontorum.api - INFO - Mock data initialization complete
2025-01-27 20:07:12,612 - ontorum.example - INFO - Created new state: Hot for Temperature
2025-01-27 20:07:12,613 - ontorum.api - INFO - Starting mock data initialization
2025-01-27 20:07:12,613 - ontorum.api - INFO - Mock node: NodeType.PARTICULAR - Ice Cream Scoop #12 (db373940-5e09-4665-8423-b2ca36cd7c1d)
2025-01-27 20:07:12,614 - ontorum.api - INFO -   NodeType.STATE - Cold (021e42e2-5720-4d2d-ab08-8773b705b6a9)
2025-01-27 20:07:12,614 - ontorum.example - INFO - Discovered dimensions for Ice Cream Scoop #12 Bowl from universal
2025-01-27 20:07:12,616 - ontorum.api - INFO - Mock data initialized with 16 nodes
2025-01-27 20:07:12,617 - ontorum.api - INFO - Mock node: NodeType.STATE - Sanitized (e6949260-373e-496d-87b1-9fe6f284e650)
2025-01-27 20:07:12,621 - ontorum.api - INFO - Mock node: NodeType.STATE - Room Temperature (7443a079-ac78-4dae-9309-cb00e3cf8c84)
2025-01-27 20:07:12,621 - ontorum.api - INFO -   NodeType.PARTICULAR - Ice Cream Scoop #12 Bowl (0d9837dd-9253-4f9b-bfaf-58991bb6632c)
2025-01-27 20:07:12,622 - ontorum.api - INFO - Mock data initialized with 16 nodes
2025-01-27 20:07:12,624 - ontorum.example - INFO - Discovered dimensions for Ice Cream Scoop #12 from universal
2025-01-27 20:07:12,624 - ontorum.example - INFO - Initialized IceCreamScoopExpander
2025-01-27 20:07:12,625 - ontorum.api - INFO - API starting up
2025-01-27 20:07:12,627 - ontorum.api - INFO -   NodeType.STATE - Room Temperature (e9a1d95c-09ca-456a-852f-68bcdfec030c)
2025-01-27 20:07:12,627 - ontorum.api - INFO -   Universal: 95f529f0-1a4c-48c5-aaa6-955ac389bbb0
2025-01-27 20:07:12,627 - ontorum.api - INFO - Mock data nodes:
2025-01-27 20:07:12,628 - ontorum.api - INFO - Mock node: NodeType.DIMENSION - Material (398da657-8c72-480c-b101-9e3caf5b25c4)
2025-01-27 20:07:12,627 - ontorum.api - INFO - Initialized mock data with 16 nodes
2025-01-27 20:07:12,629 - ontorum.api - INFO - Mock node: NodeType.STATE - Hot (ca6a60a4-1aab-40f6-8628-ffed7fa36cf8)
2025-01-27 20:07:12,623 - ontorum.api - WARNING - Failed to connect to database: Using mock data for development. Using mock data.
2025-01-27 20:07:12,629 - ontorum.api - INFO -     Universal: 244aa2d3-594a-4606-83c3-c361c99ce8d3
2025-01-27 20:07:12,630 - ontorum.api - INFO - Mock data nodes:
2025-01-27 20:07:12,631 - ontorum.example - INFO - Creating sub-entities for Ice Cream Scoop #12
2025-01-27 20:07:12,632 - ontorum.api - INFO - Created mock scoop with ID: 17db7b1f-8fcc-4bf6-be1d-8a03e768239f
2025-01-27 20:07:12,633 - ontorum.api - INFO - Using mock data
2025-01-27 20:07:12,634 - ontorum.api - INFO -   NodeType.STATE - Hot (2db6cea4-3650-4a3b-ada4-8e000a42385d)
2025-01-27 20:07:12,635 - ontorum.api - INFO -   Dimensions: [UUID('eac4856f-670e-4441-ac2c-f4609e64ffa0'), UUID('7630af87-52ae-4764-8c6c-37dcf54b90aa'), UUID('dcd8df61-5361-4ae6-8c16-bd70b6240c60')]
2025-01-27 20:07:12,636 - ontorum.api - INFO -   NodeType.PARTICULAR - Ice Cream Scoop #12 (7fecfb1f-b18e-47f7-b5ce-b64952b689bb)
2025-01-27 20:07:12,638 - ontorum.api - INFO - Mock node: NodeType.PARTICULAR - Ice Cream Scoop #12 Handle (fe8755e3-d7d2-44b1-83fe-6b0a21840c91)
2025-01-27 20:07:12,638 - ontorum.api - INFO - Mock node: NodeType.PARTICULAR - Ice Cream Scoop #12 (980be438-3884-4c45-aed8-102791143904)
2025-01-27 20:07:12,638 - ontorum.api - INFO -   States: [UUID('cf1e6d4f-a25c-4ae4-b77d-cf792773aaa7'), UUID('878286f5-a9b9-4619-b5f1-f31bfc7f8db9'), UUID('e0e4221f-afb4-4500-972a-1754c2ed5cce')]
2025-01-27 20:07:12,639 - ontorum.api - INFO -     Dimensions: [UUID('26f9f3ac-4f1d-44ca-9ab9-993d97c09014'), UUID('1bfeea79-c9ac-4df4-b43c-a218b47037f4'), UUID('a87af224-581e-460f-a83e-c3cb663f7e5c')]
2025-01-27 20:07:12,640 - ontorum.api - INFO -   NodeType.PARTICULAR - Ice Cream Scoop #12 (f53fd5e8-2d6d-450f-a62f-0b2e5e0b9fa8)
2025-01-27 20:07:12,641 - ontorum.example - INFO - Found existing universal: Ice Cream Scoop
2025-01-27 20:07:12,641 - ontorum.example - INFO - Creating new universal: Ice Cream Scoop
2025-01-27 20:07:12,641 - ontorum.api - INFO - Starting mock data initialization
2025-01-27 20:07:12,643 - ontorum.api - INFO -   NodeType.PARTICULAR - Ice Cream Scoop #12 Handle (1233cde2-72ef-4e64-9b52-85a632ab1590)
2025-01-27 20:07:12,643 - ontorum.api - INFO -   Sub-entities: [UUID('69290011-8cb7-432e-b37d-e6185fb0e3cc'), UUID('cbede9ef-cee4-4fd1-a82c-825ba7d85243')]
2025-01-27 20:07:12,644 - ontorum.api - INFO -     Universal: f017bd1a-f0e7-43fb-ac55-f26f53b95536
2025-01-27 20:07:12,644 - ontorum.api - INFO -   Universal: 3d4026a4-d80e-4a3c-9f6a-ee0453b54892
2025-01-27 20:07:12,644 - ontorum.api - INFO -   Universal: 3f8de6a5-8c10-4c00-bca2-6c002a530b8c
2025-01-27 20:07:12,644 - ontorum.api - INFO - Mock node: NodeType.STATE - Stainless Steel (cf1e6d4f-a25c-4ae4-b77d-cf792773aaa7)
2025-01-27 20:07:12,645 - ontorum.api - INFO -     Universal: 31a1913a-bcc7-4045-aa38-24876745700c
2025-01-27 20:07:12,646 - ontorum.example - INFO - Discovered dimensions for Ice Cream Scoop #12 Handle from universal
2025-01-27 20:07:12,646 - ontorum.example - INFO - Created new dimension: Cleanliness
2025-01-27 20:07:12,647 - ontorum.example - INFO - Initialized IceCreamScoopExpander
2025-01-27 20:07:12,648 - ontorum.api - INFO -     Universal: b13630d9-e8be-4e80-aa86-422de8fa8927
2025-01-27 20:07:12,649 - ontorum.api - INFO - Mock node: NodeType.UNIVERSAL - Ice Cream Scoop (95f529f0-1a4c-48c5-aaa6-955ac389bbb0)
2025-01-27 20:07:12,652 - ontorum.api - INFO -     Dimensions: [UUID('cc1183f9-1945-4e73-915e-34e059c418a6'), UUID('fa311d67-97df-4587-b123-958f9c2a4cd6'), UUID('d3a7a5e2-eba8-428d-954b-be74c6e8bbef')]
2025-01-27 20:07:12,654 - ontorum.api - INFO -   Dimensions: [UUID('2c7a8ae3-5c27-4727-92dc-24856a017d56'), UUID('c533ebf8-e1ef-4e5b-b393-7c5c99b18ee8'), UUID('c00b41cf-a585-42cd-9ffb-08fbc2cb44e0')]
2025-01-27 20:07:12,654 - ontorum.api - INFO -   Dimensions: [UUID('fb7e72ad-39c5-461a-bcef-9476ffec1eda'), UUID('04b0ed71-8a7f-48cf-ae6c-72bb1cff6156'), UUID('c2b76ffc-cd86-4737-b183-42bdea9312ef')]
2025-01-27 20:07:12,656 - ontorum.api - INFO - Mock node: NodeType.STATE - Aluminum (878286f5-a9b9-4619-b5f1-f31bfc7f8db9)
2025-01-27 20:07:12,657 - ontorum.api - INFO -     Dimensions: [UUID('73c1dc6c-5b52-46d8-a973-0335c77849c6'), UUID('8527be5c-b1dc-429f-8507-61509c2cbdc4'), UUID('6b51f07a-1017-4864-a13d-7d681a393fe3')]
2025-01-27 20:07:12,657 - ontorum.example - INFO - Found existing universal: Ice Cream Scoop
2025-01-27 20:07:12,657 - ontorum.example - INFO - Created new dimension: Material
2025-01-27 20:07:12,658 - ontorum.api - INFO - Created mock scoop with ID: 62704b43-5666-4bf5-b9b5-e8ee32da8d4a
2025-01-27 20:07:12,658 - ontorum.api - INFO -     Dimensions: [UUID('82e7c02a-f2c5-4b35-bf75-d8ca718dbc51'), UUID('55ed1e34-2ff9-425f-825d-1913ca5f1a36'), UUID('fac7ca4d-67e1-4a2d-a287-1b7985b4687c')]
2025-01-27 20:07:12,659 - ontorum.api - INFO - Mock node: NodeType.DIMENSION - Cleanliness (eac4856f-670e-4441-ac2c-f4609e64ffa0)
2025-01-27 20:07:12,659 - ontorum.api - INFO -   NodeType.UNIVERSAL - Ice Cream Scoop (f017bd1a-f0e7-43fb-ac55-f26f53b95536)
2025-01-27 20:07:12,660 - ontorum.api - INFO -   Sub-entities: [UUID('30d4d873-b566-4d42-9ada-85c8da2145b6'), UUID('9ba96a19-5b90-47da-9a66-5cbd785c2374')]
2025-01-27 20:07:12,661 - ontorum.api - INFO -   Sub-entities: []
2025-01-27 20:07:12,662 - ontorum.api - INFO - Mock node: NodeType.STATE - Plastic (e0e4221f-afb4-4500-972a-1754c2ed5cce)
2025-01-27 20:07:12,664 - ontorum.example - INFO - Discovered dimensions for Ice Cream Scoop #12 Bowl from universal
2025-01-27 20:07:12,664 - ontorum.api - INFO -   NodeType.UNIVERSAL - Ice Cream Scoop (31a1913a-bcc7-4045-aa38-24876745700c)
2025-01-27 20:07:12,665 - ontorum.example - INFO - Created new dimension: Temperature
2025-01-27 20:07:12,666 - ontorum.api - INFO -   NodeType.PARTICULAR - Ice Cream Scoop #12 Bowl (5e26e123-1110-469b-9a65-78192832f7cd)
2025-01-27 20:07:12,666 - ontorum.example - INFO - Creating new universal: Ice Cream Scoop
2025-01-27 20:07:12,667 - ontorum.api - INFO -   States: [UUID('7b3a12b9-7f0b-4073-a820-b9f14462b71b'), UUID('6d1be034-e3d8-42ee-a354-7871abf24c57'), UUID('3dfbae81-58c2-4da2-99e4-0573e831475f')]
2025-01-27 20:07:12,667 - ontorum.api - INFO -     Dimensions: [UUID('cc1183f9-1945-4e73-915e-34e059c418a6'), UUID('fa311d67-97df-4587-b123-958f9c2a4cd6'), UUID('d3a7a5e2-eba8-428d-954b-be74c6e8bbef')]
2025-01-27 20:07:12,668 - ontorum.api - INFO - Mock node: NodeType.UNIVERSAL - Ice Cream Scoop (3d4026a4-d80e-4a3c-9f6a-ee0453b54892)
2025-01-27 20:07:12,668 - ontorum.api - INFO - Mock node: NodeType.PARTICULAR - Ice Cream Scoop #12 Bowl (cbe856e2-ce25-4006-9efd-618df7f05b68)
2025-01-27 20:07:12,670 - ontorum.api - INFO - Mock node: NodeType.DIMENSION - Temperature (a4a73f63-efee-4432-bcba-01a781de050d)
2025-01-27 20:07:12,672 - ontorum.api - INFO - Initialized mock data with 16 nodes
2025-01-27 20:07:12,673 - ontorum.api - INFO -     Dimensions: [UUID('73c1dc6c-5b52-46d8-a973-0335c77849c6'), UUID('8527be5c-b1dc-429f-8507-61509c2cbdc4'), UUID('6b51f07a-1017-4864-a13d-7d681a393fe3')]
2025-01-27 20:07:12,674 - ontorum.example - INFO - Added dimension Cleanliness to universal Ice Cream Scoop
2025-01-27 20:07:12,675 - ontorum.api - INFO -     Universal: b13630d9-e8be-4e80-aa86-422de8fa8927
2025-01-27 20:07:12,677 - ontorum.example - INFO - Created new dimension: Cleanliness
2b9-7f0b-4073-a820-b9f14462b71b)
2025-01-27 20:07:12,678 - ontorum.api - INFO -   NodeType.DIMENSION - Cleanliness (cc1183f9-1945-4e73-915e-34e059c418a6)
2025-01-27 20:07:12,683 - ontorum.api - INFO -   Universal: 3f8de6a5-8c10-4c00-bca2-6c002a530b8c
e3-5c27-4727-92dc-24856a017d56)
2025-01-27 20:07:12,690 - ontorum.api - INFO -   States: [UUID('26951f82-20d8-4a81-b6ad-ff23e4c553ca'), UUID('32a7b28a-f508-4ac1-80fa-4f44a4ee3471'), UUID('5a540abb-8199-4324-aa22-b8c417c6c2ca')]
2025-01-27 20:07:12,684 - ontorum.api - INFO -   States: [UUID('ad6bc271-1077-4c71-bb25-1f992dcd8cb1'), UUID('8afb7433-fdbc-4c2f-bd26-5b48c52784df'), UUID('dd820736-f765-43cc-9f1e-c9bae25c39b5')]
2025-01-27 20:07:12,684 - ontorum.api - INFO - Mock node: NodeType.PARTICULAR - Ice Cream Scoop #12 (71d8ba5e-e948-462a-a51b-0e10f6b2c99e)
2025-01-27 20:07:12,691 - ontorum.api - INFO - Mock node: NodeType.STATE - Clean (26951f82-20d8-4a81-b6ad-ff23e4c553ca)
2025-01-27 20:07:12,687 - ontorum.example - INFO - Created new state: Clean for Cleanliness
2025-01-27 20:07:12,688 - ontorum.api - INFO - Mock node: NodeType.STATE - Dirty (6d1be034-e3d8-42ee-a354-7871abf24c57)
2025-01-27 20:07:12,692 - ontorum.api - INFO - Mock node: NodeType.STATE - Dirty (32a7b28a-f508-4ac1-80fa-4f44a4ee3471)
2025-01-27 20:07:12,687 - ontorum.api - INFO -   NodeType.DIMENSION - Cleanliness (73c1dc6c-5b52-46d8-a973-0335c77849c6)
2025-01-27 20:07:12,687 - ontorum.api - INFO -     Dimensions: [UUID('82e7c02a-f2c5-4b35-bf75-d8ca718dbc51'), UUID('55ed1e34-2ff9-425f-825d-1913ca5f1a36'), UUID('fac7ca4d-67e1-4a2d-a287-1b7985b4687c')]
2025-01-27 20:07:12,688 - ontorum.example - INFO - Created new dimension: Material
2025-01-27 20:07:12,689 - ontorum.api - INFO -     States: [UUID('e91279d6-d8d4-42f3-8874-a5ffba4f7895'), UUID('0d619bfd-7c4f-478b-8455-d82f3e97fb90'), UUID('f6b92dcc-0a15-4eec-9692-560dc20f6411')]
2025-01-27 20:07:12,690 - ontorum.api - INFO -   Dimensions: [UUID('fb7e72ad-39c5-461a-bcef-9476ffec1eda'), UUID('04b0ed71-8a7f-48cf-ae6c-72bb1cff6156'), UUID('c2b76ffc-cd86-4737-b183-42bdea9312ef')]
2025-01-27 20:07:12,691 - ontorum.api - INFO - Mock node: NodeType.STATE - Cold (ad6bc271-1077-4c71-bb25-1f992dcd8cb1)
2025-01-27 20:07:12,692 - ontorum.example - INFO - Created new state: Dirty for Cleanliness
2025-01-27 20:07:12,692 - ontorum.api - INFO -   Universal: 87d2f52a-b7f8-4eff-8d5f-2ebfa41339d2
2025-01-27 20:07:12,692 - ontorum.api - INFO - Mock node: NodeType.STATE - Sanitized (5a540abb-8199-4324-aa22-b8c417c6c2ca)
2025-01-27 20:07:12,692 - ontorum.api - INFO - Mock node: NodeType.STATE - Sanitized (3dfbae81-58c2-4da2-99e4-0573e831475f)
2025-01-27 20:07:12,693 - ontorum.api - INFO -     States: [UUID('7f31b2d1-748c-420b-b54c-18cfd86362c2'), UUID('5ed6600e-ad16-4526-9a8f-c29fcb19abcd'), UUID('bacf98ff-227b-4eab-9fe0-1779ec4f7ecb')]
2025-01-27 20:07:12,694 - ontorum.example - INFO - Created new dimension: Temperature
2025-01-27 20:07:12,695 - ontorum.api - INFO -   NodeType.STATE - Clean (e91279d6-d8d4-42f3-8874-a5ffba4f7895)
2025-01-27 20:07:12,699 - ontorum.api - INFO -   Sub-entities: []
2025-01-27 20:07:12,702 - ontorum.api - INFO - Mock node: NodeType.STATE - Room Temperature (8afb7433-fdbc-4c2f-bd26-5b48c52784df)
2025-01-27 20:07:12,703 - ontorum.api - INFO -   Dimensions: [UUID('d8e5a600-bbdd-4e64-b78b-2b5e9e04df11'), UUID('75aafd5c-a135-42ad-bf80-48833dbfd9a2'), UUID('4c21500c-c3ee-4865-b3fe-443dcdfee613')]
2025-01-27 20:07:12,704 - ontorum.api - INFO - Mock node: NodeType.DIMENSION - Material (c533ebf8-e1ef-4e5b-b393-7c5c99b18ee8)
2025-01-27 20:07:12,704 - ontorum.api - INFO - Mock node: NodeType.DIMENSION - Material (7630af87-52ae-4764-8c6c-37dcf54b90aa)
2025-01-27 20:07:12,705 - ontorum.api - INFO -   NodeType.STATE - Clean (7f31b2d1-748c-420b-b54c-18cfd86362c2)
2025-01-27 20:07:12,705 - ontorum.example - INFO - Added dimension Cleanliness to universal Ice Cream Scoop
2025-01-27 20:07:12,706 - ontorum.api - INFO -   NodeType.STATE - Dirty (0d619bfd-7c4f-478b-8455-d82f3e97fb90)
2025-01-27 20:07:12,707 - ontorum.api - INFO - Mock data initialization complete
2025-01-27 20:07:12,709 - ontorum.api - INFO -   States: [UUID('95c79ee6-0a4b-4f9c-90f2-06ce3f539c42'), UUID('f94849e9-ba22-43b8-a28a-617200ebb0f2'), UUID('15539e86-2a49-43d8-904e-8d5560dbfc1b')]
2025-01-27 20:07:12,709 - ontorum.api - INFO - Mock node: NodeType.STATE - Hot (dd820736-f765-43cc-9f1e-c9bae25c39b5)
2025-01-27 20:07:12,709 - ontorum.api - INFO -   Sub-entities: [UUID('0cfdf5bd-9884-46bd-b04d-4abfc18099ed'), UUID('ac8c54e4-7bd8-49a7-b63c-7f8fb60063ea')]
2025-01-27 20:07:12,709 - ontorum.example - INFO - Added dimension Material to universal Ice Cream Scoop
ID('e2eac913-1b38-4765-842d-d088d78b58fd'), UUID('0db94dff-d42a-4532-b5b7-a1a3858dbec0')]
2025-01-27 20:07:12,712 - ontorum.api - INFO -   NodeType.STATE - Dirty (5ed6600e-ad16-4526-9a8f-c29fcb19abcd)
2025-01-27 20:07:12,717 - ontorum.api - INFO - Mock node: NodeType.STATE - Stainless Steel (b503644a-1f54-40de-9695-4247b0cd7391)
2025-01-27 20:07:12,717 - ontorum.example - INFO - Created new state: Aluminum for Material
2025-01-27 20:07:12,718 - ontorum.api - INFO - Mock node: NodeType.STATE - Aluminum (e2eac913-1b38-4765-842d-d088d78b58fd)
2025-01-27 20:07:12,718 - ontorum.api - INFO - Mock node: NodeType.STATE - Plastic (0db94dff-d42a-4532-b5b7-a1a3858dbec0)
2025-01-27 20:07:12,713 - ontorum.example - INFO - Created new state: Clean for Cleanliness
2025-01-27 20:07:12,719 - ontorum.api - INFO - Mock node: NodeType.DIMENSION - Temperature (dcd8df61-5361-4ae6-8c16-bd70b6240c60)
2025-01-27 20:07:12,706 - ontorum.api - INFO - API starting up
2025-01-27 20:07:12,714 - ontorum.api - INFO - Mock data initialized with 16 nodes
2025-01-27 20:07:12,714 - ontorum.api - INFO -   NodeType.STATE - Sanitized (f6b92dcc-0a15-4eec-9692-560dc20f6411)
2025-01-27 20:07:12,721 - ontorum.api - INFO -   States: [UUID('17771717-7573-49a6-82ac-2d98364cbacb'), UUID('42a588aa-3c96-44b3-9bb7-d572b6f46662'), UUID('32519658-47ed-48e1-8492-476a1081bde6')]
2025-01-27 20:07:12,721 - ontorum.api - INFO - Mock node: NodeType.STATE - Cold (17771717-7573-49a6-82ac-2d98364cbacb)
mock data.
2025-01-27 20:07:12,716 - ontorum.api - INFO - Mock node: NodeType.UNIVERSAL - Ice Cream Scoop (87d2f52a-b7f8-4eff-8d5f-2ebfa41339d2)
2025-01-27 20:07:12,722 - ontorum.api - INFO - Mock node: NodeType.STATE - Room Temperature (42a588aa-3c96-44b3-9bb7-d572b6f46662)
2025-01-27 20:07:12,722 - ontorum.api - INFO - Mock node: NodeType.STATE - Hot (32519658-47ed-48e1-8492-476a1081bde6)
2025-01-27 20:07:12,723 - ontorum.api - INFO - Mock node: NodeType.PARTICULAR - Ice Cream Scoop #12 Handle (69290011-8cb7-432e-b37d-e6185fb0e3cc)
2025-01-27 20:07:12,724 - ontorum.api - INFO -   Universal: 95f529f0-1a4c-48c5-aaa6-955ac389bbb0
2025-01-27 20:07:12,724 - ontorum.api - INFO -   Dimensions: [UUID('eac4856f-670e-4441-ac2c-f4609e64ffa0'), UUID('7630af87-52ae-4764-8c6c-37dcf54b90aa'), UUID('dcd8df61-5361-4ae6-8c16-bd70b6240c60')]
2025-01-27 20:07:12,716 - ontorum.api - INFO - Mock node: NodeType.STATE - Stainless Steel (95c79ee6-0a4b-4f9c-90f2-06ce3f539c42)
2025-01-27 20:07:12,716 - ontorum.api - INFO - Mock node: NodeType.PARTICULAR - Ice Cream Scoop #12 Handle (03915086-b942-4836-8bad-f63480200727)
2025-01-27 20:07:12,718 - ontorum.example - INFO - Created new state: Plastic for Material
2025-01-27 20:07:12,717 - ontorum.api - INFO -   NodeType.STATE - Sanitized (bacf98ff-227b-4eab-9fe0-1779ec4f7ecb)
2025-01-27 20:07:12,720 - ontorum.example - INFO - Created new state: Dirty for Cleanliness
2025-01-27 20:07:12,721 - ontorum.api - INFO - Mock data nodes:
2025-01-27 20:07:12,721 - ontorum.api - INFO -   NodeType.DIMENSION - Material (fa311d67-97df-4587-b123-958f9c2a4cd6)
2025-01-27 20:07:12,723 - ontorum.api - INFO - Mock node: NodeType.DIMENSION - Cleanliness (d8e5a600-bbdd-4e64-b78b-2b5e9e04df11)
2025-01-27 20:07:12,725 - ontorum.api - INFO -   Sub-entities: []
2025-01-27 20:07:12,725 - ontorum.api - INFO - Mock node: NodeType.STATE - Aluminum (f94849e9-ba22-43b8-a28a-617200ebb0f2)
2025-01-27 20:07:12,726 - ontorum.api - INFO -   Universal: 9bde8fba-0a33-4fff-81d3-0a98ea630b7a
2025-01-27 20:07:12,729 - ontorum.example - INFO - Added dimension Temperature to universal Ice Cream Scoop
2025-01-27 20:07:12,730 - ontorum.example - INFO - Created new state: Sanitized for Cleanliness
2025-01-27 20:07:12,730 - ontorum.api - INFO -   NodeType.DIMENSION - Material (8527be5c-b1dc-429f-8507-61509c2cbdc4)
2025-01-27 20:07:12,731 - ontorum.api - INFO -     States: [UUID('021316cd-47ff-4c1a-9dba-169b3a80478b'), UUID('a8e4a1a1-c657-42aa-8b9b-946289aaf6dd'), UUID('676f1f20-af4d-455f-b762-b3b40afd5950')]
2025-01-27 20:07:12,721 - ontorum.api - INFO - Using mock data
2025-01-27 20:07:12,731 - ontorum.api - INFO -   NodeType.PARTICULAR - Ice Cream Scoop #12 (7f4fc1bd-806e-468c-998d-864edf6c6a50)
2025-01-27 20:07:12,732 - ontorum.api - INFO -   States: [UUID('79aaba50-78c7-4010-b56d-86390b78c925'), UUID('b2c86605-4aa2-4c0a-85b7-56f2c6fea4cd'), UUID('98936e66-931b-4c16-8557-0e433eadb3c5')]
2025-01-27 20:07:12,732 - ontorum.api - INFO - Mock node: NodeType.PARTICULAR - Ice Cream Scoop #12 Bowl (cbede9ef-cee4-4fd1-a82c-825ba7d85243)
2025-01-27 20:07:12,734 - ontorum.api - INFO - Mock node: NodeType.STATE - Plastic (15539e86-2a49-43d8-904e-8d5560dbfc1b)
2025-01-27 20:07:12,734 - ontorum.api - INFO -   Dimensions: [UUID('638573a8-a06d-4084-8e9c-c26775ac0571'), UUID('398da657-8c72-480c-b101-9e3caf5b25c4'), UUID('a4a73f63-efee-4432-bcba-01a781de050d')]
2025-01-27 20:07:12,735 - ontorum.example - INFO - Created new state: Cold for Temperature
2025-01-27 20:07:12,735 - ontorum.example - INFO - Added dimension Material to universal Ice Cream Scoop
2025-01-27 20:07:12,735 - ontorum.api - INFO -     States: [UUID('231d5add-24e7-48ae-baee-53ba17f3d7f8'), UUID('c29a96a5-ba5b-489d-b740-2142dbb74d8e'), UUID('632a3e5c-9990-4b55-8cd0-5ee4f674714a')]
2025-01-27 20:07:12,736 - ontorum.api - INFO -   NodeType.STATE - Stainless Steel (021316cd-47ff-4c1a-9dba-169b3a80478b)
2025-01-27 20:07:12,737 - ontorum.api - INFO -     Universal: 3f8de6a5-8c10-4c00-bca2-6c002a530b8c
2025-01-27 20:07:12,738 - ontorum.api - INFO - Mock node: NodeType.STATE - Clean (79aaba50-78c7-4010-b56d-86390b78c925)
2025-01-27 20:07:12,738 - ontorum.api - INFO -   Sub-entities: []
2025-01-27 20:07:12,738 - ontorum.api - INFO -   Universal: 95f529f0-1a4c-48c5-aaa6-955ac389bbb0
2025-01-27 20:07:12,738 - ontorum.api - INFO - Mock node: NodeType.DIMENSION - Temperature (c00b41cf-a585-42cd-9ffb-08fbc2cb44e0)
2025-01-27 20:07:12,739 - ontorum.example - INFO - Created new state: Room Temperature for Temperature
2025-01-27 20:07:12,739 - ontorum.example - INFO - Created new state: Stainless Steel for Material
2025-01-27 20:07:12,739 - ontorum.api - INFO -   NodeType.STATE - Stainless Steel (231d5add-24e7-48ae-baee-53ba17f3d7f8)
2025-01-27 20:07:12,740 - ontorum.api - INFO -   NodeType.STATE - Aluminum (a8e4a1a1-c657-42aa-8b9b-946289aaf6dd)
2025-01-27 20:07:12,737 - ontorum.api - INFO - Starting mock data initialization
2025-01-27 20:07:12,741 - ontorum.api - INFO -     Dimensions: [UUID('fb7e72ad-39c5-461a-bcef-9476ffec1eda'), UUID('04b0ed71-8a7f-48cf-ae6c-72bb1cff6156'), UUID('c2b76ffc-cd86-4737-b183-42bdea9312ef')]
2025-01-27 20:07:12,741 - ontorum.api - INFO -   Dimensions: [UUID('eac4856f-670e-4441-ac2c-f4609e64ffa0'), UUID('7630af87-52ae-4764-8c6c-37dcf54b90aa'), UUID('dcd8df61-5361-4ae6-8c16-bd70b6240c60')]
2025-01-27 20:07:12,742 - ontorum.api - INFO -   States: [UUID('b9a4b958-7b86-43dc-ab29-a0ac11e526a0'), UUID('afb27a5a-c3d3-4581-9cc3-f2e056f85e5b'), UUID('d8eaf21d-e27e-4c91-abd8-c5ee4d842da9')]
2025-01-27 20:07:12,746 - ontorum.api - INFO -   Universal: 9bde8fba-0a33-4fff-81d3-0a98ea630b7a
um.api - INFO -   NodeType.UNIVERSAL - Ice Cream Scoop (3f8de6a5-8c10-4c00-bca2-6c002a530b8c)
2025-01-27 20:07:12,747 - ontorum.api - INFO - Mock data initialization complete
2025-01-27 20:07:12,747 - ontorum.api - INFO -     Dimensions: [UUID('fb7e72ad-39c5-461a-bcef-9476ffec1eda'), UUID('04b0ed71-8a7f-48cf-ae6c-72bb1cff6156'), UUID('c2b76ffc-cd86-4737-b183-42bdea9312ef')]
2025-01-27 20:07:12,747 - ontorum.api - INFO - Mock data initialized with 16 nodes
2025-01-27 20:07:12,744 - ontorum.example - INFO - Created new state: Aluminum for Material
2025-01-27 20:07:12,747 - ontorum.api - INFO - Mock data nodes:
2025-01-27 20:07:12,743 - ontorum.example - INFO - Created new state: Hot for Temperature
2025-01-27 20:07:12,744 - ontorum.api - INFO -   NodeType.STATE - Aluminum (c29a96a5-ba5b-489d-b740-2142dbb74d8e)
2025-01-27 20:07:12,748 - ontorum.api - INFO -   NodeType.PARTICULAR - Ice Cream Scoop #12 (db373940-5e09-4665-8423-b2ca36cd7c1d)
2025-01-27 20:07:12,745 - ontorum.api - INFO -   NodeType.STATE - Plastic (676f1f20-af4d-455f-b762-b3b40afd5950)
2025-01-27 20:07:12,748 - ontorum.api - INFO -     Universal: 95f529f0-1a4c-48c5-aaa6-955ac389bbb0
2025-01-27 20:07:12,749 - ontorum.api - INFO -     Dimensions: [UUID('eac4856f-670e-4441-ac2c-f4609e64ffa0'), UUID('7630af87-52ae-4764-8c6c-37dcf54b90aa'), UUID('dcd8df61-5361-4ae6-8c16-bd70b6240c60')]
2025-01-27 20:07:12,749 - ontorum.api - INFO -   NodeType.UNIVERSAL - Ice Cream Scoop (95f529f0-1a4c-48c5-aaa6-955ac389bbb0)
2025-01-27 20:07:12,750 - ontorum.api - INFO -     Dimensions: [UUID('eac4856f-670e-4441-ac2c-f4609e64ffa0'), UUID('7630af87-52ae-4764-8c6c-37dcf54b90aa'), UUID('dcd8df61-5361-4ae6-8c16-bd70b6240c60')]
2025-01-27 20:07:12,751 - ontorum.api - INFO -   NodeType.DIMENSION - Cleanliness (eac4856f-670e-4441-ac2c-f4609e64ffa0)
2025-01-27 20:07:12,752 - ontorum.api - INFO -     States: [UUID('7b3a12b9-7f0b-4073-a820-b9f14462b71b'), UUID('6d1be034-e3d8-42ee-a354-7871abf24c57'), UUID('3dfbae81-58c2-4da2-99e4-0573e831475f')]
2025-01-27 20:07:12,747 - ontorum.api - INFO -   Dimensions: [UUID('638573a8-a06d-4084-8e9c-c26775ac0571'), UUID('398da657-8c72-480c-b101-9e3caf5b25c4'), UUID('a4a73f63-efee-4432-bcba-01a781de050d')]
2025-01-27 20:07:12,752 - ontorum.api - INFO -   NodeType.STATE - Clean (7b3a12b9-7f0b-4073-a820-b9f14462b71b)
2025-01-27 20:07:12,766 - ontorum.api - INFO -   NodeType.STATE - Dirty (6d1be034-e3d8-42ee-a354-7871abf24c57)
2025-01-27 20:07:12,781 - ontorum.api - INFO -   NodeType.STATE - Sanitized (3dfbae81-58c2-4da2-99e4-0573e831475f)
2025-01-27 20:07:12,746 - ontorum.api - INFO - Mock node: NodeType.STATE - Sanitized (98936e66-931b-4c16-8557-0e433eadb3c5)
2025-01-27 20:07:12,803 - ontorum.api - INFO -   NodeType.DIMENSION - Material (7630af87-52ae-4764-8c6c-37dcf54b90aa)
2025-01-27 20:07:12,747 - ontorum.api - INFO -   NodeType.DIMENSION - Cleanliness (fb7e72ad-39c5-461a-bcef-9476ffec1eda)
2025-01-27 20:07:12,803 - ontorum.api - INFO -     States: [UUID('b503644a-1f54-40de-9695-4247b0cd7391'), UUID('e2eac913-1b38-4765-842d-d088d78b58fd'), UUID('0db94dff-d42a-4532-b5b7-a1a3858dbec0')]
2025-01-27 20:07:12,746 - ontorum.api - INFO - Mock node: NodeType.STATE - Cold (b9a4b958-7b86-43dc-ab29-a0ac11e526a0)
2025-01-27 20:07:12,748 - ontorum.api - INFO -   NodeType.STATE - Plastic (632a3e5c-9990-4b55-8cd0-5ee4f674714a)
2025-01-27 20:07:12,804 - ontorum.api - INFO -   NodeType.STATE - Stainless Steel (b503644a-1f54-40de-9695-4247b0cd7391)
2025-01-27 20:07:12,745 - ontorum.example - INFO - Initialized IceCreamScoopExpander
2025-01-27 20:07:12,804 - ontorum.api - INFO -   NodeType.STATE - Aluminum (e2eac913-1b38-4765-842d-d088d78b58fd)
2025-01-27 20:07:12,748 - ontorum.example - INFO - Created new state: Plastic for Material
2025-01-27 20:07:12,748 - ontorum.example - INFO - Discovered dimensions for Ice Cream Scoop #12 from universal
2025-01-27 20:07:12,749 - ontorum.api - INFO -   NodeType.DIMENSION - Temperature (d3a7a5e2-eba8-428d-954b-be74c6e8bbef)
2025-01-27 20:07:12,752 - ontorum.api - INFO -   Sub-entities: []
2025-01-27 20:07:12,803 - ontorum.api - INFO - Mock node: NodeType.DIMENSION - Material (75aafd5c-a135-42ad-bf80-48833dbfd9a2)
2025-01-27 20:07:12,804 - ontorum.api - INFO -     States: [UUID('a71ab0b7-cc80-40a7-ae0a-4c4028d9bbf5'), UUID('bba007c6-4ede-44a8-95bf-cd33becc8dc7'), UUID('f86be561-368b-40c5-a043-5e34cb43e963')]
2025-01-27 20:07:12,746 - ontorum.api - WARNING - Failed to connect to database: Using mock data for development. Using mock data.
2025-01-27 20:07:12,804 - ontorum.api - INFO - Mock node: NodeType.STATE - Room Temperature (afb27a5a-c3d3-4581-9cc3-f2e056f85e5b)
2025-01-27 20:07:12,804 - ontorum.api - INFO - API starting up
2025-01-27 20:07:12,805 - ontorum.api - INFO -   NodeType.STATE - Plastic (0db94dff-d42a-4532-b5b7-a1a3858dbec0)
2025-01-27 20:07:12,804 - ontorum.api - INFO -   NodeType.DIMENSION - Temperature (6b51f07a-1017-4864-a13d-7d681a393fe3)
2025-01-27 20:07:12,806 - ontorum.example - INFO - Added dimension Temperature to universal Ice Cream Scoop
2025-01-27 20:07:12,806 - ontorum.example - INFO - Creating sub-entities for Ice Cream Scoop #12
2025-01-27 20:07:12,806 - ontorum.api - INFO - Mock data initialization complete
2025-01-27 20:07:12,806 - ontorum.api - INFO -     States: [UUID('2f5a931e-987e-4fc3-af2d-4600964edfa7'), UUID('12e35bee-08cb-4cf1-bf0b-ebab91ae7b3b'), UUID('0879139c-cd2c-4472-9b11-af48f7b08214')]
2025-01-27 20:07:12,809 - ontorum.api - INFO -   NodeType.STATE - Clean (a71ab0b7-cc80-40a7-ae0a-4c4028d9bbf5)
2025-01-27 20:07:12,834 - ontorum.api - INFO - Mock node: NodeType.STATE - Hot (d8eaf21d-e27e-4c91-abd8-c5ee4d842da9)
2025-01-27 20:07:12,835 - ontorum.api - INFO - Using mock data
2025-01-27 20:07:12,805 - ontorum.api - INFO - Created mock scoop with ID: 0943e034-8333-407d-ad91-317db6a4dd51
2025-01-27 20:07:12,837 - ontorum.api - INFO -   NodeType.DIMENSION - Temperature (dcd8df61-5361-4ae6-8c16-bd70b6240c60)
2025-01-27 20:07:12,837 - ontorum.example - INFO - Created new state: Cold for Temperature
2025-01-27 20:07:12,837 - ontorum.api - INFO -     States: [UUID('b3eeef38-3142-4bed-a47d-06dd8dba9769'), UUID('d5de0290-d5d0-4cbd-aad0-1cce326bb259'), UUID('82f09ac7-e5cd-45dd-9d4f-4f524a9d788a')]
2025-01-27 20:07:12,839 - ontorum.example - INFO - Found existing universal: Ice Cream Scoop
2025-01-27 20:07:12,840 - ontorum.api - INFO - Mock data initialized with 16 nodes
2025-01-27 20:07:12,808 - ontorum.api - INFO -   States: [UUID('81b77b20-ceff-4500-b69d-6dda52b66898'), UUID('cf2424e2-40d2-4bbe-b338-0a337acbb116'), UUID('f689c5bf-2658-44f4-833f-299ec7542382')]
2025-01-27 20:07:12,842 - ontorum.api - INFO -   NodeType.STATE - Cold (2f5a931e-987e-4fc3-af2d-4600964edfa7)
2025-01-27 20:07:12,842 - ontorum.api - INFO -   NodeType.STATE - Dirty (bba007c6-4ede-44a8-95bf-cd33becc8dc7)
2025-01-27 20:07:12,843 - ontorum.api - INFO - Starting mock data initialization
2025-01-27 20:07:12,843 - ontorum.api - INFO -     States: [UUID('17771717-7573-49a6-82ac-2d98364cbacb'), UUID('42a588aa-3c96-44b3-9bb7-d572b6f46662'), UUID('32519658-47ed-48e1-8492-476a1081bde6')]
2025-01-27 20:07:12,844 - ontorum.example - INFO - Discovered dimensions for Ice Cream Scoop #12 Handle from universal
2025-01-27 20:07:12,844 - ontorum.example - INFO - Created new state: Room Temperature for Temperature
2025-01-27 20:07:12,844 - ontorum.api - INFO -   NodeType.STATE - Cold (b3eeef38-3142-4bed-a47d-06dd8dba9769)
2025-01-27 20:07:12,845 - ontorum.api - INFO - Mock data nodes:
2025-01-27 20:07:12,843 - ontorum.example - INFO - Creating new universal: Ice Cream Scoop
2025-01-27 20:07:12,846 - ontorum.api - INFO -   NodeType.STATE - Room Temperature (12e35bee-08cb-4cf1-bf0b-ebab91ae7b3b)
2025-01-27 20:07:12,846 - ontorum.example - INFO - Initialized IceCreamScoopExpander
2025-01-27 20:07:12,846 - ontorum.api - INFO -   NodeType.STATE - Sanitized (f86be561-368b-40c5-a043-5e34cb43e963)
2025-01-27 20:07:12,847 - ontorum.api - INFO -   Universal: 3d4026a4-d80e-4a3c-9f6a-ee0453b54892
2025-01-27 20:07:12,847 - ontorum.api - INFO -   NodeType.STATE - Cold (17771717-7573-49a6-82ac-2d98364cbacb)
2025-01-27 20:07:12,847 - ontorum.api - INFO -   NodeType.STATE - Room Temperature (d5de0290-d5d0-4cbd-aad0-1cce326bb259)
2025-01-27 20:07:12,847 - ontorum.example - INFO - Created new state: Hot for Temperature
2025-01-27 20:07:12,845 - ontorum.api - INFO - Mock node: NodeType.STATE - Stainless Steel (81b77b20-ceff-4500-b69d-6dda52b66898)
2025-01-27 20:07:12,848 - ontorum.api - INFO -   NodeType.PARTICULAR - Ice Cream Scoop #12 (ef158946-d97e-42ae-8f4a-00de02744bc7)
2025-01-27 20:07:12,849 - ontorum.api - INFO -   NodeType.STATE - Hot (0879139c-cd2c-4472-9b11-af48f7b08214)
2025-01-27 20:07:12,850 - ontorum.api - INFO - Created mock scoop with ID: 2b3e8005-b4d0-4c1e-9b70-81c744fe9e18
2025-01-27 20:07:12,851 - ontorum.api - INFO -   Dimensions: [UUID('2c7a8ae3-5c27-4727-92dc-24856a017d56'), UUID('c533ebf8-e1ef-4e5b-b393-7c5c99b18ee8'), UUID('c00b41cf-a585-42cd-9ffb-08fbc2cb44e0')]
2025-01-27 20:07:12,853 - ontorum.example - INFO - Discovered dimensions for Ice Cream Scoop #12 from universal
2025-01-27 20:07:12,853 - ontorum.api - INFO -   NodeType.STATE - Hot (82f09ac7-e5cd-45dd-9d4f-4f524a9d788a)
2025-01-27 20:07:12,853 - ontorum.api - INFO -   NodeType.STATE - Room Temperature (42a588aa-3c96-44b3-9bb7-d572b6f46662)
2025-01-27 20:07:12,849 - ontorum.example - INFO - Created new dimension: Cleanliness
2025-01-27 20:07:12,853 - ontorum.example - INFO - Discovered dimensions for Ice Cream Scoop #12 Bowl from universal
2025-01-27 20:07:12,853 - ontorum.api - INFO -     Universal: 9bde8fba-0a33-4fff-81d3-0a98ea630b7a
2025-01-27 20:07:12,853 - ontorum.api - INFO - Mock node: NodeType.STATE - Aluminum (cf2424e2-40d2-4bbe-b338-0a337acbb116)
2025-01-27 20:07:12,854 - ontorum.example - INFO - Creating new universal: Ice Cream Scoop
2025-01-27 20:07:12,854 - ontorum.api - INFO -   NodeType.PARTICULAR - Ice Cream Scoop #12 Handle (16a22d84-4ffd-4454-bbb0-c691621646d2)
2025-01-27 20:07:12,855 - ontorum.api - INFO -   Sub-entities: []
2025-01-27 20:07:12,855 - ontorum.api - INFO -     States: [UUID('611fa2b9-6c06-4993-a54f-f6bd13499926'), UUID('a0a9b864-004a-4bbb-a499-ba80b4e75870'), UUID('d70f72ef-9484-4ebe-b9bb-604619ecd8db')]
2025-01-27 20:07:12,855 - ontorum.example - INFO - Creating sub-entities for Ice Cream Scoop #12
2025-01-27 20:07:12,855 - ontorum.api - INFO -   NodeType.PARTICULAR - Ice Cream Scoop #12 Handle (84464e9b-0979-47d5-9d21-3d2944d41c76)
2025-01-27 20:07:12,856 - ontorum.api - INFO -   NodeType.STATE - Hot (32519658-47ed-48e1-8492-476a1081bde6)
2025-01-27 20:07:12,858 - ontorum.api - INFO -     Dimensions: [UUID('638573a8-a06d-4084-8e9c-c26775ac0571'), UUID('398da657-8c72-480c-b101-9e3caf5b25c4'), UUID('a4a73f63-efee-4432-bcba-01a781de050d')]
2025-01-27 20:07:12,858 - ontorum.api - INFO - Mock node: NodeType.STATE - Plastic (f689c5bf-2658-44f4-833f-299ec7542382)
2025-01-27 20:07:12,858 - ontorum.api - INFO - Initialized mock data with 16 nodes
2025-01-27 20:07:12,859 - ontorum.api - INFO -     Universal: f017bd1a-f0e7-43fb-ac55-f26f53b95536
2025-01-27 20:07:12,859 - ontorum.example - INFO - Created new dimension: Cleanliness
2025-01-27 20:07:12,860 - ontorum.api - INFO - Mock node: NodeType.PARTICULAR - Ice Cream Scoop #12 Bowl (9ba96a19-5b90-47da-9a66-5cbd785c2374)
2025-01-27 20:07:12,861 - ontorum.api - INFO -   NodeType.STATE - Stainless Steel (611fa2b9-6c06-4993-a54f-f6bd13499926)
2025-01-27 20:07:12,861 - ontorum.example - INFO - Found existing universal: Ice Cream Scoop
2025-01-27 20:07:12,862 - ontorum.api - INFO -     Universal: 31a1913a-bcc7-4045-aa38-24876745700c
2025-01-27 20:07:12,864 - ontorum.api - INFO -   NodeType.PARTICULAR - Ice Cream Scoop #12 Handle (69290011-8cb7-432e-b37d-e6185fb0e3cc)
2025-01-27 20:07:12,874 - ontorum.api - INFO -   NodeType.UNIVERSAL - Ice Cream Scoop (9bde8fba-0a33-4fff-81d3-0a98ea630b7a)
2025-01-27 20:07:12,877 - ontorum.api - INFO - Mock node: NodeType.PARTICULAR - Ice Cream Scoop #12 (17db7b1f-8fcc-4bf6-be1d-8a03e768239f)
2025-01-27 20:07:12,877 - ontorum.api - INFO - Mock node: NodeType.DIMENSION - Temperature (4c21500c-c3ee-4865-b3fe-443dcdfee613)
2025-01-27 20:07:12,895 - ontorum.api - INFO -     Dimensions: [UUID('638573a8-a06d-4084-8e9c-c26775ac0571'), UUID('398da657-8c72-480c-b101-9e3caf5b25c4'), UUID('a4a73f63-efee-4432-bcba-01a781de050d')]
2025-01-27 20:07:12,878 - ontorum.api - INFO -     Dimensions: [UUID('cc1183f9-1945-4e73-915e-34e059c418a6'), UUID('fa311d67-97df-4587-b123-958f9c2a4cd6'), UUID('d3a7a5e2-eba8-428d-954b-be74c6e8bbef')]
2025-01-27 20:07:12,896 - ontorum.api - INFO -   NodeType.DIMENSION - Cleanliness (638573a8-a06d-4084-8e9c-c26775ac0571)
2025-01-27 20:07:12,897 - ontorum.api - INFO -     States: [UUID('5ec8cf83-e00b-4a0e-b207-632c2cdb457b'), UUID('1d458d81-3f54-4029-b65f-ab13a4a311a9'), UUID('e6949260-373e-496d-87b1-9fe6f284e650')]
2025-01-27 20:07:12,887 - ontorum.api - INFO -   Universal: 3d4026a4-d80e-4a3c-9f6a-ee0453b54892
2025-01-27 20:07:12,880 - ontorum.example - INFO - Created new dimension: Material
2025-01-27 20:07:12,897 - ontorum.api - INFO -   NodeType.STATE - Clean (5ec8cf83-e00b-4a0e-b207-632c2cdb457b)
2025-01-27 20:07:12,892 - ontorum.api - INFO -   NodeType.STATE - Aluminum (a0a9b864-004a-4bbb-a499-ba80b4e75870)
2025-01-27 20:07:12,892 - ontorum.example - INFO - Discovered dimensions for Ice Cream Scoop #12 Handle from universal
2025-01-27 20:07:12,898 - ontorum.api - INFO -   NodeType.STATE - Dirty (1d458d81-3f54-4029-b65f-ab13a4a311a9)
2025-01-27 20:07:12,894 - ontorum.api - INFO -     Dimensions: [UUID('73c1dc6c-5b52-46d8-a973-0335c77849c6'), UUID('8527be5c-b1dc-429f-8507-61509c2cbdc4'), UUID('6b51f07a-1017-4864-a13d-7d681a393fe3')]
2025-01-27 20:07:12,894 - ontorum.api - INFO -     Universal: 95f529f0-1a4c-48c5-aaa6-955ac389bbb0
2025-01-27 20:07:12,899 - ontorum.api - INFO -   NodeType.STATE - Sanitized (e6949260-373e-496d-87b1-9fe6f284e650)
2025-01-27 20:07:12,895 - ontorum.api - INFO - Using mock data
2025-01-27 20:07:12,895 - ontorum.api - INFO -   Universal: 9e252312-b066-4d5c-865f-2589da7cfff8
2025-01-27 20:07:12,896 - ontorum.api - INFO -   States: [UUID('3026d65f-6a7f-4c49-9a0b-4da2970f2264'), UUID('dad0cc32-5a3d-4856-bd4c-486fa67da6dd'), UUID('2939c1da-d16e-40fc-ab14-b1cb0df6606f')]
2025-01-27 20:07:12,896 - ontorum.api - INFO -   NodeType.PARTICULAR - Ice Cream Scoop #12 Bowl (5dd7952c-56d4-4ed3-bd8e-486d21bb9c9e)
2025-01-27 20:07:12,898 - ontorum.api - INFO -   Dimensions: [UUID('2c7a8ae3-5c27-4727-92dc-24856a017d56'), UUID('c533ebf8-e1ef-4e5b-b393-7c5c99b18ee8'), UUID('c00b41cf-a585-42cd-9ffb-08fbc2cb44e0')]
2025-01-27 20:07:12,898 - ontorum.example - INFO - Created new dimension: Temperature
2025-01-27 20:07:12,899 - ontorum.api - INFO -   NodeType.STATE - Plastic (d70f72ef-9484-4ebe-b9bb-604619ecd8db)
2025-01-27 20:07:12,899 - ontorum.example - INFO - Found existing universal: Ice Cream Scoop
f4609e64ffa0'), UUID('7630af87-52ae-4764-8c6c-37dcf54b90aa'), UUID('dcd8df61-5361-4ae6-8c16-bd70b6240c60')]
2025-01-27 20:07:12,899 - ontorum.api - INFO -   NodeType.PARTICULAR - Ice Cream Scoop #12 Bowl (8fc2e474-9b4d-45de-8825-941885bc05b9)
2025-01-27 20:07:12,900 - ontorum.api - INFO -   NodeType.DIMENSION - Material (398da657-8c72-480c-b101-9e3caf5b25c4)
2025-01-27 20:07:12,900 - ontorum.api - INFO - Starting mock data initialization
2025-01-27 20:07:12,896 - ontorum.example - INFO - Created new dimension: Temperature
2025-01-27 20:07:12,901 - ontorum.api - INFO - Mock node: NodeType.STATE - Cold (3026d65f-6a7f-4c49-9a0b-4da2970f2264)
2025-01-27 20:07:12,903 - ontorum.api - INFO -   Sub-entities: []
2025-01-27 20:07:12,903 - ontorum.example - INFO - Added dimension Cleanliness to universal Ice Cream Scoop
2025-01-27 20:07:12,904 - ontorum.api - INFO -   NodeType.DIMENSION - Temperature (c2b76ffc-cd86-4737-b183-42bdea9312ef)
2025-01-27 20:07:12,904 - ontorum.example - INFO - Discovered dimensions for Ice Cream Scoop #12 Bowl from universal
2025-01-27 20:07:12,904 - ontorum.api - INFO -   NodeType.PARTICULAR - Ice Cream Scoop #12 Bowl (cbede9ef-cee4-4fd1-a82c-825ba7d85243)
2025-01-27 20:07:12,907 - ontorum.example - INFO - Initialized IceCreamScoopExpander
2025-01-27 20:07:12,905 - ontorum.api - INFO -     Universal: 31a1913a-bcc7-4045-aa38-24876745700c
2025-01-27 20:07:12,907 - ontorum.api - INFO -     States: [UUID('cf1e6d4f-a25c-4ae4-b77d-cf792773aaa7'), UUID('878286f5-a9b9-4619-b5f1-f31bfc7f8db9'), UUID('e0e4221f-afb4-4500-972a-1754c2ed5cce')]
2025-01-27 20:07:12,901 - ontorum.api - INFO -   Dimensions: [UUID('bbb77fd8-0afc-45ef-b33f-9832c8cbbac5'), UUID('ec3f5315-92a9-4f9f-a5e6-5a2796538a91'), UUID('0a2fc59c-dbc9-45c0-85dd-9715c62a3731')]
2025-01-27 20:07:12,901 - ontorum.api - INFO -     Universal: f017bd1a-f0e7-43fb-ac55-f26f53b95536
2025-01-27 20:07:12,908 - ontorum.api - INFO - Mock data initialization complete
2025-01-27 20:07:12,908 - ontorum.api - INFO - Mock node: NodeType.STATE - Room Temperature (dad0cc32-5a3d-4856-bd4c-486fa67da6dd)
2025-01-27 20:07:12,908 - ontorum.example - INFO - Created new state: Clean for Cleanliness
2025-01-27 20:07:12,909 - ontorum.api - INFO -     States: [UUID('d25ee16e-20cc-4133-95fd-611249015241'), UUID('7443a079-ac78-4dae-9309-cb00e3cf8c84'), UUID('ca6a60a4-1aab-40f6-8628-ffed7fa36cf8')]
2025-01-27 20:07:12,910 - ontorum.api - INFO - Initialized mock data with 16 nodes
2025-01-27 20:07:12,910 - ontorum.api - INFO -     Universal: 95f529f0-1a4c-48c5-aaa6-955ac389bbb0
2025-01-27 20:07:12,907 - ontorum.example - INFO - Added dimension Cleanliness to universal Ice Cream Scoop
2025-01-27 20:07:12,910 - ontorum.api - INFO - Created mock scoop with ID: bc175d46-b4bf-4d1b-ac75-5911b019dcbc
2025-01-27 20:07:12,911 - ontorum.api - INFO -     Dimensions: [UUID('73c1dc6c-5b52-46d8-a973-0335c77849c6'), UUID('8527be5c-b1dc-429f-8507-61509c2cbdc4'), UUID('6b51f07a-1017-4864-a13d-7d681a393fe3')]
2025-01-27 20:07:12,911 - ontorum.api - INFO -   NodeType.STATE - Stainless Steel (cf1e6d4f-a25c-4ae4-b77d-cf792773aaa7)
2025-01-27 20:07:12,911 - ontorum.api - INFO -   Sub-entities: [UUID('20c0563f-ec97-4eac-b170-52b0ef9a8988'), UUID('ef9ddcb8-de82-4071-8fe2-8ff2a3ed61f2')]
2025-01-27 20:07:12,911 - ontorum.api - INFO -     Dimensions: [UUID('cc1183f9-1945-4e73-915e-34e059c418a6'), UUID('fa311d67-97df-4587-b123-958f9c2a4cd6'), UUID('d3a7a5e2-eba8-428d-954b-be74c6e8bbef')]
2025-01-27 20:07:12,912 - ontorum.api - INFO - Mock node: NodeType.STATE - Hot (2939c1da-d16e-40fc-ab14-b1cb0df6606f)
2025-01-27 20:07:12,912 - ontorum.api - INFO - Mock data initialized with 16 nodes
2025-01-27 20:07:12,913 - ontorum.example - INFO - Created new state: Dirty for Cleanliness
2025-01-27 20:07:12,913 - ontorum.api - INFO -     Dimensions: [UUID('eac4856f-670e-4441-ac2c-f4609e64ffa0'), UUID('7630af87-52ae-4764-8c6c-37dcf54b90aa'), UUID('dcd8df61-5361-4ae6-8c16-bd70b6240c60')]
2025-01-27 20:07:12,913 - ontorum.api - INFO -   NodeType.STATE - Cold (d25ee16e-20cc-4133-95fd-611249015241)
2025-01-27 20:07:12,913 - ontorum.api - INFO - Mock node: NodeType.PARTICULAR - Ice Cream Scoop #12 (62704b43-5666-4bf5-b9b5-e8ee32da8d4a)
2025-01-27 20:07:12,914 - ontorum.example - INFO - Creating new universal: Ice Cream Scoop
2025-01-27 20:07:12,915 - ontorum.api - INFO -   NodeType.STATE - Aluminum (878286f5-a9b9-4619-b5f1-f31bfc7f8db9)
2025-01-27 20:07:12,916 - ontorum.api - INFO - Mock node: NodeType.UNIVERSAL - Ice Cream Scoop (9e252312-b066-4d5c-865f-2589da7cfff8)
2025-01-27 20:07:12,917 - ontorum.api - INFO - Mock data nodes:
mension: Cleanliness
am Scoop #12 Handle (0cfdf5bd-9884-46bd-b04d-4abfc18099ed)
2025-01-27 20:07:12,920 - ontorum.api - INFO -   NodeType.STATE - Plastic (e0e4221f-afb4-4500-972a-1754c2ed5cce)
2025-01-27 20:07:12,921 - ontorum.api - INFO - Mock node: NodeType.DIMENSION - Cleanliness (bbb77fd8-0afc-45ef-b33f-9832c8cbbac5)
2025-01-27 20:07:12,917 - ontorum.example - INFO - Created new state: Sanitized for Cleanliness
2025-01-27 20:07:12,917 - ontorum.api - INFO -   NodeType.STATE - Room Temperature (7443a079-ac78-4dae-9309-cb00e3cf8c84)
2025-01-27 20:07:12,914 - ontorum.example - INFO - Created new state: Clean for Cleanliness
2025-01-27 20:07:12,918 - ontorum.api - INFO -   Universal: b682ccfc-e23a-4c54-856e-66d370b2db7b
2025-01-27 20:07:12,922 - ontorum.api - INFO -   NodeType.PARTICULAR - Ice Cream Scoop #12 (980be438-3884-4c45-aed8-102791143904)
2025-01-27 20:07:12,922 - ontorum.example - INFO - Created new dimension: Material
2025-01-27 20:07:12,922 - ontorum.api - INFO -   Universal: 87d2f52a-b7f8-4eff-8d5f-2ebfa41339d2
2025-01-27 20:07:12,923 - ontorum.api - INFO -   NodeType.DIMENSION - Temperature (a4a73f63-efee-4432-bcba-01a781de050d)
2025-01-27 20:07:12,924 - ontorum.api - INFO -   States: [UUID('7a74ccf7-304b-4667-a554-019413352687'), UUID('4102fa6f-f1fd-4207-9467-cf246a83c835'), UUID('b32640bd-a259-4063-a282-9ad8f4ee2c6b')]
2025-01-27 20:07:12,926 - ontorum.example - INFO - Added dimension Material to universal Ice Cream Scoop
2025-01-27 20:07:12,927 - ontorum.api - INFO -   NodeType.STATE - Hot (ca6a60a4-1aab-40f6-8628-ffed7fa36cf8)
2025-01-27 20:07:12,927 - ontorum.api - INFO -   Dimensions: [UUID('fcba6389-8141-43c2-9180-ec662d1f922d'), UUID('9bb5667c-2b20-4bcd-83d5-3d13617b33ea'), UUID('ed4cacc3-ec0b-49dd-8047-ac2e499bc182')]
2025-01-27 20:07:12,930 - ontorum.api - INFO -     Universal: 3d4026a4-d80e-4a3c-9f6a-ee0453b54892
2025-01-27 20:07:12,930 - ontorum.example - INFO - Created new dimension: Temperature
2025-01-27 20:07:12,931 - ontorum.api - INFO -   Dimensions: [UUID('d8e5a600-bbdd-4e64-b78b-2b5e9e04df11'), UUID('75aafd5c-a135-42ad-bf80-48833dbfd9a2'), UUID('4c21500c-c3ee-4865-b3fe-443dcdfee613')]
2025-01-27 20:07:12,932 - ontorum.api - INFO -     States: [UUID('ad6bc271-1077-4c71-bb25-1f992dcd8cb1'), UUID('8afb7433-fdbc-4c2f-bd26-5b48c52784df'), UUID('dd820736-f765-43cc-9f1e-c9bae25c39b5')]
2025-01-27 20:07:12,935 - ontorum.api - INFO - Mock node: NodeType.STATE - Clean (7a74ccf7-304b-4667-a554-019413352687)
2025-01-27 20:07:12,936 - ontorum.example - INFO - Created new state: Stainless Steel for Material
e8755e3-d7d2-44b1-83fe-6b0a21840c91)
2025-01-27 20:07:12,929 - ontorum.example - INFO - Created new state: Dirty for Cleanliness
2025-01-27 20:07:12,938 - ontorum.api - INFO -     Dimensions: [UUID('2c7a8ae3-5c27-4727-92dc-24856a017d56'), UUID('c533ebf8-e1ef-4e5b-b393-7c5c99b18ee8'), UUID('c00b41cf-a585-42cd-9ffb-08fbc2cb44e0')]
2025-01-27 20:07:12,938 - ontorum.api - INFO -   Sub-entities: [UUID('38ef8290-3885-4b16-acc9-460800248079'), UUID('c2eae952-cb71-4c37-ad8d-f20c921db7a6')]
2025-01-27 20:07:12,939 - ontorum.example - INFO - Added dimension Cleanliness to universal Ice Cream Scoop
2025-01-27 20:07:12,943 - ontorum.example - INFO - Created new state: Clean for Cleanliness
2025-01-27 20:07:12,939 - ontorum.api - INFO -   Sub-entities: []
2025-01-27 20:07:12,939 - ontorum.api - INFO -   NodeType.STATE - Cold (ad6bc271-1077-4c71-bb25-1f992dcd8cb1)
2025-01-27 20:07:12,940 - ontorum.api - INFO - Mock node: NodeType.STATE - Dirty (4102fa6f-f1fd-4207-9467-cf246a83c835)
2025-01-27 20:07:12,940 - ontorum.api - INFO -     Universal: 3f8de6a5-8c10-4c00-bca2-6c002a530b8c
2025-01-27 20:07:12,940 - ontorum.example - INFO - Created new state: Aluminum for Material
2025-01-27 20:07:12,941 - ontorum.api - INFO -   NodeType.UNIVERSAL - Ice Cream Scoop (3d4026a4-d80e-4a3c-9f6a-ee0453b54892)
2025-01-27 20:07:12,941 - ontorum.api - INFO - Mock node: NodeType.UNIVERSAL - Ice Cream Scoop (b682ccfc-e23a-4c54-856e-66d370b2db7b)
2025-01-27 20:07:12,944 - ontorum.example - INFO - Created new state: Dirty for Cleanliness
2025-01-27 20:07:12,945 - ontorum.api - INFO - Mock node: NodeType.PARTICULAR - Ice Cream Scoop #12 Bowl (ac8c54e4-7bd8-49a7-b63c-7f8fb60063ea)
2025-01-27 20:07:12,946 - ontorum.api - INFO -   NodeType.STATE - Room Temperature (8afb7433-fdbc-4c2f-bd26-5b48c52784df)
2025-01-27 20:07:12,947 - ontorum.api - INFO -     Dimensions: [UUID('fb7e72ad-39c5-461a-bcef-9476ffec1eda'), UUID('04b0ed71-8a7f-48cf-ae6c-72bb1cff6156'), UUID('c2b76ffc-cd86-4737-b183-42bdea9312ef')]
2025-01-27 20:07:12,947 - ontorum.api - INFO - Mock node: NodeType.STATE - Sanitized (b32640bd-a259-4063-a282-9ad8f4ee2c6b)
2025-01-27 20:07:12,947 - ontorum.example - INFO - Created new state: Plastic for Material
2025-01-27 20:07:12,941 - ontorum.example - INFO - Created new state: Sanitized for Cleanliness
2025-01-27 20:07:12,948 - ontorum.api - INFO -     Dimensions: [UUID('2c7a8ae3-5c27-4727-92dc-24856a017d56'), UUID('c533ebf8-e1ef-4e5b-b393-7c5c99b18ee8'), UUID('c00b41cf-a585-42cd-9ffb-08fbc2cb44e0')]
2025-01-27 20:07:12,948 - ontorum.api - INFO - Mock node: NodeType.DIMENSION - Cleanliness (fcba6389-8141-43c2-9180-ec662d1f922d)
2025-01-27 20:07:12,950 - ontorum.example - INFO - Created new state: Sanitized for Cleanliness
2025-01-27 20:07:12,950 - ontorum.api - INFO -   Universal: 87d2f52a-b7f8-4eff-8d5f-2ebfa41339d2
2025-01-27 20:07:12,951 - ontorum.api - INFO -   NodeType.STATE - Hot (dd820736-f765-43cc-9f1e-c9bae25c39b5)
2025-01-27 20:07:12,951 - ontorum.api - INFO -   NodeType.PARTICULAR - Ice Cream Scoop #12 Bowl (cbe856e2-ce25-4006-9efd-618df7f05b68)
2025-01-27 20:07:12,952 - ontorum.api - INFO - Mock node: NodeType.DIMENSION - Material (ec3f5315-92a9-4f9f-a5e6-5a2796538a91)
2025-01-27 20:07:12,952 - ontorum.example - INFO - Added dimension Temperature to universal Ice Cream Scoop
2025-01-27 20:07:12,953 - ontorum.api - INFO -   NodeType.DIMENSION - Cleanliness (2c7a8ae3-5c27-4727-92dc-24856a017d56)
2025-01-27 20:07:12,953 - ontorum.api - INFO -   States: [UUID('69dcbd14-bcb1-4377-af89-e3272dd43ac9'), UUID('97f1150d-5dd1-4f3d-94f3-fe9fd71aadc0'), UUID('15aa92b6-b983-44ae-a1fe-c46cb1757ba6')]
2025-01-27 20:07:12,953 - ontorum.example - INFO - Added dimension Material to universal Ice Cream Scoop
2025-01-27 20:07:12,954 - ontorum.api - INFO -   Dimensions: [UUID('d8e5a600-bbdd-4e64-b78b-2b5e9e04df11'), UUID('75aafd5c-a135-42ad-bf80-48833dbfd9a2'), UUID('4c21500c-c3ee-4865-b3fe-443dcdfee613')]
2025-01-27 20:07:12,954 - ontorum.api - INFO -   NodeType.PARTICULAR - Ice Cream Scoop #12 Handle (03915086-b942-4836-8bad-f63480200727)
2025-01-27 20:07:12,954 - ontorum.api - INFO -     Universal: 3f8de6a5-8c10-4c00-bca2-6c002a530b8c
2025-01-27 20:07:12,952 - ontorum.example - INFO - Added dimension Material to universal Ice Cream Scoop
2025-01-27 20:07:12,954 - ontorum.api - INFO -   States: [UUID('69c5ba18-234e-4fca-9281-44ba8deda19c'), UUID('ce49277c-94bc-4e79-9059-e4c342df06e3'), UUID('2cea5783-610d-494f-9224-1d3abae325a2')]
2025-01-27 20:07:12,955 - ontorum.api - INFO -     States: [UUID('26951f82-20d8-4a81-b6ad-ff23e4c553ca'), UUID('32a7b28a-f508-4ac1-80fa-4f44a4ee3471'), UUID('5a540abb-8199-4324-aa22-b8c417c6c2ca')]
2025-01-27 20:07:12,955 - ontorum.example - INFO - Created new state: Cold for Temperature
2025-01-27 20:07:12,955 - ontorum.api - INFO - Mock node: NodeType.STATE - Clean (69dcbd14-bcb1-4377-af89-e3272dd43ac9)
2025-01-27 20:07:12,959 - ontorum.example - INFO - Created new state: Stainless Steel for Material
2025-01-27 20:07:12,959 - ontorum.api - INFO -   Sub-entities: []
2025-01-27 20:07:12,959 - ontorum.api - INFO -     Universal: 9bde8fba-0a33-4fff-81d3-0a98ea630b7a
2025-01-27 20:07:12,960 - ontorum.api - INFO -     Dimensions: [UUID('fb7e72ad-39c5-461a-bcef-9476ffec1eda'), UUID('04b0ed71-8a7f-48cf-ae6c-72bb1cff6156'), UUID('c2b76ffc-cd86-4737-b183-42bdea9312ef')]
2025-01-27 20:07:12,960 - ontorum.api - INFO -   NodeType.STATE - Clean (26951f82-20d8-4a81-b6ad-ff23e4c553ca)
2025-01-27 20:07:12,960 - ontorum.api - INFO - Mock node: NodeType.STATE - Stainless Steel (69c5ba18-234e-4fca-9281-44ba8deda19c)
2025-01-27 20:07:12,960 - ontorum.example - INFO - Created new state: Room Temperature for Temperature
2025-01-27 20:07:12,961 - ontorum.api - INFO - Mock node: NodeType.STATE - Dirty (97f1150d-5dd1-4f3d-94f3-fe9fd71aadc0)
2025-01-27 20:07:12,965 - ontorum.example - INFO - Created new state: Aluminum for Material
2025-01-27 20:07:12,965 - ontorum.api - INFO - Mock data initialization complete
2025-01-27 20:07:12,960 - ontorum.example - INFO - Created new state: Stainless Steel for Material
2025-01-27 20:07:12,968 - ontorum.api - INFO -     Dimensions: [UUID('638573a8-a06d-4084-8e9c-c26775ac0571'), UUID('398da657-8c72-480c-b101-9e3caf5b25c4'), UUID('a4a73f63-efee-4432-bcba-01a781de050d')]
2025-01-27 20:07:12,969 - ontorum.api - INFO -   NodeType.STATE - Dirty (32a7b28a-f508-4ac1-80fa-4f44a4ee3471)
2025-01-27 20:07:12,969 - ontorum.api - INFO - Mock node: NodeType.STATE - Aluminum (ce49277c-94bc-4e79-9059-e4c342df06e3)
2025-01-27 20:07:12,969 - ontorum.example - INFO - Created new state: Hot for Temperature
2025-01-27 20:07:12,970 - ontorum.api - INFO - Mock node: NodeType.STATE - Sanitized (15aa92b6-b983-44ae-a1fe-c46cb1757ba6)
2025-01-27 20:07:12,972 - ontorum.example - INFO - Created new state: Plastic for Material
2025-01-27 20:07:12,973 - ontorum.api - INFO - Mock data initialized with 16 nodes
2025-01-27 20:07:12,975 - ontorum.api - INFO -   NodeType.PARTICULAR - Ice Cream Scoop #12 Bowl (535fd94f-3434-4d82-a3f9-b2fd863a3c99)
2025-01-27 20:07:12,977 - ontorum.api - INFO - Mock node: NodeType.STATE - Plastic (2cea5783-610d-494f-9224-1d3abae325a2)
2025-01-27 20:07:12,977 - ontorum.api - INFO -   NodeType.STATE - Sanitized (5a540abb-8199-4324-aa22-b8c417c6c2ca)
2025-01-27 20:07:12,978 - ontorum.api - INFO - Mock node: NodeType.DIMENSION - Material (9bb5667c-2b20-4bcd-83d5-3d13617b33ea)
2025-01-27 20:07:12,985 - ontorum.api - INFO -   NodeType.DIMENSION - Material (c533ebf8-e1ef-4e5b-b393-7c5c99b18ee8)
2025-01-27 20:07:12,980 - ontorum.api - INFO - Mock data nodes:
2025-01-27 20:07:12,986 - ontorum.api - INFO -     States: [UUID('95c79ee6-0a4b-4f9c-90f2-06ce3f539c42'), UUID('f94849e9-ba22-43b8-a28a-617200ebb0f2'), UUID('15539e86-2a49-43d8-904e-8d5560dbfc1b')]
2025-01-27 20:07:12,980 - ontorum.example - INFO - Added dimension Temperature to universal Ice Cream Scoop
2025-01-27 20:07:12,986 - ontorum.api - INFO -   NodeType.STATE - Stainless Steel (95c79ee6-0a4b-4f9c-90f2-06ce3f539c42)
2025-01-27 20:07:12,975 - ontorum.example - INFO - Created new state: Aluminum for Material
2025-01-27 20:07:12,987 - ontorum.api - INFO -   NodeType.STATE - Aluminum (f94849e9-ba22-43b8-a28a-617200ebb0f2)
2025-01-27 20:07:12,983 - ontorum.api - INFO -     Universal: 9bde8fba-0a33-4fff-81d3-0a98ea630b7a
2025-01-27 20:07:12,984 - ontorum.api - INFO - Mock node: NodeType.DIMENSION - Temperature (0a2fc59c-dbc9-45c0-85dd-9715c62a3731)
2025-01-27 20:07:12,985 - ontorum.example - INFO - Creating sub-entities for Ice Cream Scoop #12
2025-01-27 20:07:12,988 - ontorum.api - INFO -   NodeType.STATE - Plastic (15539e86-2a49-43d8-904e-8d5560dbfc1b)
2025-01-27 20:07:12,985 - ontorum.api - INFO -   States: [UUID('8e7ed3fc-f815-42bf-be93-a463170a24c0'), UUID('b8741457-b068-4dec-8491-f936978a568a'), UUID('33f17f42-d09b-45f5-bc42-17699b152105')]
2025-01-27 20:07:12,986 - ontorum.api - INFO -   NodeType.PARTICULAR - Ice Cream Scoop #12 (71d8ba5e-e948-462a-a51b-0e10f6b2c99e)
2025-01-27 20:07:12,988 - ontorum.api - INFO -   NodeType.DIMENSION - Temperature (c00b41cf-a585-42cd-9ffb-08fbc2cb44e0)
2025-01-27 20:07:12,989 - ontorum.api - INFO -     States: [UUID('b9a4b958-7b86-43dc-ab29-a0ac11e526a0'), UUID('afb27a5a-c3d3-4581-9cc3-f2e056f85e5b'), UUID('d8eaf21d-e27e-4c91-abd8-c5ee4d842da9')]
2025-01-27 20:07:12,989 - ontorum.api - INFO -   NodeType.STATE - Cold (b9a4b958-7b86-43dc-ab29-a0ac11e526a0)
2025-01-27 20:07:12,987 - ontorum.example - INFO - Created new state: Cold for Temperature
2025-01-27 20:07:12,990 - ontorum.api - INFO -   NodeType.STATE - Room Temperature (afb27a5a-c3d3-4581-9cc3-f2e056f85e5b)
2025-01-27 20:07:12,988 - ontorum.api - INFO -     Dimensions: [UUID('638573a8-a06d-4084-8e9c-c26775ac0571'), UUID('398da657-8c72-480c-b101-9e3caf5b25c4'), UUID('a4a73f63-efee-4432-bcba-01a781de050d')]
2025-01-27 20:07:12,988 - ontorum.api - INFO -   States: [UUID('76963287-2b33-45cf-ae5a-2c630a332001'), UUID('e58b1d13-f1a4-4217-ac7e-6457273fae76'), UUID('666b9f44-3c26-407d-af4c-9b65eb96dbca')]
2025-01-27 20:07:12,988 - ontorum.api - INFO - Mock node: NodeType.STATE - Stainless Steel (8e7ed3fc-f815-42bf-be93-a463170a24c0)
2025-01-27 20:07:12,989 - ontorum.api - INFO -     Universal: 87d2f52a-b7f8-4eff-8d5f-2ebfa41339d2
2025-01-27 20:07:12,988 - ontorum.example - INFO - Found existing universal: Ice Cream Scoop
2025-01-27 20:07:12,987 - ontorum.example - INFO - Created new state: Plastic for Material
2025-01-27 20:07:12,991 - ontorum.example - INFO - Created new state: Room Temperature for Temperature
2025-01-27 20:07:12,991 - ontorum.api - INFO -   NodeType.STATE - Hot (d8eaf21d-e27e-4c91-abd8-c5ee4d842da9)
2025-01-27 20:07:12,992 - ontorum.api - INFO - Mock node: NodeType.STATE - Aluminum (b8741457-b068-4dec-8491-f936978a568a)
2025-01-27 20:07:12,993 - ontorum.api - INFO -     Dimensions: [UUID('d8e5a600-bbdd-4e64-b78b-2b5e9e04df11'), UUID('75aafd5c-a135-42ad-bf80-48833dbfd9a2'), UUID('4c21500c-c3ee-4865-b3fe-443dcdfee613')]
2025-01-27 20:07:12,994 - ontorum.example - INFO - Created new state: Hot for Temperature
2025-01-27 20:07:12,995 - ontorum.api - INFO -   NodeType.PARTICULAR - Ice Cream Scoop #12 Handle (30d4d873-b566-4d42-9ada-85c8da2145b6)
2025-01-27 20:07:12,996 - ontorum.example - INFO - Found existing universal: Ice Cream Scoop
2025-01-27 20:07:12,996 - ontorum.api - INFO -   NodeType.UNIVERSAL - Ice Cream Scoop (87d2f52a-b7f8-4eff-8d5f-2ebfa41339d2)
2025-01-27 20:07:12,996 - ontorum.api - INFO - Mock node: NodeType.STATE - Room Temperature (e58b1d13-f1a4-4217-ac7e-6457273fae76)
2025-01-27 20:07:12,996 - ontorum.api - INFO - Mock node: NodeType.STATE - Plastic (33f17f42-d09b-45f5-bc42-17699b152105)
2025-01-27 20:07:12,998 - ontorum.example - INFO - Discovered dimensions for Ice Cream Scoop #12 from universal
2025-01-27 20:07:12,995 - ontorum.example - INFO - Added dimension Temperature to universal Ice Cream Scoop
2025-01-27 20:07:12,999 - ontorum.api - INFO -     Universal: 3d4026a4-d80e-4a3c-9f6a-ee0453b54892
2025-01-27 20:07:13,004 - ontorum.example - INFO - Discovered dimensions for Ice Cream Scoop #12 Bowl from universal
2025-01-27 20:07:13,005 - ontorum.api - INFO -     Dimensions: [UUID('d8e5a600-bbdd-4e64-b78b-2b5e9e04df11'), UUID('75aafd5c-a135-42ad-bf80-48833dbfd9a2'), UUID('4c21500c-c3ee-4865-b3fe-443dcdfee613')]
2025-01-27 20:07:13,007 - ontorum.api - INFO - Mock node: NodeType.STATE - Hot (666b9f44-3c26-407d-af4c-9b65eb96dbca)
2025-01-27 20:07:13,008 - ontorum.api - INFO - Mock node: NodeType.DIMENSION - Temperature (ed4cacc3-ec0b-49dd-8047-ac2e499bc182)
2025-01-27 20:07:13,008 - ontorum.example - INFO - Creating sub-entities for Ice Cream Scoop #12
2025-01-27 20:07:13,009 - ontorum.api - INFO -     Dimensions: [UUID('2c7a8ae3-5c27-4727-92dc-24856a017d56'), UUID('c533ebf8-e1ef-4e5b-b393-7c5c99b18ee8'), UUID('c00b41cf-a585-42cd-9ffb-08fbc2cb44e0')]
2025-01-27 20:07:13,010 - ontorum.api - INFO - Initialized mock data with 16 nodes
8e5a600-bbdd-4e64-b78b-2b5e9e04df11)
2025-01-27 20:07:13,012 - ontorum.api - INFO - Mock node: NodeType.PARTICULAR - Ice Cream Scoop #12 Handle (20c0563f-ec97-4eac-b170-52b0ef9a8988)
2025-01-27 20:07:13,008 - ontorum.example - INFO - Created new state: Cold for Temperature
2025-01-27 20:07:13,012 - ontorum.api - INFO -   States: [UUID('5f7ae1ac-249c-4d80-8b26-8a113168b47b'), UUID('a9b8815d-7f5c-4a10-acb5-7c2f2b60010a'), UUID('e7d9fc92-f1c3-4b61-8154-2919e6f32196')]
2025-01-27 20:07:13,015 - ontorum.example - INFO - Found existing universal: Ice Cream Scoop
2025-01-27 20:07:13,015 - ontorum.api - INFO -   NodeType.PARTICULAR - Ice Cream Scoop #12 Bowl (9ba96a19-5b90-47da-9a66-5cbd785c2374)
2025-01-27 20:07:13,016 - ontorum.api - INFO -     States: [UUID('79aaba50-78c7-4010-b56d-86390b78c925'), UUID('b2c86605-4aa2-4c0a-85b7-56f2c6fea4cd'), UUID('98936e66-931b-4c16-8557-0e433eadb3c5')]
2025-01-27 20:07:13,016 - ontorum.api - INFO - Mock node: NodeType.PARTICULAR - Ice Cream Scoop #12 (2b3e8005-b4d0-4c1e-9b70-81c744fe9e18)
2025-01-27 20:07:13,017 - ontorum.api - INFO -   Universal: 9e252312-b066-4d5c-865f-2589da7cfff8
2025-01-27 20:07:13,018 - ontorum.api - INFO - Mock node: NodeType.STATE - Cold (5f7ae1ac-249c-4d80-8b26-8a113168b47b)
2025-01-27 20:07:13,019 - ontorum.example - INFO - Discovered dimensions for Ice Cream Scoop #12 Handle from universal
2025-01-27 20:07:13,021 - ontorum.api - INFO -     Universal: 3d4026a4-d80e-4a3c-9f6a-ee0453b54892
2025-01-27 20:07:13,021 - ontorum.api - INFO -   Universal: 59dfd7c6-0adc-4b5f-835b-aa3d2f08f88a
2025-01-27 20:07:13,021 - ontorum.api - INFO -   NodeType.STATE - Clean (79aaba50-78c7-4010-b56d-86390b78c925)
2025-01-27 20:07:13,023 - ontorum.api - INFO -   Dimensions: [UUID('bbb77fd8-0afc-45ef-b33f-9832c8cbbac5'), UUID('ec3f5315-92a9-4f9f-a5e6-5a2796538a91'), UUID('0a2fc59c-dbc9-45c0-85dd-9715c62a3731')]
2025-01-27 20:07:13,019 - ontorum.example - INFO - Created new state: Room Temperature for Temperature
2025-01-27 20:07:13,025 - ontorum.api - INFO - Mock node: NodeType.STATE - Room Temperature (a9b8815d-7f5c-4a10-acb5-7c2f2b60010a)
2025-01-27 20:07:13,027 - ontorum.example - INFO - Found existing universal: Ice Cream Scoop
2025-01-27 20:07:13,028 - ontorum.api - INFO -     Dimensions: [UUID('2c7a8ae3-5c27-4727-92dc-24856a017d56'), UUID('c533ebf8-e1ef-4e5b-b393-7c5c99b18ee8'), UUID('c00b41cf-a585-42cd-9ffb-08fbc2cb44e0')]
2025-01-27 20:07:13,030 - ontorum.api - INFO -   Dimensions: [UUID('fe669b27-d627-4ae0-95f0-6ceab2ef3233'), UUID('6f0499be-9cc3-43b5-92e1-5f93d751b702'), UUID('9ed30f91-da4d-435e-b931-a977c1f65500')]
2025-01-27 20:07:13,033 - ontorum.api - INFO -   NodeType.STATE - Dirty (b2c86605-4aa2-4c0a-85b7-56f2c6fea4cd)
2025-01-27 20:07:13,035 - ontorum.api - INFO -   Sub-entities: []
2025-01-27 20:07:13,041 - ontorum.api - INFO - Mock node: NodeType.STATE - Hot (e7d9fc92-f1c3-4b61-8154-2919e6f32196)
2025-01-27 20:07:13,042 - ontorum.example - INFO - Discovered dimensions for Ice Cream Scoop #12 Bowl from universal
2025-01-27 20:07:13,044 - ontorum.api - INFO -   Sub-entities: [UUID('cd13dbf8-32e3-4dea-8907-75531ae42e21'), UUID('2560f122-ff53-4b02-83d1-d204fa27ecc2')]
2025-01-27 20:07:13,045 - ontorum.api - INFO - Mock node: NodeType.PARTICULAR - Ice Cream Scoop #12 Bowl (ef9ddcb8-de82-4071-8fe2-8ff2a3ed61f2)
2025-01-27 20:07:13,045 - ontorum.api - INFO -   NodeType.STATE - Sanitized (98936e66-931b-4c16-8557-0e433eadb3c5)
2025-01-27 20:07:13,041 - ontorum.example - INFO - Created new state: Hot for Temperature
2025-01-27 20:07:13,046 - ontorum.api - INFO - Mock node: NodeType.PARTICULAR - Ice Cream Scoop #12 Handle (38ef8290-3885-4b16-acc9-460800248079)
2025-01-27 20:07:13,047 - ontorum.api - INFO - Mock node: NodeType.UNIVERSAL - Ice Cream Scoop (59dfd7c6-0adc-4b5f-835b-aa3d2f08f88a)
2025-01-27 20:07:13,046 - ontorum.api - INFO - Initialized mock data with 16 nodes
2025-01-27 20:07:13,049 - ontorum.api - INFO -   Universal: 9e252312-b066-4d5c-865f-2589da7cfff8
2025-01-27 20:07:13,049 - ontorum.api - INFO -   NodeType.DIMENSION - Material (75aafd5c-a135-42ad-bf80-48833dbfd9a2)
2025-01-27 20:07:13,051 - ontorum.api - INFO -   Universal: b682ccfc-e23a-4c54-856e-66d370b2db7b
2025-01-27 20:07:13,054 - ontorum.api - INFO - Mock node: NodeType.DIMENSION - Cleanliness (fe669b27-d627-4ae0-95f0-6ceab2ef3233)
2025-01-27 20:07:13,055 - ontorum.api - INFO - Mock node: NodeType.PARTICULAR - Ice Cream Scoop #12 (bc175d46-b4bf-4d1b-ac75-5911b019dcbc)
2025-01-27 20:07:13,058 - ontorum.api - INFO -   Dimensions: [UUID('bbb77fd8-0afc-45ef-b33f-9832c8cbbac5'), UUID('ec3f5315-92a9-4f9f-a5e6-5a2796538a91'), UUID('0a2fc59c-dbc9-45c0-85dd-9715c62a3731')]
2025-01-27 20:07:13,059 - ontorum.api - INFO -     States: [UUID('81b77b20-ceff-4500-b69d-6dda52b66898'), UUID('cf2424e2-40d2-4bbe-b338-0a337acbb116'), UUID('f689c5bf-2658-44f4-833f-299ec7542382')]
2025-01-27 20:07:13,050 - ontorum.example - INFO - Discovered dimensions for Ice Cream Scoop #12 from universal
2025-01-27 20:07:13,065 - ontorum.api - INFO -   States: [UUID('b45fbab1-fba1-47d2-a3d1-c69518bf98e6'), UUID('333bc1e7-748a-4504-9893-420228498fe7'), UUID('9d9f78a7-a8fc-4e35-9490-3bb5a2fcdf56')]
2025-01-27 20:07:13,066 - ontorum.api - INFO -   Universal: d4910618-cb18-4849-aaf9-eef4b51f0fd2
2025-01-27 20:07:13,062 - ontorum.api - INFO -   Dimensions: [UUID('fcba6389-8141-43c2-9180-ec662d1f922d'), UUID('9bb5667c-2b20-4bcd-83d5-3d13617b33ea'), UUID('ed4cacc3-ec0b-49dd-8047-ac2e499bc182')]
2025-01-27 20:07:13,069 - ontorum.api - INFO -   Sub-entities: []
2025-01-27 20:07:13,069 - ontorum.api - INFO -   NodeType.STATE - Stainless Steel (81b77b20-ceff-4500-b69d-6dda52b66898)
2025-01-27 20:07:13,070 - ontorum.api - INFO - Mock node: NodeType.STATE - Clean (b45fbab1-fba1-47d2-a3d1-c69518bf98e6)
2025-01-27 20:07:13,070 - ontorum.api - INFO -   Dimensions: [UUID('868d8d14-094d-4c83-96a8-52d118b4863e'), UUID('87467862-da39-4a28-b6f4-4f95b532ad18'), UUID('398f1b55-7d5b-4263-ad23-ef9d6c5d65e1')]
2025-01-27 20:07:13,073 - ontorum.api - INFO - Mock data initialization complete
ream Scoop #12
2025-01-27 20:07:13,073 - ontorum.api - INFO -   Sub-entities: []
2025-01-27 20:07:13,074 - ontorum.api - INFO -   NodeType.STATE - Aluminum (cf2424e2-40d2-4bbe-b338-0a337acbb116)
2025-01-27 20:07:13,077 - ontorum.api - INFO - Mock node: NodeType.STATE - Dirty (333bc1e7-748a-4504-9893-420228498fe7)
2025-01-27 20:07:13,078 - ontorum.api - INFO -   Sub-entities: [UUID('bc767548-92e0-436d-89bf-56a72816684b'), UUID('5715ba7f-a36c-4212-aa78-19aef737ff1c')]
2025-01-27 20:07:13,079 - ontorum.api - INFO - Mock data initialized with 16 nodes
2025-01-27 20:07:13,081 - ontorum.api - INFO - Mock node: NodeType.PARTICULAR - Ice Cream Scoop #12 Bowl (c2eae952-cb71-4c37-ad8d-f20c921db7a6)
2025-01-27 20:07:13,083 - ontorum.api - INFO -   NodeType.STATE - Plastic (f689c5bf-2658-44f4-833f-299ec7542382)
2025-01-27 20:07:13,098 - ontorum.api - INFO - Mock node: NodeType.STATE - Sanitized (9d9f78a7-a8fc-4e35-9490-3bb5a2fcdf56)
2025-01-27 20:07:13,100 - ontorum.api - INFO - Mock node: NodeType.UNIVERSAL - Ice Cream Scoop (d4910618-cb18-4849-aaf9-eef4b51f0fd2)
2025-01-27 20:07:13,079 - ontorum.example - INFO - Found existing universal: Ice Cream Scoop
2025-01-27 20:07:13,101 - ontorum.api - INFO - Mock data nodes:
2025-01-27 20:07:13,102 - ontorum.api - INFO -   Universal: b682ccfc-e23a-4c54-856e-66d370b2db7b
2025-01-27 20:07:13,104 - ontorum.api - INFO -   NodeType.DIMENSION - Temperature (4c21500c-c3ee-4865-b3fe-443dcdfee613)
2025-01-27 20:07:13,110 - ontorum.api - INFO - Mock node: NodeType.DIMENSION - Cleanliness (868d8d14-094d-4c83-96a8-52d118b4863e)
2025-01-27 20:07:13,110 - ontorum.api - INFO - Mock node: NodeType.DIMENSION - Material (6f0499be-9cc3-43b5-92e1-5f93d751b702)
2025-01-27 20:07:13,111 - ontorum.api - INFO -   NodeType.PARTICULAR - Ice Cream Scoop #12 (17db7b1f-8fcc-4bf6-be1d-8a03e768239f)
2025-01-27 20:07:13,113 - ontorum.api - INFO -     States: [UUID('3026d65f-6a7f-4c49-9a0b-4da2970f2264'), UUID('dad0cc32-5a3d-4856-bd4c-486fa67da6dd'), UUID('2939c1da-d16e-40fc-ab14-b1cb0df6606f')]
2025-01-27 20:07:13,113 - ontorum.api - INFO -   States: [UUID('1b01633d-aa2c-4263-8516-a12c1cc6541a'), UUID('5e6c2701-b20d-4b7d-8677-b39e86a733e7'), UUID('d3b1475f-6159-4aa7-8777-b617fd6f2ba5')]
2025-01-27 20:07:13,111 - ontorum.example - INFO - Discovered dimensions for Ice Cream Scoop #12 Handle from universal
2025-01-27 20:07:13,115 - ontorum.api - INFO -   States: [UUID('4493e78a-9d52-4fca-9c3f-352b3d7d25d5'), UUID('8480e4e3-aeb7-45c5-b243-2776e78eddea'), UUID('9b953636-0a1f-4335-92f6-601648b6312e')]
2025-01-27 20:07:13,112 - ontorum.api - INFO -   Dimensions: [UUID('fcba6389-8141-43c2-9180-ec662d1f922d'), UUID('9bb5667c-2b20-4bcd-83d5-3d13617b33ea'), UUID('ed4cacc3-ec0b-49dd-8047-ac2e499bc182')]
2025-01-27 20:07:13,118 - ontorum.api - INFO -     Universal: 9e252312-b066-4d5c-865f-2589da7cfff8
2025-01-27 20:07:13,121 - ontorum.api - INFO -   NodeType.STATE - Cold (3026d65f-6a7f-4c49-9a0b-4da2970f2264)
2025-01-27 20:07:13,122 - ontorum.api - INFO - Mock node: NodeType.STATE - Clean (1b01633d-aa2c-4263-8516-a12c1cc6541a)
2025-01-27 20:07:13,124 - ontorum.api - INFO - Mock node: NodeType.STATE - Stainless Steel (4493e78a-9d52-4fca-9c3f-352b3d7d25d5)
2025-01-27 20:07:13,125 - ontorum.api - INFO -   Sub-entities: []
2025-01-27 20:07:13,127 - ontorum.api - INFO -     Dimensions: [UUID('bbb77fd8-0afc-45ef-b33f-9832c8cbbac5'), UUID('ec3f5315-92a9-4f9f-a5e6-5a2796538a91'), UUID('0a2fc59c-dbc9-45c0-85dd-9715c62a3731')]
2025-01-27 20:07:13,132 - ontorum.api - INFO -   NodeType.STATE - Room Temperature (dad0cc32-5a3d-4856-bd4c-486fa67da6dd)
2025-01-27 20:07:13,136 - ontorum.api - INFO - Mock node: NodeType.STATE - Dirty (5e6c2701-b20d-4b7d-8677-b39e86a733e7)
2025-01-27 20:07:13,124 - ontorum.example - INFO - Found existing universal: Ice Cream Scoop
2025-01-27 20:07:13,139 - ontorum.api - INFO - Mock node: NodeType.STATE - Aluminum (8480e4e3-aeb7-45c5-b243-2776e78eddea)
2025-01-27 20:07:13,124 - ontorum.api - WARNING - Failed to connect to database: Using mock data for development. Using mock data.
2025-01-27 20:07:13,143 - ontorum.api - INFO - Mock data initialization complete
2025-01-27 20:07:13,145 - ontorum.api - INFO -   NodeType.UNIVERSAL - Ice Cream Scoop (9e252312-b066-4d5c-865f-2589da7cfff8)
2025-01-27 20:07:13,146 - ontorum.api - INFO -   NodeType.STATE - Hot (2939c1da-d16e-40fc-ab14-b1cb0df6606f)
2025-01-27 20:07:13,152 - ontorum.api - INFO - Mock node: NodeType.STATE - Plastic (9b953636-0a1f-4335-92f6-601648b6312e)
2025-01-27 20:07:13,152 - ontorum.api - INFO - Mock data initialized with 16 nodes
2025-01-27 20:07:13,153 - ontorum.api - INFO -     Dimensions: [UUID('bbb77fd8-0afc-45ef-b33f-9832c8cbbac5'), UUID('ec3f5315-92a9-4f9f-a5e6-5a2796538a91'), UUID('0a2fc59c-dbc9-45c0-85dd-9715c62a3731')]
2025-01-27 20:07:13,153 - ontorum.api - INFO -   NodeType.PARTICULAR - Ice Cream Scoop #12 Handle (0cfdf5bd-9884-46bd-b04d-4abfc18099ed)
2025-01-27 20:07:13,150 - ontorum.example - INFO - Discovered dimensions for Ice Cream Scoop #12 Bowl from universal
2025-01-27 20:07:13,150 - ontorum.api - INFO - Mock node: NodeType.STATE - Sanitized (d3b1475f-6159-4aa7-8777-b617fd6f2ba5)
2025-01-27 20:07:13,157 - ontorum.api - INFO - Mock node: NodeType.DIMENSION - Temperature (9ed30f91-da4d-435e-b931-a977c1f65500)
2025-01-27 20:07:13,158 - ontorum.api - INFO - Mock data nodes:
2025-01-27 20:07:13,159 - ontorum.api - INFO -   NodeType.DIMENSION - Cleanliness (bbb77fd8-0afc-45ef-b33f-9832c8cbbac5)
2025-01-27 20:07:13,163 - ontorum.api - INFO -     Universal: 87d2f52a-b7f8-4eff-8d5f-2ebfa41339d2
2025-01-27 20:07:13,164 - ontorum.api - INFO - Mock node: NodeType.DIMENSION - Material (87467862-da39-4a28-b6f4-4f95b532ad18)
2025-01-27 20:07:13,167 - ontorum.api - INFO -   States: [UUID('b3aee3dc-c54f-43ec-8077-06019e5d8827'), UUID('33aaa9ad-a947-4a38-a926-89ab28e9fb91'), UUID('7bddf70b-41d7-4a89-ae82-34ea750a8c21')]
2025-01-27 20:07:13,167 - ontorum.api - INFO -   NodeType.PARTICULAR - Ice Cream Scoop #12 (62704b43-5666-4bf5-b9b5-e8ee32da8d4a)
9467-cf246a83c835'), UUID('b32640bd-a259-4063-a282-9ad8f4ee2c6b')]
2025-01-27 20:07:13,169 - ontorum.api - INFO -     Dimensions: [UUID('d8e5a600-bbdd-4e64-b78b-2b5e9e04df11'), UUID('75aafd5c-a135-42ad-bf80-48833dbfd9a2'), UUID('4c21500c-c3ee-4865-b3fe-443dcdfee613')]
2025-01-27 20:07:13,170 - ontorum.api - INFO -   States: [UUID('51c137b7-4ed2-45ff-85f4-f3ad5c27ca45'), UUID('e78fc0c8-309e-4b86-9cd0-7363022675bc'), UUID('e3d04b3f-cf56-46c5-9caa-ea8654433592')]
2025-01-27 20:07:13,164 - ontorum.api - INFO - Initialized mock data with 16 nodes
2025-01-27 20:07:13,171 - ontorum.api - INFO - Mock node: NodeType.STATE - Cold (b3aee3dc-c54f-43ec-8077-06019e5d8827)
2025-01-27 20:07:13,173 - ontorum.api - INFO -     Universal: b682ccfc-e23a-4c54-856e-66d370b2db7b
2025-01-27 20:07:13,173 - ontorum.api - INFO -   NodeType.PARTICULAR - Ice Cream Scoop #12 Bowl (ac8c54e4-7bd8-49a7-b63c-7f8fb60063ea)
2025-01-27 20:07:13,175 - ontorum.api - INFO - Mock node: NodeType.STATE - Stainless Steel (51c137b7-4ed2-45ff-85f4-f3ad5c27ca45)
2025-01-27 20:07:13,176 - ontorum.api - INFO -   NodeType.STATE - Dirty (4102fa6f-f1fd-4207-9467-cf246a83c835)
2025-01-27 20:07:13,176 - ontorum.api - INFO -     Dimensions: [UUID('fcba6389-8141-43c2-9180-ec662d1f922d'), UUID('9bb5667c-2b20-4bcd-83d5-3d13617b33ea'), UUID('ed4cacc3-ec0b-49dd-8047-ac2e499bc182')]
2025-01-27 20:07:13,176 - ontorum.api - INFO - Mock node: NodeType.STATE - Room Temperature (33aaa9ad-a947-4a38-a926-89ab28e9fb91)
2025-01-27 20:07:13,177 - ontorum.api - INFO -     Universal: 87d2f52a-b7f8-4eff-8d5f-2ebfa41339d2
2025-01-27 20:07:13,178 - ontorum.api - INFO - Mock node: NodeType.STATE - Aluminum (e78fc0c8-309e-4b86-9cd0-7363022675bc)
2025-01-27 20:07:13,175 - ontorum.api - INFO - Mock node: NodeType.PARTICULAR - Ice Cream Scoop #12 (0943e034-8333-407d-ad91-317db6a4dd51)
2025-01-27 20:07:13,179 - ontorum.api - INFO -   NodeType.UNIVERSAL - Ice Cream Scoop (b682ccfc-e23a-4c54-856e-66d370b2db7b)
2025-01-27 20:07:13,179 - ontorum.api - INFO -   NodeType.STATE - Sanitized (b32640bd-a259-4063-a282-9ad8f4ee2c6b)
2025-01-27 20:07:13,180 - ontorum.api - INFO - Mock node: NodeType.STATE - Hot (7bddf70b-41d7-4a89-ae82-34ea750a8c21)
2025-01-27 20:07:13,182 - ontorum.api - INFO -     Dimensions: [UUID('d8e5a600-bbdd-4e64-b78b-2b5e9e04df11'), UUID('75aafd5c-a135-42ad-bf80-48833dbfd9a2'), UUID('4c21500c-c3ee-4865-b3fe-443dcdfee613')]
2025-01-27 20:07:13,183 - ontorum.api - INFO - Mock node: NodeType.STATE - Plastic (e3d04b3f-cf56-46c5-9caa-ea8654433592)
2025-01-27 20:07:13,185 - ontorum.api - INFO -     Dimensions: [UUID('fcba6389-8141-43c2-9180-ec662d1f922d'), UUID('9bb5667c-2b20-4bcd-83d5-3d13617b33ea'), UUID('ed4cacc3-ec0b-49dd-8047-ac2e499bc182')]
2025-01-27 20:07:13,186 - ontorum.api - INFO -   NodeType.DIMENSION - Material (ec3f5315-92a9-4f9f-a5e6-5a2796538a91)
2025-01-27 20:07:13,187 - ontorum.api - INFO - Mock node: NodeType.PARTICULAR - Ice Cream Scoop #12 Handle (cd13dbf8-32e3-4dea-8907-75531ae42e21)
2025-01-27 20:07:13,184 - ontorum.api - WARNING - Failed to connect to database: Using mock data for development. Using mock data.
2025-01-27 20:07:13,189 - ontorum.api - INFO -   NodeType.DIMENSION - Cleanliness (fcba6389-8141-43c2-9180-ec662d1f922d)
2025-01-27 20:07:13,190 - ontorum.api - INFO -     States: [UUID('69c5ba18-234e-4fca-9281-44ba8deda19c'), UUID('ce49277c-94bc-4e79-9059-e4c342df06e3'), UUID('2cea5783-610d-494f-9224-1d3abae325a2')]
2025-01-27 20:07:13,191 - ontorum.api - INFO -   Universal: 59dfd7c6-0adc-4b5f-835b-aa3d2f08f88a
2025-01-27 20:07:13,191 - ontorum.api - INFO -     States: [UUID('69dcbd14-bcb1-4377-af89-e3272dd43ac9'), UUID('97f1150d-5dd1-4f3d-94f3-fe9fd71aadc0'), UUID('15aa92b6-b983-44ae-a1fe-c46cb1757ba6')]
2025-01-27 20:07:13,191 - ontorum.api - INFO -   States: [UUID('9a34beb5-3272-4dc6-aa02-9194a7ebdd1c'), UUID('ddd0980d-a8c3-419e-8551-7dba6f996b13'), UUID('2f737c06-7f03-437a-a531-9c9b7262a7d3')]
2025-01-27 20:07:13,193 - ontorum.api - INFO -   NodeType.STATE - Stainless Steel (69c5ba18-234e-4fca-9281-44ba8deda19c)
2025-01-27 20:07:13,190 - ontorum.api - INFO -   Dimensions: [UUID('b2ee0bf5-53cd-4403-acae-fc4d93729b76'), UUID('a2ee790b-25ba-48be-bf53-d0be9c30f1dd'), UUID('3fd0dea1-f7a6-41c4-aacd-dac614b81b1e')]
2025-01-27 20:07:13,194 - ontorum.api - INFO -   Dimensions: [UUID('fe669b27-d627-4ae0-95f0-6ceab2ef3233'), UUID('6f0499be-9cc3-43b5-92e1-5f93d751b702'), UUID('9ed30f91-da4d-435e-b931-a977c1f65500')]
2025-01-27 20:07:13,195 - ontorum.api - INFO -   NodeType.STATE - Clean (69dcbd14-bcb1-4377-af89-e3272dd43ac9)
2025-01-27 20:07:13,195 - ontorum.api - INFO - Mock node: NodeType.STATE - Cold (9a34beb5-3272-4dc6-aa02-9194a7ebdd1c)
2025-01-27 20:07:13,197 - ontorum.api - INFO -   NodeType.STATE - Aluminum (ce49277c-94bc-4e79-9059-e4c342df06e3)
2025-01-27 20:07:13,194 - ontorum.api - WARNING - Failed to connect to database: Using mock data for development. Using mock data.
2025-01-27 20:07:13,197 - ontorum.api - INFO -   Sub-entities: []
2025-01-27 20:07:13,198 - ontorum.api - INFO -   NodeType.STATE - Dirty (97f1150d-5dd1-4f3d-94f3-fe9fd71aadc0)
2025-01-27 20:07:13,198 - ontorum.api - INFO - Mock node: NodeType.STATE - Room Temperature (ddd0980d-a8c3-419e-8551-7dba6f996b13)
2025-01-27 20:07:13,201 - ontorum.api - INFO - Using mock data
2025-01-27 20:07:13,201 - ontorum.api - INFO -   NodeType.STATE - Sanitized (15aa92b6-b983-44ae-a1fe-c46cb1757ba6)
2025-01-27 20:07:13,202 - ontorum.api - INFO - Starting mock data initialization
2025-01-27 20:07:13,202 - ontorum.api - INFO -   NodeType.DIMENSION - Material (9bb5667c-2b20-4bcd-83d5-3d13617b33ea)
2025-01-27 20:07:13,203 - ontorum.example - INFO - Initialized IceCreamScoopExpander
2025-01-27 20:07:13,203 - ontorum.api - INFO -     States: [UUID('8e7ed3fc-f815-42bf-be93-a463170a24c0'), UUID('b8741457-b068-4dec-8491-f936978a568a'), UUID('33f17f42-d09b-45f5-bc42-17699b152105')]
2025-01-27 20:07:13,203 - ontorum.api - INFO - Created mock scoop with ID: 1ce39840-0e88-4336-ac50-d836b71087eb
2025-01-27 20:07:13,197 - ontorum.api - INFO -   Sub-entities: [UUID('e909a688-6aec-477a-bdef-56fbdd08d6c7'), UUID('7ca05634-49f6-421c-a390-ee3c9fe0db04')]
2025-01-27 20:07:13,204 - ontorum.example - INFO - Creating new universal: Ice Cream Scoop
2025-01-27 20:07:13,200 - ontorum.api - INFO -   NodeType.STATE - Plastic (2cea5783-610d-494f-9224-1d3abae325a2)
2025-01-27 20:07:13,204 - ontorum.example - INFO - Created new dimension: Cleanliness
am Scoop #12 Bowl (2560f122-ff53-4b02-83d1-d204fa27ecc2)
2025-01-27 20:07:13,205 - ontorum.example - INFO - Created new dimension: Material
2025-01-27 20:07:13,201 - ontorum.api - INFO - Mock node: NodeType.STATE - Hot (2f737c06-7f03-437a-a531-9c9b7262a7d3)
2025-01-27 20:07:13,203 - ontorum.api - INFO -   NodeType.STATE - Stainless Steel (8e7ed3fc-f815-42bf-be93-a463170a24c0)
2025-01-27 20:07:13,206 - ontorum.api - INFO - Mock node: NodeType.PARTICULAR - Ice Cream Scoop #12 Handle (bc767548-92e0-436d-89bf-56a72816684b)
2025-01-27 20:07:13,206 - ontorum.example - INFO - Created new state: Clean for Cleanliness
2025-01-27 20:07:13,206 - ontorum.api - INFO -   NodeType.STATE - Aluminum (b8741457-b068-4dec-8491-f936978a568a)
2025-01-27 20:07:13,200 - ontorum.api - WARNING - Failed to connect to database: Using mock data for development. Using mock data.
2025-01-27 20:07:13,207 - ontorum.example - INFO - Created new state: Dirty for Cleanliness
2025-01-27 20:07:13,207 - ontorum.api - INFO -   NodeType.STATE - Plastic (33f17f42-d09b-45f5-bc42-17699b152105)
2025-01-27 20:07:13,207 - ontorum.example - INFO - Created new state: Sanitized for Cleanliness
2025-01-27 20:07:13,207 - ontorum.example - INFO - Added dimension Material to universal Ice Cream Scoop
2025-01-27 20:07:13,204 - ontorum.api - INFO -   NodeType.DIMENSION - Temperature (0a2fc59c-dbc9-45c0-85dd-9715c62a3731)
2025-01-27 20:07:13,207 - ontorum.api - INFO -   NodeType.DIMENSION - Temperature (ed4cacc3-ec0b-49dd-8047-ac2e499bc182)
2025-01-27 20:07:13,208 - ontorum.example - INFO - Created new state: Stainless Steel for Material
2025-01-27 20:07:13,208 - ontorum.api - INFO -     States: [UUID('5f7ae1ac-249c-4d80-8b26-8a113168b47b'), UUID('a9b8815d-7f5c-4a10-acb5-7c2f2b60010a'), UUID('e7d9fc92-f1c3-4b61-8154-2919e6f32196')]
2025-01-27 20:07:13,205 - ontorum.api - INFO -   Universal: 59dfd7c6-0adc-4b5f-835b-aa3d2f08f88a
2025-01-27 20:07:13,209 - ontorum.api - INFO -   NodeType.STATE - Cold (5f7ae1ac-249c-4d80-8b26-8a113168b47b)
2025-01-27 20:07:13,209 - ontorum.api - INFO -   NodeType.STATE - Room Temperature (a9b8815d-7f5c-4a10-acb5-7c2f2b60010a)
2025-01-27 20:07:13,210 - ontorum.api - INFO -   NodeType.STATE - Hot (e7d9fc92-f1c3-4b61-8154-2919e6f32196)
2025-01-27 20:07:13,204 - ontorum.api - INFO - Mock node: NodeType.UNIVERSAL - Ice Cream Scoop (45b1441f-874e-44ac-8100-b436f94d9e15)
2025-01-27 20:07:13,211 - ontorum.api - INFO -   NodeType.PARTICULAR - Ice Cream Scoop #12 Handle (38ef8290-3885-4b16-acc9-460800248079)
2025-01-27 20:07:13,206 - ontorum.api - INFO -   Universal: d4910618-cb18-4849-aaf9-eef4b51f0fd2
2025-01-27 20:07:13,208 - ontorum.example - INFO - Created new state: Aluminum for Material
2025-01-27 20:07:13,211 - ontorum.api - INFO -     Universal: b682ccfc-e23a-4c54-856e-66d370b2db7b
2025-01-27 20:07:13,208 - ontorum.api - INFO -     States: [UUID('76963287-2b33-45cf-ae5a-2c630a332001'), UUID('e58b1d13-f1a4-4217-ac7e-6457273fae76'), UUID('666b9f44-3c26-407d-af4c-9b65eb96dbca')]
2025-01-27 20:07:13,209 - ontorum.api - INFO -   Dimensions: [UUID('fe669b27-d627-4ae0-95f0-6ceab2ef3233'), UUID('6f0499be-9cc3-43b5-92e1-5f93d751b702'), UUID('9ed30f91-da4d-435e-b931-a977c1f65500')]
2025-01-27 20:07:13,206 - ontorum.api - WARNING - Failed to connect to database: Using mock data for development. Using mock data.
2025-01-27 20:07:13,211 - ontorum.api - INFO -   Dimensions: [UUID('868d8d14-094d-4c83-96a8-52d118b4863e'), UUID('87467862-da39-4a28-b6f4-4f95b532ad18'), UUID('398f1b55-7d5b-4263-ad23-ef9d6c5d65e1')]
2025-01-27 20:07:13,212 - ontorum.api - INFO -     Dimensions: [UUID('fcba6389-8141-43c2-9180-ec662d1f922d'), UUID('9bb5667c-2b20-4bcd-83d5-3d13617b33ea'), UUID('ed4cacc3-ec0b-49dd-8047-ac2e499bc182')]
2025-01-27 20:07:13,212 - ontorum.example - INFO - Created new state: Plastic for Material
2025-01-27 20:07:13,212 - ontorum.api - INFO -   NodeType.STATE - Cold (76963287-2b33-45cf-ae5a-2c630a332001)
2025-01-27 20:07:13,213 - ontorum.api - INFO -   Sub-entities: []
2025-01-27 20:07:13,211 - ontorum.api - INFO - Mock node: NodeType.DIMENSION - Cleanliness (b2ee0bf5-53cd-4403-acae-fc4d93729b76)
2025-01-27 20:07:13,214 - ontorum.api - INFO -   Sub-entities: []
2025-01-27 20:07:13,215 - ontorum.api - INFO -   NodeType.PARTICULAR - Ice Cream Scoop #12 Bowl (c2eae952-cb71-4c37-ad8d-f20c921db7a6)
2025-01-27 20:07:13,216 - ontorum.example - INFO - Added dimension Temperature to universal Ice Cream Scoop
2025-01-27 20:07:13,218 - ontorum.api - INFO -   NodeType.STATE - Room Temperature (e58b1d13-f1a4-4217-ac7e-6457273fae76)
2025-01-27 20:07:13,218 - ontorum.api - INFO - Mock data initialization complete
2025-01-27 20:07:13,219 - ontorum.api - INFO -     Universal: b682ccfc-e23a-4c54-856e-66d370b2db7b
2025-01-27 20:07:13,219 - ontorum.api - INFO - Mock node: NodeType.PARTICULAR - Ice Cream Scoop #12 Bowl (5715ba7f-a36c-4212-aa78-19aef737ff1c)
2025-01-27 20:07:13,221 - ontorum.api - INFO -   NodeType.STATE - Hot (666b9f44-3c26-407d-af4c-9b65eb96dbca)
2025-01-27 20:07:13,220 - ontorum.example - INFO - Created new state: Cold for Temperature
2025-01-27 20:07:13,221 - ontorum.api - INFO - Mock data initialized with 16 nodes
2025-01-27 20:07:13,219 - ontorum.api - INFO -   States: [UUID('ecb5905d-fcae-4b2d-8dfb-4408a5bc97e5'), UUID('6109a306-401d-43e7-bf0e-6c745bf6ddb8'), UUID('d6a96540-9089-4774-b8d5-8374af7811bf')]
2025-01-27 20:07:13,223 - ontorum.api - INFO -     Dimensions: [UUID('fcba6389-8141-43c2-9180-ec662d1f922d'), UUID('9bb5667c-2b20-4bcd-83d5-3d13617b33ea'), UUID('ed4cacc3-ec0b-49dd-8047-ac2e499bc182')]
2025-01-27 20:07:13,223 - ontorum.api - INFO -   Universal: d4910618-cb18-4849-aaf9-eef4b51f0fd2
2025-01-27 20:07:13,223 - ontorum.api - INFO - API starting up
2025-01-27 20:07:13,224 - ontorum.api - INFO -   NodeType.PARTICULAR - Ice Cream Scoop #12 Handle (20c0563f-ec97-4eac-b170-52b0ef9a8988)
2025-01-27 20:07:13,224 - ontorum.example - INFO - Created new state: Room Temperature for Temperature
2025-01-27 20:07:13,225 - ontorum.api - INFO - Mock data nodes:
2025-01-27 20:07:13,226 - ontorum.api - INFO -   Dimensions: [UUID('868d8d14-094d-4c83-96a8-52d118b4863e'), UUID('87467862-da39-4a28-b6f4-4f95b532ad18'), UUID('398f1b55-7d5b-4263-ad23-ef9d6c5d65e1')]
2025-01-27 20:07:13,227 - ontorum.api - INFO - Using mock data
2025-01-27 20:07:13,227 - ontorum.api - INFO -     Universal: 9e252312-b066-4d5c-865f-2589da7cfff8
2025-01-27 20:07:13,230 - ontorum.api - INFO -   NodeType.PARTICULAR - Ice Cream Scoop #12 (2b3e8005-b4d0-4c1e-9b70-81c744fe9e18)
2025-01-27 20:07:13,225 - ontorum.api - INFO - Mock node: NodeType.STATE - Clean (ecb5905d-fcae-4b2d-8dfb-4408a5bc97e5)
315-92a9-4f9f-a5e6-5a2796538a91'), UUID('0a2fc59c-dbc9-45c0-85dd-9715c62a3731')]
2025-01-27 20:07:13,231 - ontorum.api - INFO - API starting up
2025-01-27 20:07:13,231 - ontorum.api - INFO -   Sub-entities: []
2025-01-27 20:07:13,232 - ontorum.api - INFO - Starting mock data initialization
35b-aa3d2f08f88a
2025-01-27 20:07:13,233 - ontorum.example - INFO - Discovered dimensions for Ice Cream Scoop #12 from universal
2025-01-27 20:07:13,233 - ontorum.api - INFO -   NodeType.PARTICULAR - Ice Cream Scoop #12 Bowl (ef9ddcb8-de82-4071-8fe2-8ff2a3ed61f2)
2025-01-27 20:07:13,234 - ontorum.api - INFO - Using mock data
2025-01-27 20:07:13,234 - ontorum.api - INFO - Mock node: NodeType.STATE - Dirty (6109a306-401d-43e7-bf0e-6c745bf6ddb8)
2025-01-27 20:07:13,235 - ontorum.api - INFO - Mock data initialization complete
2025-01-27 20:07:13,235 - ontorum.api - INFO -     Universal: 9e252312-b066-4d5c-865f-2589da7cfff8
2025-01-27 20:07:13,235 - ontorum.example - INFO - Creating sub-entities for Ice Cream Scoop #12
2025-01-27 20:07:13,235 - ontorum.example - INFO - Initialized IceCreamScoopExpander
2025-01-27 20:07:13,236 - ontorum.api - INFO -     Dimensions: [UUID('fe669b27-d627-4ae0-95f0-6ceab2ef3233'), UUID('6f0499be-9cc3-43b5-92e1-5f93d751b702'), UUID('9ed30f91-da4d-435e-b931-a977c1f65500')]
2025-01-27 20:07:13,236 - ontorum.api - INFO - Starting mock data initialization
2025-01-27 20:07:13,236 - ontorum.api - INFO - Mock data initialized with 16 nodes
2025-01-27 20:07:13,236 - ontorum.api - INFO - Mock node: NodeType.STATE - Sanitized (d6a96540-9089-4774-b8d5-8374af7811bf)
2025-01-27 20:07:13,237 - ontorum.api - INFO -     Dimensions: [UUID('bbb77fd8-0afc-45ef-b33f-9832c8cbbac5'), UUID('ec3f5315-92a9-4f9f-a5e6-5a2796538a91'), UUID('0a2fc59c-dbc9-45c0-85dd-9715c62a3731')]
2025-01-27 20:07:13,237 - ontorum.api - INFO - Created mock scoop with ID: cc24b4a4-5894-490f-b48a-35fc37c38fa2
2025-01-27 20:07:13,238 - ontorum.example - INFO - Initialized IceCreamScoopExpander
2025-01-27 20:07:13,238 - ontorum.api - INFO -   NodeType.UNIVERSAL - Ice Cream Scoop (59dfd7c6-0adc-4b5f-835b-aa3d2f08f88a)
2025-01-27 20:07:13,239 - ontorum.api - INFO - Mock data nodes:
2025-01-27 20:07:13,239 - ontorum.example - INFO - Discovered dimensions for Ice Cream Scoop #12 Handle from universal
2025-01-27 20:07:13,239 - ontorum.api - INFO - Mock node: NodeType.DIMENSION - Material (a2ee790b-25ba-48be-bf53-d0be9c30f1dd)
2025-01-27 20:07:13,240 - ontorum.example - INFO - Creating new universal: Ice Cream Scoop
2025-01-27 20:07:13,240 - ontorum.api - INFO - Created mock scoop with ID: 8d9d901e-d876-435c-ac19-a9ac8d6ffbcf
2025-01-27 20:07:13,241 - ontorum.api - INFO - API starting up
2025-01-27 20:07:13,241 - ontorum.api - INFO -   NodeType.PARTICULAR - Ice Cream Scoop #12 (bc175d46-b4bf-4d1b-ac75-5911b019dcbc)
2025-01-27 20:07:13,242 - ontorum.example - INFO - Found existing universal: Ice Cream Scoop
2025-01-27 20:07:13,241 - ontorum.api - INFO -     Dimensions: [UUID('fe669b27-d627-4ae0-95f0-6ceab2ef3233'), UUID('6f0499be-9cc3-43b5-92e1-5f93d751b702'), UUID('9ed30f91-da4d-435e-b931-a977c1f65500')]
2025-01-27 20:07:13,242 - ontorum.api - INFO -   States: [UUID('94055f00-b6b8-44f1-9970-52804f8f246a'), UUID('4a5f437c-489e-4229-80bc-412383d1344a'), UUID('f5f108b7-ac79-4ef8-9785-71b53ce0a12c')]
2025-01-27 20:07:13,242 - ontorum.example - INFO - Created new dimension: Cleanliness
2025-01-27 20:07:13,243 - ontorum.api - INFO - Using mock data
universal: Ice Cream Scoop
2025-01-27 20:07:13,243 - ontorum.api - INFO -     Universal: d4910618-cb18-4849-aaf9-eef4b51f0fd2
2025-01-27 20:07:13,246 - ontorum.api - INFO - Starting mock data initialization
2025-01-27 20:07:13,247 - ontorum.example - INFO - Initialized IceCreamScoopExpander
2025-01-27 20:07:13,245 - ontorum.example - INFO - Discovered dimensions for Ice Cream Scoop #12 Bowl from universal
2025-01-27 20:07:13,245 - ontorum.api - INFO - Mock node: NodeType.STATE - Stainless Steel (94055f00-b6b8-44f1-9970-52804f8f246a)
2025-01-27 20:07:13,245 - ontorum.api - INFO -   NodeType.DIMENSION - Cleanliness (fe669b27-d627-4ae0-95f0-6ceab2ef3233)
2025-01-27 20:07:13,247 - ontorum.api - INFO - Created mock scoop with ID: c0614c96-66fb-461b-8761-55e28a253300
2025-01-27 20:07:13,246 - ontorum.example - INFO - Created new dimension: Material
2025-01-27 20:07:13,246 - ontorum.example - INFO - Created new dimension: Cleanliness
2025-01-27 20:07:13,248 - ontorum.example - INFO - Creating new universal: Ice Cream Scoop
2025-01-27 20:07:13,246 - ontorum.api - INFO -     Dimensions: [UUID('868d8d14-094d-4c83-96a8-52d118b4863e'), UUID('87467862-da39-4a28-b6f4-4f95b532ad18'), UUID('398f1b55-7d5b-4263-ad23-ef9d6c5d65e1')]
2025-01-27 20:07:13,248 - ontorum.example - INFO - Created new dimension: Cleanliness
2025-01-27 20:07:13,248 - ontorum.api - INFO - Initialized mock data with 16 nodes
2025-01-27 20:07:13,248 - ontorum.example - INFO - Created new dimension: Temperature
2025-01-27 20:07:13,248 - ontorum.api - INFO - Mock node: NodeType.STATE - Aluminum (4a5f437c-489e-4229-80bc-412383d1344a)
2025-01-27 20:07:13,248 - ontorum.example - INFO - Created new dimension: Material
2025-01-27 20:07:13,248 - ontorum.api - INFO -     States: [UUID('b45fbab1-fba1-47d2-a3d1-c69518bf98e6'), UUID('333bc1e7-748a-4504-9893-420228498fe7'), UUID('9d9f78a7-a8fc-4e35-9490-3bb5a2fcdf56')]
2025-01-27 20:07:13,249 - ontorum.example - INFO - Created new dimension: Material
2025-01-27 20:07:13,249 - ontorum.api - INFO -   NodeType.UNIVERSAL - Ice Cream Scoop (d4910618-cb18-4849-aaf9-eef4b51f0fd2)
2025-01-27 20:07:13,250 - ontorum.example - INFO - Added dimension Cleanliness to universal Ice Cream Scoop
2025-01-27 20:07:13,250 - ontorum.api - INFO - Mock node: NodeType.PARTICULAR - Ice Cream Scoop #12 (1ce39840-0e88-4336-ac50-d836b71087eb)
2025-01-27 20:07:13,250 - ontorum.example - INFO - Created new dimension: Temperature
108b7-ac79-4ef8-9785-71b53ce0a12c)
2025-01-27 20:07:13,251 - ontorum.example - INFO - Created new dimension: Temperature
2025-01-27 20:07:13,251 - ontorum.api - INFO -   NodeType.STATE - Clean (b45fbab1-fba1-47d2-a3d1-c69518bf98e6)
2025-01-27 20:07:13,252 - ontorum.api - INFO -     Dimensions: [UUID('868d8d14-094d-4c83-96a8-52d118b4863e'), UUID('87467862-da39-4a28-b6f4-4f95b532ad18'), UUID('398f1b55-7d5b-4263-ad23-ef9d6c5d65e1')]
2025-01-27 20:07:13,252 - ontorum.example - INFO - Created new state: Clean for Cleanliness
2025-01-27 20:07:13,252 - ontorum.api - INFO -   Universal: 4ca44f35-d304-4ba7-8d96-5a6efcbbc9a6
2025-01-27 20:07:13,253 - ontorum.example - INFO - Added dimension Cleanliness to universal Ice Cream Scoop
2025-01-27 20:07:13,253 - ontorum.example - INFO - Added dimension Cleanliness to universal Ice Cream Scoop
2025-01-27 20:07:13,253 - ontorum.api - INFO - Mock node: NodeType.DIMENSION - Temperature (3fd0dea1-f7a6-41c4-aacd-dac614b81b1e)
2025-01-27 20:07:13,252 - ontorum.api - INFO - API starting up
2025-01-27 20:07:13,254 - ontorum.api - INFO -   NodeType.STATE - Dirty (333bc1e7-748a-4504-9893-420228498fe7)
2025-01-27 20:07:13,254 - ontorum.example - INFO - Created new state: Dirty for Cleanliness
2025-01-27 20:07:13,254 - ontorum.api - INFO -   NodeType.DIMENSION - Cleanliness (868d8d14-094d-4c83-96a8-52d118b4863e)
2025-01-27 20:07:13,255 - ontorum.api - INFO -   Dimensions: [UUID('63be5993-5f05-49ec-90f8-c222b345c5dc'), UUID('1e16cc20-210f-4a07-a98d-abe7e3bc5494'), UUID('eab3264d-7da0-4443-9280-be12fd2cc13e')]
2025-01-27 20:07:13,255 - ontorum.example - INFO - Created new state: Clean for Cleanliness
2025-01-27 20:07:13,255 - ontorum.example - INFO - Created new state: Clean for Cleanliness
2025-01-27 20:07:13,255 - ontorum.api - INFO -   States: [UUID('482efe42-7d16-4cef-af1e-c2481095a7e5'), UUID('9821b03c-4d7b-4422-ab3e-95af23d53898'), UUID('9bf8c10e-885a-4ef9-9103-35d75dd86a48')]
2025-01-27 20:07:13,256 - ontorum.api - INFO -     States: [UUID('1b01633d-aa2c-4263-8516-a12c1cc6541a'), UUID('5e6c2701-b20d-4b7d-8677-b39e86a733e7'), UUID('d3b1475f-6159-4aa7-8777-b617fd6f2ba5')]
2025-01-27 20:07:13,256 - ontorum.example - INFO - Created new state: Sanitized for Cleanliness
2025-01-27 20:07:13,256 - ontorum.api - INFO -   NodeType.STATE - Sanitized (9d9f78a7-a8fc-4e35-9490-3bb5a2fcdf56)
2025-01-27 20:07:13,255 - ontorum.api - INFO - Using mock data
2025-01-27 20:07:13,257 - ontorum.example - INFO - Created new state: Dirty for Cleanliness
2025-01-27 20:07:13,256 - ontorum.api - INFO -   Sub-entities: [UUID('4edfe600-ccaf-45f1-9859-17cd8eed3512'), UUID('86988f1b-3e77-4a8d-af82-2d6fc7ef81da')]
2025-01-27 20:07:13,257 - ontorum.example - INFO - Created new state: Dirty for Cleanliness
2025-01-27 20:07:13,257 - ontorum.api - INFO - Mock node: NodeType.STATE - Cold (482efe42-7d16-4cef-af1e-c2481095a7e5)
2025-01-27 20:07:13,258 - ontorum.example - INFO - Added dimension Material to universal Ice Cream Scoop
41a)
2025-01-27 20:07:13,258 - ontorum.api - INFO -   NodeType.DIMENSION - Material (6f0499be-9cc3-43b5-92e1-5f93d751b702)
2025-01-27 20:07:13,259 - ontorum.example - INFO - Created new state: Sanitized for Cleanliness
2025-01-27 20:07:13,259 - ontorum.api - INFO - Mock node: NodeType.UNIVERSAL - Ice Cream Scoop (4ca44f35-d304-4ba7-8d96-5a6efcbbc9a6)
2025-01-27 20:07:13,259 - ontorum.example - INFO - Created new state: Sanitized for Cleanliness
2025-01-27 20:07:13,259 - ontorum.example - INFO - Created new state: Stainless Steel for Material
c-4d7b-4422-ab3e-95af23d53898)
2025-01-27 20:07:13,259 - ontorum.api - INFO -   NodeType.STATE - Dirty (5e6c2701-b20d-4b7d-8677-b39e86a733e7)
2025-01-27 20:07:13,262 - ontorum.example - INFO - Created new state: Aluminum for Material
2025-01-27 20:07:13,261 - ontorum.api - INFO - Mock node: NodeType.DIMENSION - Cleanliness (63be5993-5f05-49ec-90f8-c222b345c5dc)
b243-2776e78eddea'), UUID('9b953636-0a1f-4335-92f6-601648b6312e')]
2025-01-27 20:07:13,261 - ontorum.example - INFO - Added dimension Material to universal Ice Cream Scoop
2025-01-27 20:07:13,258 - ontorum.api - INFO - Starting mock data initialization
2025-01-27 20:07:13,261 - ontorum.example - INFO - Added dimension Material to universal Ice Cream Scoop
2025-01-27 20:07:13,263 - ontorum.example - INFO - Added dimension Temperature to universal Ice Cream Scoop
2025-01-27 20:07:13,262 - ontorum.api - INFO - Mock node: NodeType.STATE - Hot (9bf8c10e-885a-4ef9-9103-35d75dd86a48)
2025-01-27 20:07:13,262 - ontorum.api - INFO -   NodeType.STATE - Sanitized (d3b1475f-6159-4aa7-8777-b617fd6f2ba5)
2025-01-27 20:07:13,262 - ontorum.api - INFO -   States: [UUID('186b177f-8ac8-41bd-9b9c-9c523041f4e7'), UUID('616fb1bf-db1b-4771-a09b-f623c4e383b7'), UUID('164ec8fc-7e2f-425c-b40d-030ac902c525')]
2025-01-27 20:07:13,262 - ontorum.api - INFO -   NodeType.STATE - Stainless Steel (4493e78a-9d52-4fca-9c3f-352b3d7d25d5)
2025-01-27 20:07:13,264 - ontorum.example - INFO - Created new state: Room Temperature for Temperature
2025-01-27 20:07:13,263 - ontorum.example - INFO - Created new state: Stainless Steel for Material
2025-01-27 20:07:13,263 - ontorum.example - INFO - Created new state: Stainless Steel for Material
2025-01-27 20:07:13,263 - ontorum.example - INFO - Initialized IceCreamScoopExpander
62-da39-4a28-b6f4-4f95b532ad18)
2025-01-27 20:07:13,265 - ontorum.example - INFO - Created new state: Aluminum for Material
2025-01-27 20:07:13,264 - ontorum.api - INFO - Mock node: NodeType.PARTICULAR - Ice Cream Scoop #12 Handle (e909a688-6aec-477a-bdef-56fbdd08d6c7)
2025-01-27 20:07:13,264 - ontorum.api - INFO - Mock node: NodeType.STATE - Clean (186b177f-8ac8-41bd-9b9c-9c523041f4e7)
2025-01-27 20:07:13,266 - ontorum.example - INFO - Added dimension Temperature to universal Ice Cream Scoop
2025-01-27 20:07:13,264 - ontorum.api - INFO -   NodeType.STATE - Aluminum (8480e4e3-aeb7-45c5-b243-2776e78eddea)
2025-01-27 20:07:13,267 - ontorum.example - INFO - Created new state: Cold for Temperature
2025-01-27 20:07:13,265 - ontorum.example - INFO - Created new state: Aluminum for Material
2025-01-27 20:07:13,268 - ontorum.example - INFO - Created new state: Room Temperature for Temperature
2025-01-27 20:07:13,268 - ontorum.example - INFO - Created new state: Hot for Temperature
p #12 from universal
2025-01-27 20:07:13,265 - ontorum.api - INFO -     States: [UUID('51c137b7-4ed2-45ff-85f4-f3ad5c27ca45'), UUID('e78fc0c8-309e-4b86-9cd0-7363022675bc'), UUID('e3d04b3f-cf56-46c5-9caa-ea8654433592')]
2025-01-27 20:07:13,265 - ontorum.api - INFO - Created mock scoop with ID: 67097451-d14e-4945-a7b2-7c8f0792eda4
2025-01-27 20:07:13,266 - ontorum.api - INFO -   Universal: 45b1441f-874e-44ac-8100-b436f94d9e15
2025-01-27 20:07:13,269 - ontorum.example - INFO - Discovered dimensions for Ice Cream Scoop #12 from universal
2025-01-27 20:07:13,268 - ontorum.api - INFO -   NodeType.STATE - Plastic (9b953636-0a1f-4335-92f6-601648b6312e)
2025-01-27 20:07:13,270 - ontorum.example - INFO - Creating sub-entities for Ice Cream Scoop #12
2025-01-27 20:07:13,267 - ontorum.api - INFO - Mock node: NodeType.STATE - Dirty (616fb1bf-db1b-4771-a09b-f623c4e383b7)
2025-01-27 20:07:13,270 - ontorum.example - INFO - Found existing universal: Ice Cream Scoop
2025-01-27 20:07:13,268 - ontorum.example - INFO - Created new state: Plastic for Material
2025-01-27 20:07:13,269 - ontorum.example - INFO - Creating sub-entities for Ice Cream Scoop #12
2025-01-27 20:07:13,269 - ontorum.example - INFO - Creating new universal: Ice Cream Scoop
2025-01-27 20:07:13,269 - ontorum.api - INFO -   NodeType.STATE - Stainless Steel (51c137b7-4ed2-45ff-85f4-f3ad5c27ca45)
2025-01-27 20:07:13,269 - ontorum.api - INFO -   Dimensions: [UUID('b2ee0bf5-53cd-4403-acae-fc4d93729b76'), UUID('a2ee790b-25ba-48be-bf53-d0be9c30f1dd'), UUID('3fd0dea1-f7a6-41c4-aacd-dac614b81b1e')]
2025-01-27 20:07:13,270 - ontorum.api - INFO - Mock node: NodeType.STATE - Sanitized (164ec8fc-7e2f-425c-b40d-030ac902c525)
2025-01-27 20:07:13,270 - ontorum.api - INFO -   NodeType.DIMENSION - Temperature (9ed30f91-da4d-435e-b931-a977c1f65500)
2025-01-27 20:07:13,271 - ontorum.example - INFO - Added dimension Temperature to universal Ice Cream Scoop
2025-01-27 20:07:13,271 - ontorum.example - INFO - Created new dimension: Cleanliness
2025-01-27 20:07:13,271 - ontorum.example - INFO - Discovered dimensions for Ice Cream Scoop #12 Handle from universal
2025-01-27 20:07:13,271 - ontorum.example - INFO - Found existing universal: Ice Cream Scoop
2025-01-27 20:07:13,272 - ontorum.api - INFO -   Sub-entities: []
2025-01-27 20:07:13,272 - ontorum.api - INFO -   NodeType.STATE - Aluminum (e78fc0c8-309e-4b86-9cd0-7363022675bc)
2025-01-27 20:07:13,272 - ontorum.api - INFO - Mock node: NodeType.DIMENSION - Material (1e16cc20-210f-4a07-a98d-abe7e3bc5494)
2025-01-27 20:07:13,273 - ontorum.api - INFO -     States: [UUID('b3aee3dc-c54f-43ec-8077-06019e5d8827'), UUID('33aaa9ad-a947-4a38-a926-89ab28e9fb91'), UUID('7bddf70b-41d7-4a89-ae82-34ea750a8c21')]
2025-01-27 20:07:13,273 - ontorum.example - INFO - Created new dimension: Material
2025-01-27 20:07:13,273 - ontorum.example - INFO - Created new state: Cold for Temperature
2025-01-27 20:07:13,274 - ontorum.example - INFO - Found existing universal: Ice Cream Scoop
2025-01-27 20:07:13,274 - ontorum.api - INFO - Mock node: NodeType.PARTICULAR - Ice Cream Scoop #12 Bowl (7ca05634-49f6-421c-a390-ee3c9fe0db04)
2025-01-27 20:07:13,274 - ontorum.example - INFO - Discovered dimensions for Ice Cream Scoop #12 Handle from universal
2025-01-27 20:07:13,274 - ontorum.api - INFO -   NodeType.STATE - Plastic (e3d04b3f-cf56-46c5-9caa-ea8654433592)
2025-01-27 20:07:13,275 - ontorum.example - INFO - Created new dimension: Temperature
-2f8a4eeb2146'), UUID('37131993-883a-4a2d-a525-5f866ef54d3a'), UUID('6b06149e-240f-4859-ad0e-0dbc6f2fe5af')]
2025-01-27 20:07:13,275 - ontorum.api - INFO -   NodeType.STATE - Cold (b3aee3dc-c54f-43ec-8077-06019e5d8827)
2025-01-27 20:07:13,275 - ontorum.example - INFO - Created new state: Room Temperature for Temperature
2025-01-27 20:07:13,275 - ontorum.example - INFO - Discovered dimensions for Ice Cream Scoop #12 Bowl from universal
2025-01-27 20:07:13,275 - ontorum.api - INFO -   Universal: 45b1441f-874e-44ac-8100-b436f94d9e15
2025-01-27 20:07:13,276 - ontorum.example - INFO - Found existing universal: Ice Cream Scoop
e Cream Scoop
2025-01-27 20:07:13,277 - ontorum.api - INFO - Mock node: NodeType.STATE - Stainless Steel (2e79259e-aa4f-43e9-b95c-2f8a4eeb2146)
2025-01-27 20:07:13,277 - ontorum.api - INFO -   NodeType.DIMENSION - Temperature (398f1b55-7d5b-4263-ad23-ef9d6c5d65e1)
2025-01-27 20:07:13,277 - ontorum.example - INFO - Created new state: Hot for Temperature
2025-01-27 20:07:13,277 - ontorum.api - INFO -   NodeType.STATE - Room Temperature (33aaa9ad-a947-4a38-a926-89ab28e9fb91)
2025-01-27 20:07:13,277 - ontorum.api - INFO - Initialized mock data with 16 nodes
2025-01-27 20:07:13,279 - ontorum.example - INFO - Discovered dimensions for Ice Cream Scoop #12 Bowl from universal
2025-01-27 20:07:13,278 - ontorum.api - INFO -   Dimensions: [UUID('b2ee0bf5-53cd-4403-acae-fc4d93729b76'), UUID('a2ee790b-25ba-48be-bf53-d0be9c30f1dd'), UUID('3fd0dea1-f7a6-41c4-aacd-dac614b81b1e')]
2025-01-27 20:07:13,280 - ontorum.api - INFO - Initialized mock data with 16 nodes
2025-01-27 20:07:13,280 - ontorum.api - INFO - Mock node: NodeType.PARTICULAR - Ice Cream Scoop #12 (cc24b4a4-5894-490f-b48a-35fc37c38fa2)
2025-01-27 20:07:13,279 - ontorum.example - INFO - Created new state: Clean for Cleanliness
#12 from universal
2025-01-27 20:07:13,279 - ontorum.api - INFO - Mock node: NodeType.STATE - Aluminum (37131993-883a-4a2d-a525-5f866ef54d3a)
2025-01-27 20:07:13,279 - ontorum.api - INFO -     States: [UUID('9a34beb5-3272-4dc6-aa02-9194a7ebdd1c'), UUID('ddd0980d-a8c3-419e-8551-7dba6f996b13'), UUID('2f737c06-7f03-437a-a531-9c9b7262a7d3')]
2025-01-27 20:07:13,281 - ontorum.api - INFO -   Universal: 70580c3b-f0e9-4dd2-8d14-62938a313d7c
2025-01-27 20:07:13,279 - ontorum.api - INFO -   NodeType.STATE - Hot (7bddf70b-41d7-4a89-ae82-34ea750a8c21)
2025-01-27 20:07:13,281 - ontorum.api - INFO -   Dimensions: [UUID('ea58ec90-f955-46b5-8219-43a3cc4732a3'), UUID('e0f3a298-6132-45b2-bf8a-d83c8e4107ec'), UUID('4bcce8e1-e9ca-402a-a312-9c6bdb3e9066')]
2025-01-27 20:07:13,279 - ontorum.api - INFO - Mock node: NodeType.PARTICULAR - Ice Cream Scoop #12 (c0614c96-66fb-461b-8761-55e28a253300)
2025-01-27 20:07:13,280 - ontorum.api - INFO -   Sub-entities: []
2025-01-27 20:07:13,281 - ontorum.example - INFO - Created new state: Dirty for Cleanliness
2025-01-27 20:07:13,282 - ontorum.api - INFO -   Sub-entities: [UUID('eb096a2f-8b64-4b41-b651-882851ff990a'), UUID('040c6729-d83c-45e3-9af4-54d26622c47d')]
2025-01-27 20:07:13,281 - ontorum.api - INFO - Mock node: NodeType.STATE - Plastic (6b06149e-240f-4859-ad0e-0dbc6f2fe5af)
 ontorum.api - INFO -   NodeType.STATE - Cold (9a34beb5-3272-4dc6-aa02-9194a7ebdd1c)
2025-01-27 20:07:13,283 - ontorum.api - INFO - Mock node: NodeType.UNIVERSAL - Ice Cream Scoop (70580c3b-f0e9-4dd2-8d14-62938a313d7c)
2025-01-27 20:07:13,282 - ontorum.api - INFO -   Universal: 41eeb463-e7dd-4b44-a56c-3c579bd88180
2025-01-27 20:07:13,282 - ontorum.api - INFO -   NodeType.PARTICULAR - Ice Cream Scoop #12 Handle (cd13dbf8-32e3-4dea-8907-75531ae42e21)
2025-01-27 20:07:13,284 - ontorum.api - INFO - Mock node: NodeType.DIMENSION - Cleanliness (ea58ec90-f955-46b5-8219-43a3cc4732a3)
2025-01-27 20:07:13,285 - ontorum.api - INFO -   States: [UUID('f86e8f78-426f-4e31-88e9-7b8a51acd0eb'), UUID('6a3e2931-38c4-402a-adb6-f014e8fbedd4'), UUID('504e6541-4f73-45b3-9290-0a48f3a52682')]
2025-01-27 20:07:13,282 - ontorum.example - INFO - Created new state: Sanitized for Cleanliness
2025-01-27 20:07:13,282 - ontorum.api - INFO - Mock data initialization complete
2025-01-27 20:07:13,284 - ontorum.api - INFO -   NodeType.STATE - Room Temperature (ddd0980d-a8c3-419e-8551-7dba6f996b13)
2025-01-27 20:07:13,286 - ontorum.api - INFO - Mock node: NodeType.STATE - Clean (f86e8f78-426f-4e31-88e9-7b8a51acd0eb)
2025-01-27 20:07:13,285 - ontorum.api - INFO - Mock node: NodeType.DIMENSION - Temperature (eab3264d-7da0-4443-9280-be12fd2cc13e)
2025-01-27 20:07:13,285 - ontorum.api - INFO -   Dimensions: [UUID('5cc856d1-924d-4681-bac5-6e968b0672f9'), UUID('f0d9f85e-9d4f-42f6-b0d3-d00909f2c6a0'), UUID('1e7a2372-e6d9-4659-bccd-4a73af6fc6cc')]
2025-01-27 20:07:13,287 - ontorum.api - INFO - Mock node: NodeType.STATE - Dirty (6a3e2931-38c4-402a-adb6-f014e8fbedd4)
2025-01-27 20:07:13,286 - ontorum.example - INFO - Added dimension Material to universal Ice Cream Scoop
2025-01-27 20:07:13,285 - ontorum.api - INFO -     Universal: 59dfd7c6-0adc-4b5f-835b-aa3d2f08f88a
2025-01-27 20:07:13,286 - ontorum.api - INFO -   NodeType.STATE - Hot (2f737c06-7f03-437a-a531-9c9b7262a7d3)
2025-01-27 20:07:13,287 - ontorum.api - INFO - Mock node: NodeType.STATE - Sanitized (504e6541-4f73-45b3-9290-0a48f3a52682)
2025-01-27 20:07:13,286 - ontorum.api - INFO - Mock data initialized with 16 nodes
2025-01-27 20:07:13,287 - ontorum.api - INFO -   States: [UUID('2bf5f4d5-1feb-4d30-8ad3-30ae88ae0e88'), UUID('074c2340-c606-43df-8154-a374e7a76496'), UUID('2d7d807c-3eb9-4c2b-8ed0-717d46aebf0f')]
2025-01-27 20:07:13,288 - ontorum.api - INFO - Mock node: NodeType.DIMENSION - Material (e0f3a298-6132-45b2-bf8a-d83c8e4107ec)
2025-01-27 20:07:13,287 - ontorum.api - INFO -   Sub-entities: [UUID('4ecb04ce-730a-49c1-8af8-3bc7bd88141d'), UUID('80f1fd38-8f06-4f74-a84c-426cd36cddac')]
2025-01-27 20:07:13,288 - ontorum.example - INFO - Created new state: Stainless Steel for Material
2025-01-27 20:07:13,289 - ontorum.api - INFO -   States: [UUID('8ba5edf5-1501-4fa0-aec7-364d306612b0'), UUID('74d7d903-1940-419e-bd2f-cbe863c0adc9'), UUID('e28e1ab7-acb9-4f48-b2af-3a203e1d3925')]
2025-01-27 20:07:13,288 - ontorum.api - INFO - Mock data nodes:
2025-01-27 20:07:13,290 - ontorum.example - INFO - Created new state: Aluminum for Material
2025-01-27 20:07:13,287 - ontorum.example - INFO - Discovered dimensions for Ice Cream Scoop #12 Handle from universal
2025-01-27 20:07:13,290 - ontorum.api - INFO - Mock node: NodeType.STATE - Stainless Steel (8ba5edf5-1501-4fa0-aec7-364d306612b0)
2025-01-27 20:07:13,288 - ontorum.api - INFO -     Dimensions: [UUID('fe669b27-d627-4ae0-95f0-6ceab2ef3233'), UUID('6f0499be-9cc3-43b5-92e1-5f93d751b702'), UUID('9ed30f91-da4d-435e-b931-a977c1f65500')]
2025-01-27 20:07:13,288 - ontorum.api - INFO -   NodeType.PARTICULAR - Ice Cream Scoop #12 Handle (bc767548-92e0-436d-89bf-56a72816684b)
2025-01-27 20:07:13,289 - ontorum.api - INFO - Mock node: NodeType.STATE - Cold (2bf5f4d5-1feb-4d30-8ad3-30ae88ae0e88)
2025-01-27 20:07:13,290 - ontorum.api - INFO -   NodeType.PARTICULAR - Ice Cream Scoop #12 (0943e034-8333-407d-ad91-317db6a4dd51)
0)
2025-01-27 20:07:13,290 - ontorum.example - INFO - Created new state: Plastic for Material
2025-01-27 20:07:13,290 - ontorum.api - INFO - Mock node: NodeType.STATE - Aluminum (74d7d903-1940-419e-bd2f-cbe863c0adc9)
2025-01-27 20:07:13,293 - ontorum.api - INFO -     Universal: 45b1441f-874e-44ac-8100-b436f94d9e15
2025-01-27 20:07:13,291 - ontorum.example - INFO - Found existing universal: Ice Cream Scoop
2025-01-27 20:07:13,293 - ontorum.api - INFO -     Dimensions: [UUID('b2ee0bf5-53cd-4403-acae-fc4d93729b76'), UUID('a2ee790b-25ba-48be-bf53-d0be9c30f1dd'), UUID('3fd0dea1-f7a6-41c4-aacd-dac614b81b1e')]
2025-01-27 20:07:13,294 - ontorum.api - INFO -   NodeType.UNIVERSAL - Ice Cream Scoop (45b1441f-874e-44ac-8100-b436f94d9e15)
2025-01-27 20:07:13,295 - ontorum.api - INFO -     Dimensions: [UUID('b2ee0bf5-53cd-4403-acae-fc4d93729b76'), UUID('a2ee790b-25ba-48be-bf53-d0be9c30f1dd'), UUID('3fd0dea1-f7a6-41c4-aacd-dac614b81b1e')]
2025-01-27 20:07:13,291 - ontorum.api - INFO - Mock node: NodeType.STATE - Room Temperature (074c2340-c606-43df-8154-a374e7a76496)
2025-01-27 20:07:13,293 - ontorum.api - INFO - Mock node: NodeType.DIMENSION - Cleanliness (5cc856d1-924d-4681-bac5-6e968b0672f9)
2025-01-27 20:07:13,293 - ontorum.example - INFO - Added dimension Temperature to universal Ice Cream Scoop
2025-01-27 20:07:13,296 - ontorum.api - INFO -   NodeType.DIMENSION - Cleanliness (b2ee0bf5-53cd-4403-acae-fc4d93729b76)
2025-01-27 20:07:13,296 - ontorum.example - INFO - Created new state: Cold for Temperature
2025-01-27 20:07:13,294 - ontorum.api - INFO - Mock node: NodeType.STATE - Plastic (e28e1ab7-acb9-4f48-b2af-3a203e1d3925)
2025-01-27 20:07:13,291 - ontorum.api - INFO -   NodeType.PARTICULAR - Ice Cream Scoop #12 Bowl (2560f122-ff53-4b02-83d1-d204fa27ecc2)
2025-01-27 20:07:13,294 - ontorum.example - INFO - Discovered dimensions for Ice Cream Scoop #12 Bowl from universal
2025-01-27 20:07:13,297 - ontorum.api - INFO -     States: [UUID('ecb5905d-fcae-4b2d-8dfb-4408a5bc97e5'), UUID('6109a306-401d-43e7-bf0e-6c745bf6ddb8'), UUID('d6a96540-9089-4774-b8d5-8374af7811bf')]
2025-01-27 20:07:13,297 - ontorum.api - INFO -   NodeType.STATE - Clean (ecb5905d-fcae-4b2d-8dfb-4408a5bc97e5)
29e436-972a-419f-9117-4404ac295616'), UUID('79284879-1d31-4e6d-9cec-8c37ff032ccf')]
2025-01-27 20:07:13,296 - ontorum.api - INFO -     Dimensions: [UUID('868d8d14-094d-4c83-96a8-52d118b4863e'), UUID('87467862-da39-4a28-b6f4-4f95b532ad18'), UUID('398f1b55-7d5b-4263-ad23-ef9d6c5d65e1')]
2025-01-27 20:07:13,298 - ontorum.api - INFO -   NodeType.PARTICULAR - Ice Cream Scoop #12 Bowl (5715ba7f-a36c-4212-aa78-19aef737ff1c)
2025-01-27 20:07:13,298 - ontorum.api - INFO - Mock node: NodeType.PARTICULAR - Ice Cream Scoop #12 Handle (4edfe600-ccaf-45f1-9859-17cd8eed3512)
2025-01-27 20:07:13,297 - ontorum.api - INFO -     Universal: 59dfd7c6-0adc-4b5f-835b-aa3d2f08f88a
2025-01-27 20:07:13,299 - ontorum.api - INFO -     Universal: d4910618-cb18-4849-aaf9-eef4b51f0fd2
2025-01-27 20:07:13,299 - ontorum.api - INFO -   Universal: 4ca44f35-d304-4ba7-8d96-5a6efcbbc9a6
2025-01-27 20:07:13,297 - ontorum.example - INFO - Created new state: Room Temperature for Temperature
2025-01-27 20:07:13,300 - ontorum.api - INFO -   Dimensions: [UUID('63be5993-5f05-49ec-90f8-c222b345c5dc'), UUID('1e16cc20-210f-4a07-a98d-abe7e3bc5494'), UUID('eab3264d-7da0-4443-9280-be12fd2cc13e')]
2025-01-27 20:07:13,297 - ontorum.api - INFO - Initialized mock data with 16 nodes
2025-01-27 20:07:13,297 - ontorum.api - INFO - Mock node: NodeType.DIMENSION - Temperature (4bcce8e1-e9ca-402a-a312-9c6bdb3e9066)
2025-01-27 20:07:13,301 - ontorum.api - INFO -   Sub-entities: []
2025-01-27 20:07:13,298 - ontorum.api - INFO -   NodeType.STATE - Dirty (6109a306-401d-43e7-bf0e-6c745bf6ddb8)
2025-01-27 20:07:13,298 - ontorum.api - INFO - Mock node: NodeType.STATE - Clean (2ff58d15-0306-4a70-aa22-504e50cf4bc8)
2025-01-27 20:07:13,302 - ontorum.api - INFO - Mock node: NodeType.PARTICULAR - Ice Cream Scoop #12 Bowl (86988f1b-3e77-4a8d-af82-2d6fc7ef81da)
2025-01-27 20:07:13,300 - ontorum.api - INFO -     Dimensions: [UUID('868d8d14-094d-4c83-96a8-52d118b4863e'), UUID('87467862-da39-4a28-b6f4-4f95b532ad18'), UUID('398f1b55-7d5b-4263-ad23-ef9d6c5d65e1')]
2025-01-27 20:07:13,300 - ontorum.example - INFO - Created new state: Hot for Temperature
bc9a6
2025-01-27 20:07:13,300 - ontorum.api - INFO -     Dimensions: [UUID('fe669b27-d627-4ae0-95f0-6ceab2ef3233'), UUID('6f0499be-9cc3-43b5-92e1-5f93d751b702'), UUID('9ed30f91-da4d-435e-b931-a977c1f65500')]
2025-01-27 20:07:13,301 - ontorum.api - INFO - Mock node: NodeType.PARTICULAR - Ice Cream Scoop #12 (8d9d901e-d876-435c-ac19-a9ac8d6ffbcf)
2025-01-27 20:07:13,302 - ontorum.api - INFO -   States: [UUID('7ad4843f-7f29-4a26-a442-991d85dbfc3e'), UUID('8c036afb-bd38-4e4e-af55-ac4b526e444d'), UUID('fd72a4e2-7bcc-46c9-a7af-a1b0af3ce952')]
2025-01-27 20:07:13,302 - ontorum.api - INFO -   NodeType.STATE - Sanitized (d6a96540-9089-4774-b8d5-8374af7811bf)
2025-01-27 20:07:13,303 - ontorum.example - INFO - Discovered dimensions for Ice Cream Scoop #12 from universal
2025-01-27 20:07:13,302 - ontorum.api - INFO - Mock node: NodeType.STATE - Dirty (7e29e436-972a-419f-9117-4404ac295616)
2025-01-27 20:07:13,303 - ontorum.api - INFO -   Dimensions: [UUID('63be5993-5f05-49ec-90f8-c222b345c5dc'), UUID('1e16cc20-210f-4a07-a98d-abe7e3bc5494'), UUID('eab3264d-7da0-4443-9280-be12fd2cc13e')]
2025-01-27 20:07:13,303 - ontorum.api - INFO -   Universal: 140aa2e0-12a2-4c7c-9b88-2ac204ebe1f6
2025-01-27 20:07:13,303 - ontorum.api - INFO - Mock node: NodeType.STATE - Cold (7ad4843f-7f29-4a26-a442-991d85dbfc3e)
2025-01-27 20:07:13,305 - ontorum.api - INFO - Mock node: NodeType.STATE - Sanitized (79284879-1d31-4e6d-9cec-8c37ff032ccf)
2025-01-27 20:07:13,305 - ontorum.example - INFO - Creating sub-entities for Ice Cream Scoop #12
2025-01-27 20:07:13,305 - ontorum.api - INFO -   Sub-entities: []
2025-01-27 20:07:13,305 - ontorum.api - INFO -   Dimensions: [UUID('45a35677-a482-4176-b4ae-64d028cc60cb'), UUID('8c0f9352-295a-4641-b7b2-6849de4f461d'), UUID('e7d3166e-2216-4cd8-97c8-d66d4f7f3281')]
2025-01-27 20:07:13,306 - ontorum.api - INFO - Mock node: NodeType.STATE - Room Temperature (8c036afb-bd38-4e4e-af55-ac4b526e444d)
2025-01-27 20:07:13,307 - ontorum.api - INFO - Mock node: NodeType.DIMENSION - Material (f0d9f85e-9d4f-42f6-b0d3-d00909f2c6a0)
2025-01-27 20:07:13,307 - ontorum.example - INFO - Found existing universal: Ice Cream Scoop
2025-01-27 20:07:13,307 - ontorum.api - INFO - Mock data initialization complete
2025-01-27 20:07:13,307 - ontorum.api - INFO -   NodeType.STATE - Stainless Steel (94055f00-b6b8-44f1-9970-52804f8f246a)
2025-01-27 20:07:13,307 - ontorum.api - INFO -   Sub-entities: [UUID('c059ea70-4a1a-47dd-b80b-03d8e4a3676f'), UUID('d8c50684-c09d-4cf7-a293-99f5303de42b')]
2025-01-27 20:07:13,309 - ontorum.api - INFO -   States: [UUID('c125656b-c354-454a-8904-1df292409739'), UUID('605d061c-845b-4348-a673-04ce5788e7b1'), UUID('e7df9c97-cc31-4833-ad72-e3fbec06e75e')]
2025-01-27 20:07:13,309 - ontorum.example - INFO - Discovered dimensions for Ice Cream Scoop #12 Handle from universal
2025-01-27 20:07:13,309 - ontorum.api - INFO - Mock data initialized with 16 nodes
2025-01-27 20:07:13,309 - ontorum.api - INFO - Mock node: NodeType.STATE - Hot (fd72a4e2-7bcc-46c9-a7af-a1b0af3ce952)
2025-01-27 20:07:13,311 - ontorum.example - INFO - Found existing universal: Ice Cream Scoop
2025-01-27 20:07:13,309 - ontorum.api - INFO -   NodeType.STATE - Aluminum (4a5f437c-489e-4229-80bc-412383d1344a)
2025-01-27 20:07:13,310 - ontorum.api - INFO - Mock node: NodeType.UNIVERSAL - Ice Cream Scoop (140aa2e0-12a2-4c7c-9b88-2ac204ebe1f6)
2025-01-27 20:07:13,310 - ontorum.api - INFO - Mock node: NodeType.STATE - Stainless Steel (c125656b-c354-454a-8904-1df292409739)
2025-01-27 20:07:13,311 - ontorum.example - INFO - Discovered dimensions for Ice Cream Scoop #12 Bowl from universal
2025-01-27 20:07:13,311 - ontorum.api - INFO -   NodeType.STATE - Plastic (f5f108b7-ac79-4ef8-9785-71b53ce0a12c)
2025-01-27 20:07:13,311 - ontorum.api - INFO - Mock node: NodeType.PARTICULAR - Ice Cream Scoop #12 Handle (eb096a2f-8b64-4b41-b651-882851ff990a)
2025-01-27 20:07:13,312 - ontorum.api - INFO - Mock node: NodeType.STATE - Aluminum (605d061c-845b-4348-a673-04ce5788e7b1)
2025-01-27 20:07:13,312 - ontorum.api - INFO - Initialized mock data with 16 nodes
2025-01-27 20:07:13,312 - ontorum.api - INFO - Mock node: NodeType.DIMENSION - Cleanliness (45a35677-a482-4176-b4ae-64d028cc60cb)
2025-01-27 20:07:13,313 - ontorum.api - INFO -   NodeType.PARTICULAR - Ice Cream Scoop #12 (1ce39840-0e88-4336-ac50-d836b71087eb)
92eda4)
2025-01-27 20:07:13,313 - ontorum.api - INFO -   NodeType.DIMENSION - Temperature (3fd0dea1-f7a6-41c4-aacd-dac614b81b1e)
2025-01-27 20:07:13,313 - ontorum.api - INFO - Mock node: NodeType.STATE - Plastic (e7df9c97-cc31-4833-ad72-e3fbec06e75e)
2025-01-27 20:07:13,314 - ontorum.api - INFO -   Universal: 954bc16c-02c2-4670-b959-776a3a276e58
2025-01-27 20:07:13,314 - ontorum.api - INFO -   States: [UUID('16175a4c-d25d-4389-bab0-5a5cc71c3bb8'), UUID('4ef82b87-00b4-4b88-9584-e7e67824a904'), UUID('5888c1e3-3368-4187-9f10-4496f3b496ed')]
2025-01-27 20:07:13,314 - ontorum.api - INFO -     Universal: 4ca44f35-d304-4ba7-8d96-5a6efcbbc9a6
2025-01-27 20:07:13,315 - ontorum.api - INFO -   Dimensions: [UUID('ef80b96d-f569-400d-bf2a-c79d55793a93'), UUID('6deaf9d9-041c-4b64-8a32-297afd03e723'), UUID('eb57a5c2-fedc-466a-8e0d-948dfa809a7d')]
2025-01-27 20:07:13,314 - ontorum.api - INFO - Mock node: NodeType.DIMENSION - Temperature (1e7a2372-e6d9-4659-bccd-4a73af6fc6cc)
2025-01-27 20:07:13,315 - ontorum.api - INFO -   Sub-entities: [UUID('83cdb7e9-e55b-4209-b6e7-26b054da3093'), UUID('b9f45213-e7ae-4c55-89f8-c12f6aa2b964')]
2025-01-27 20:07:13,314 - ontorum.api - INFO -     States: [UUID('482efe42-7d16-4cef-af1e-c2481095a7e5'), UUID('9821b03c-4d7b-4422-ab3e-95af23d53898'), UUID('9bf8c10e-885a-4ef9-9103-35d75dd86a48')]
2025-01-27 20:07:13,315 - ontorum.api - INFO -   Dimensions: [UUID('ea58ec90-f955-46b5-8219-43a3cc4732a3'), UUID('e0f3a298-6132-45b2-bf8a-d83c8e4107ec'), UUID('4bcce8e1-e9ca-402a-a312-9c6bdb3e9066')]
2025-01-27 20:07:13,315 - ontorum.api - INFO -     Dimensions: [UUID('63be5993-5f05-49ec-90f8-c222b345c5dc'), UUID('1e16cc20-210f-4a07-a98d-abe7e3bc5494'), UUID('eab3264d-7da0-4443-9280-be12fd2cc13e')]
2025-01-27 20:07:13,315 - ontorum.api - INFO - Mock node: NodeType.STATE - Clean (16175a4c-d25d-4389-bab0-5a5cc71c3bb8)
2025-01-27 20:07:13,316 - ontorum.api - INFO - Mock node: NodeType.UNIVERSAL - Ice Cream Scoop (954bc16c-02c2-4670-b959-776a3a276e58)
2025-01-27 20:07:13,316 - ontorum.api - INFO -   States: [UUID('74cc87c3-8f98-4a9a-ae01-1bd492dbcb8a'), UUID('72301dbb-4bcf-4986-99ec-721abb871d1d'), UUID('d3db3fbd-7165-4874-840f-4fd95fd664b5')]
2025-01-27 20:07:13,317 - ontorum.api - INFO -   NodeType.STATE - Cold (482efe42-7d16-4cef-af1e-c2481095a7e5)
2025-01-27 20:07:13,318 - ontorum.api - INFO -   NodeType.UNIVERSAL - Ice Cream Scoop (4ca44f35-d304-4ba7-8d96-5a6efcbbc9a6)
2025-01-27 20:07:13,318 - ontorum.api - INFO - Mock node: NodeType.STATE - Dirty (4ef82b87-00b4-4b88-9584-e7e67824a904)
2025-01-27 20:07:13,319 - ontorum.api - INFO - Mock node: NodeType.STATE - Cold (74cc87c3-8f98-4a9a-ae01-1bd492dbcb8a)
2025-01-27 20:07:13,319 - ontorum.api - INFO - Mock node: NodeType.DIMENSION - Cleanliness (ef80b96d-f569-400d-bf2a-c79d55793a93)
2025-01-27 20:07:13,319 - ontorum.api - INFO -   NodeType.STATE - Room Temperature (9821b03c-4d7b-4422-ab3e-95af23d53898)
2025-01-27 20:07:13,319 - ontorum.api - INFO - Mock node: NodeType.PARTICULAR - Ice Cream Scoop #12 Bowl (040c6729-d83c-45e3-9af4-54d26622c47d)
2025-01-27 20:07:13,320 - ontorum.api - INFO -     Dimensions: [UUID('63be5993-5f05-49ec-90f8-c222b345c5dc'), UUID('1e16cc20-210f-4a07-a98d-abe7e3bc5494'), UUID('eab3264d-7da0-4443-9280-be12fd2cc13e')]
2025-01-27 20:07:13,320 - ontorum.api - INFO - Mock node: NodeType.STATE - Room Temperature (72301dbb-4bcf-4986-99ec-721abb871d1d)
2025-01-27 20:07:13,320 - ontorum.api - INFO -   NodeType.STATE - Hot (9bf8c10e-885a-4ef9-9103-35d75dd86a48)
2025-01-27 20:07:13,320 - ontorum.api - INFO -   States: [UUID('61ad430c-c1c3-47bd-8cce-3518558ce60c'), UUID('81e7fa1e-3e8b-42be-9fe2-0e8695cb4ccd'), UUID('c0bb259d-ccaa-40db-a247-d11d24174479')]
2025-01-27 20:07:13,320 - ontorum.api - INFO - Mock node: NodeType.STATE - Sanitized (5888c1e3-3368-4187-9f10-4496f3b496ed)
2025-01-27 20:07:13,321 - ontorum.api - INFO -   Universal: 70580c3b-f0e9-4dd2-8d14-62938a313d7c
2025-01-27 20:07:13,321 - ontorum.api - INFO -   NodeType.DIMENSION - Cleanliness (63be5993-5f05-49ec-90f8-c222b345c5dc)
2025-01-27 20:07:13,321 - ontorum.api - INFO - Mock node: NodeType.STATE - Hot (d3db3fbd-7165-4874-840f-4fd95fd664b5)
2025-01-27 20:07:13,321 - ontorum.api - INFO -   NodeType.PARTICULAR - Ice Cream Scoop #12 Handle (e909a688-6aec-477a-bdef-56fbdd08d6c7)
2025-01-27 20:07:13,322 - ontorum.api - INFO - Mock node: NodeType.DIMENSION - Material (8c0f9352-295a-4641-b7b2-6849de4f461d)
2025-01-27 20:07:13,322 - ontorum.api - INFO -   Dimensions: [UUID('ea58ec90-f955-46b5-8219-43a3cc4732a3'), UUID('e0f3a298-6132-45b2-bf8a-d83c8e4107ec'), UUID('4bcce8e1-e9ca-402a-a312-9c6bdb3e9066')]
2025-01-27 20:07:13,322 - ontorum.api - INFO - Mock node: NodeType.STATE - Clean (61ad430c-c1c3-47bd-8cce-3518558ce60c)
2025-01-27 20:07:13,323 - ontorum.api - INFO -     Universal: 45b1441f-874e-44ac-8100-b436f94d9e15
2025-01-27 20:07:13,323 - ontorum.api - INFO -     States: [UUID('186b177f-8ac8-41bd-9b9c-9c523041f4e7'), UUID('616fb1bf-db1b-4771-a09b-f623c4e383b7'), UUID('164ec8fc-7e2f-425c-b40d-030ac902c525')]
2025-01-27 20:07:13,324 - ontorum.api - INFO -   Sub-entities: []
2025-01-27 20:07:13,324 - ontorum.api - INFO -     Dimensions: [UUID('b2ee0bf5-53cd-4403-acae-fc4d93729b76'), UUID('a2ee790b-25ba-48be-bf53-d0be9c30f1dd'), UUID('3fd0dea1-f7a6-41c4-aacd-dac614b81b12025-01-27 20:07:13,323 - ontorum.api - INFO - Mock node: NodeType.PARTICULAR - Ic2025-01-27 20:07:13,325 - ontorum.api - INFO -   NodeType.STATE - Clean (186b177f-8ac8-41bd-9b9c-9c523041f4e7)
2025-01-27 20:07:13,338 - ontorum.api - INFO - Mock node: NodeType.STATE - Stainless Steel (8ca85be5-5a5d-428c-8f92-f1253c727de2)
2025-01-27 20:07:13,338 - ontorum.api - INFO -   Universal: 41eeb463-e7dd-4b44-a56c-3c579bd88180
2025-01-27 20:07:13,338 - ontorum.api - INFO - Mock data initialized with 16 nodes
2025-01-27 20:07:13,338 - ontorum.api - INFO -   NodeType.STATE - Dirty (616fb1bf-db1b-4771-a09b-f623c4e383b7)
2025-01-27 20:07:13,338 - ontorum.api - INFO - Mock node: NodeType.STATE - Sanitized (c0bb259d-ccaa-40db-a247-d11d24174479)
2025-01-27 20:07:13,339 - ontorum.api - INFO - Mock node: NodeType.STATE - Aluminum (4d681d2d-f47d-4dc0-ad02-f0210491c4d5)
2025-01-27 20:07:13,339 - ontorum.api - INFO - Mock data nodes:
2025-01-27 20:07:13,338 - ontorum.api - INFO -   NodeType.PARTICULAR - Ice Cream Scoop #12 Bowl (7ca05634-49f6-421c-a390-ee3c9fe0db04)
2025-01-27 20:07:13,339 - ontorum.api - INFO -   NodeType.STATE - Sanitized (164ec8fc-7e2f-425c-b40d-030ac902c525)
2025-01-27 20:07:13,340 - ontorum.api - INFO - Mock node: NodeType.STATE - Plastic (ea670b49-0a63-44c7-b38b-369211db0613)
2025-01-27 20:07:13,339 - ontorum.api - INFO -   Dimensions: [UUID('5cc856d1-924d-4681-bac5-6e968b0672f9'), UUID('f0d9f85e-9d4f-42f6-b0d3-d00909f2c6a0'), UUID('1e7a2372-e6d9-4659-bccd-4a73af6fc6cc')]
2025-01-27 20:07:13,341 - ontorum.api - INFO - Mock node: NodeType.DIMENSION - Temperature (e7d3166e-2216-4cd8-97c8-d66d4f7f3281)
2025-01-27 20:07:13,340 - ontorum.api - INFO - Mock node: NodeType.DIMENSION - Material (6deaf9d9-041c-4b64-8a32-297afd03e723)
2025-01-27 20:07:13,342 - ontorum.api - INFO -   States: [UUID('ab6c4a90-c016-4856-aa72-9acae606ed9d'), UUID('a5049b35-8e05-436d-97da-a202a6e56114'), UUID('5835c046-1dff-4dd1-bb3f-59ce681b4d47')]
2025-01-27 20:07:13,341 - ontorum.api - INFO -   NodeType.PARTICULAR - Ice Cream Scoop #12 (cc24b4a4-5894-490f-b48a-35fc37c38fa2)
2025-01-27 20:07:13,341 - ontorum.api - INFO -     Universal: 45b1441f-874e-44ac-8100-b436f94d9e15
98d-abe7e3bc5494)
2025-01-27 20:07:13,341 - ontorum.api - INFO -   Sub-entities: []
2025-01-27 20:07:13,343 - ontorum.api - INFO - Mock node: NodeType.STATE - Cold (ab6c4a90-c016-4856-aa72-9acae606ed9d)
2025-01-27 20:07:13,342 - ontorum.api - INFO -   States: [UUID('eb46569c-ed30-4b1f-8f3d-2678ae4e5a48'), UUID('e5ec728d-6584-4336-a632-72fb1f5c5078'), UUID('cdef9dc9-2ab9-4465-b78b-4de9d89ca93f')]
2025-01-27 20:07:13,343 - ontorum.api - INFO -     Dimensions: [UUID('b2ee0bf5-53cd-4403-acae-fc4d93729b76'), UUID('a2ee790b-25ba-48be-bf53-d0be9c30f1dd'), UUID('3fd0dea1-f7a6-41c4-aacd-dac614b81b1e')]
2025-01-27 20:07:13,343 - ontorum.api - INFO -     Universal: 70580c3b-f0e9-4dd2-8d14-62938a313d7c
2025-01-27 20:07:13,343 - ontorum.api - INFO - Mock node: NodeType.STATE - Room Temperature (a5049b35-8e05-436d-97da-a202a6e56114)
2025-01-27 20:07:13,343 - ontorum.api - INFO - Mock node: NodeType.PARTICULAR - Ice Cream Scoop #12 Bowl (80f1fd38-8f06-4f74-a84c-426cd36cddac)
2025-01-27 20:07:13,343 - ontorum.api - INFO -     States: [UUID('2e79259e-aa4f-43e9-b95c-2f8a4eeb2146'), UUID('37131993-883a-4a2d-a525-5f866ef54d3a'), UUID('6b06149e-240f-4859-ad0e-0dbc6f2fe5af')]
2025-01-27 20:07:13,345 - ontorum.api - INFO - Mock node: NodeType.STATE - Hot (5835c046-1dff-4dd1-bb3f-59ce681b4d47)
8ae4e5a48)
2025-01-27 20:07:13,345 - ontorum.api - INFO -     Dimensions: [UUID('ea58ec90-f955-46b5-8219-43a3cc4732a3'), UUID('e0f3a298-6132-45b2-bf8a-d83c8e4107ec'), UUID('4bcce8e1-e9ca-402a-a312-9c6bdb3e9066')]
2025-01-27 20:07:13,345 - ontorum.api - INFO -   Universal: 41eeb463-e7dd-4b44-a56c-3c579bd88180
2025-01-27 20:07:13,346 - ontorum.api - INFO - Mock node: NodeType.PARTICULAR - Ice Cream Scoop #12 Handle (c059ea70-4a1a-47dd-b80b-03d8e4a3676f)
2025-01-27 20:07:13,346 - ontorum.api - INFO -   NodeType.UNIVERSAL - Ice Cream Scoop (70580c3b-f0e9-4dd2-8d14-62938a313d7c)
2025-01-27 20:07:13,346 - ontorum.api - INFO -   NodeType.STATE - Stainless Steel (2e79259e-aa4f-43e9-b95c-2f8a4eeb2146)
2025-01-27 20:07:13,347 - ontorum.api - INFO -     Dimensions: [UUID('ea58ec90-f955-46b5-8219-43a3cc4732a3'), UUID('e0f3a298-6132-45b2-bf8a-d83c8e4107ec'), UUID('4bcce8e1-e9ca-402a-a312-9c6bdb3e9066')]
2025-01-27 20:07:13,347 - ontorum.api - INFO -   Universal: 140aa2e0-12a2-4c7c-9b88-2ac204ebe1f6
2025-01-27 20:07:13,347 - ontorum.api - INFO - Mock node: NodeType.STATE - Plastic (cdef9dc9-2ab9-4465-b78b-4de9d89ca93f)
2025-01-27 20:07:13,348 - ontorum.api - INFO -   NodeType.STATE - Aluminum (37131993-883a-4a2d-a525-5f866ef54d3a)
2025-01-27 20:07:13,347 - ontorum.api - INFO -   Dimensions: [UUID('5cc856d1-924d-4681-bac5-6e968b0672f9'), UUID('f0d9f85e-9d4f-42f6-b0d3-d00909f2c6a0'), UUID('1e7a2372-e6d9-4659-bccd-4a73af6fc6cc')]
2025-01-27 20:07:13,348 - ontorum.api - INFO -   NodeType.DIMENSION - Cleanliness (ea58ec90-f955-46b5-8219-43a3cc4732a3)
2025-01-27 20:07:13,348 - ontorum.api - INFO -   Dimensions: [UUID('45a35677-a482-4176-b4ae-64d028cc60cb'), UUID('8c0f9352-295a-4641-b7b2-6849de4f461d'), UUID('e7d3166e-2216-4cd8-97c8-d66d4f7f3281')]
2025-01-27 20:07:13,348 - ontorum.api - INFO - Mock node: NodeType.DIMENSION - Temperature (eb57a5c2-fedc-466a-8e0d-948dfa809a7d)
2025-01-27 20:07:13,349 - ontorum.api - INFO -   Sub-entities: []
2025-01-27 20:07:13,349 - ontorum.api - INFO -   NodeType.STATE - Plastic (6b06149e-240f-4859-ad0e-0dbc6f2fe5af)
2025-01-27 20:07:13,350 - ontorum.api - INFO -   Sub-entities: []
2025-01-27 20:07:13,349 - ontorum.api - INFO -     States: [UUID('f86e8f78-426f-4e31-88e9-7b8a51acd0eb'), UUID('6a3e2931-38c4-402a-adb6-f014e8fbedd4'), UUID('504e6541-4f73-45b3-9290-0a48f3a52682')]
2025-01-27 20:07:13,351 - ontorum.api - INFO - Mock data initialization complete
-b2fe-cbca438048c2'), UUID('7387f03d-85db-47cd-8bac-64deee8e6127'), UUID('9c1ef311-eb06-4bc5-b400-710e82b8240e')]
2025-01-27 20:07:13,352 - ontorum.api - INFO -   NodeType.STATE - Clean (f86e8f78-426f-4e31-88e9-7b8a51acd0eb)
2025-01-27 20:07:13,351 - ontorum.api - INFO -   NodeType.DIMENSION - Temperature (eab3264d-7da0-4443-9280-be12fd2cc13e)
2025-01-27 20:07:13,352 - ontorum.api - INFO - Mock data initialized with 16 nodes
2025-01-27 20:07:13,352 - ontorum.api - INFO - Mock node: NodeType.PARTICULAR - Ice Cream Scoop #12 Bowl (d8c50684-c09d-4cf7-a293-99f5303de42b)
2025-01-27 20:07:13,352 - ontorum.api - INFO - Mock node: NodeType.STATE - Cold (49d16c32-0078-44e3-b2fe-cbca438048c2)
2025-01-27 20:07:13,353 - ontorum.api - INFO -   Universal: 140aa2e0-12a2-4c7c-9b88-2ac204ebe1f6
2025-01-27 20:07:13,353 - ontorum.api - INFO -   NodeType.STATE - Dirty (6a3e2931-38c4-402a-adb6-f014e8fbedd4)
2025-01-27 20:07:13,353 - ontorum.api - INFO -     States: [UUID('2bf5f4d5-1feb-4d30-8ad3-30ae88ae0e88'), UUID('074c2340-c606-43df-8154-a374e7a76496'), UUID('2d7d807c-3eb9-4c2b-8ed0-717d46aebf0f')]
2025-01-27 20:07:13,353 - ontorum.api - INFO - Mock data nodes:
2025-01-27 20:07:13,353 - ontorum.api - INFO - Mock node: NodeType.STATE - Room Temperature (7387f03d-85db-47cd-8bac-64deee8e6127)
2025-01-27 20:07:13,354 - ontorum.api - INFO -   NodeType.STATE - Sanitized (504e6541-4f73-45b3-9290-0a48f3a52682)
0f9352-295a-4641-b7b2-6849de4f461d'), UUID('e7d3166e-2216-4cd8-97c8-d66d4f7f3281')]
2025-01-27 20:07:13,354 - ontorum.api - INFO -   NodeType.STATE - Cold (2bf5f4d5-1feb-4d30-8ad3-30ae88ae0e88)
2025-01-27 20:07:13,354 - ontorum.api - INFO -   NodeType.PARTICULAR - Ice Cream Scoop #12 (c0614c96-66fb-461b-8761-55e28a253300)
2025-01-27 20:07:13,355 - ontorum.api - INFO -   NodeType.DIMENSION - Material (e0f3a298-6132-45b2-bf8a-d83c8e4107ec)
2025-01-27 20:07:13,356 - ontorum.api - INFO -     Universal: 41eeb463-e7dd-4b44-a56c-3c579bd88180
2025-01-27 20:07:13,356 - ontorum.api - INFO - Mock data initialization complete
2025-01-27 20:07:13,356 - ontorum.api - INFO - Mock node: NodeType.PARTICULAR - Ice Cream Scoop #12 Handle (83cdb7e9-e55b-4209-b6e7-26b054da3093)
2025-01-27 20:07:13,355 - ontorum.api - INFO -   NodeType.STATE - Room Temperature (074c2340-c606-43df-8154-a374e7a76496)
2025-01-27 20:07:13,357 - ontorum.api - INFO -     Dimensions: [UUID('5cc856d1-924d-4681-bac5-6e968b0672f9'), UUID('f0d9f85e-9d4f-42f6-b0d3-d00909f2c6a0'), UUID('1e7a2372-e6d9-4659-bccd-4a73af6fc6cc')]
2025-01-27 20:07:13,356 - ontorum.api - INFO -     States: [UUID('8ba5edf5-1501-4fa0-aec7-364d306612b0'), UUID('74d7d903-1940-419e-bd2f-cbe863c0adc9'), UUID('e28e1ab7-acb9-4f48-b2af-3a203e1d3925')]
2025-01-27 20:07:13,357 - ontorum.api - INFO -   Universal: 954bc16c-02c2-4670-b959-776a3a276e58
2025-01-27 20:07:13,357 - ontorum.api - INFO - Mock data initialized with 16 nodes
2025-01-27 20:07:13,357 - ontorum.api - INFO -   NodeType.STATE - Hot (2d7d807c-3eb9-4c2b-8ed0-717d46aebf0f)
2025-01-27 20:07:13,357 - ontorum.api - INFO -   NodeType.UNIVERSAL - Ice Cream Scoop (41eeb463-e7dd-4b44-a56c-3c579bd88180)
c-4b64-8a32-297afd03e723'), UUID('eb57a5c2-fedc-466a-8e0d-948dfa809a7d')]
2025-01-27 20:07:13,358 - ontorum.api - INFO - Mock data nodes:
2025-01-27 20:07:13,358 - ontorum.api - INFO -   Sub-entities: []
2025-01-27 20:07:13,358 - ontorum.api - INFO -   NodeType.STATE - Stainless Steel (8ba5edf5-1501-4fa0-aec7-364d306612b0)
2025-01-27 20:07:13,358 - ontorum.api - INFO -   NodeType.PARTICULAR - Ice Cream Scoop #12 Handle (4edfe600-ccaf-45f1-9859-17cd8eed3512)
2025-01-27 20:07:13,358 - ontorum.api - INFO -     Dimensions: [UUID('5cc856d1-924d-4681-bac5-6e968b0672f9'), UUID('f0d9f85e-9d4f-42f6-b0d3-d00909f2c6a0'), UUID('1e7a2372-e6d9-4659-bccd-4a73af6fc6cc')]
2025-01-27 20:07:13,359 - ontorum.api - INFO -   NodeType.PARTICULAR - Ice Cream Scoop #12 (8d9d901e-d876-435c-ac19-a9ac8d6ffbcf)
2025-01-27 20:07:13,359 - ontorum.api - INFO -     Universal: 4ca44f35-d304-4ba7-8d96-5a6efcbbc9a6
2025-01-27 20:07:13,359 - ontorum.api - INFO - Mock node: NodeType.PARTICULAR - Ice Cream Scoop #12 Bowl (b9f45213-e7ae-4c55-89f8-c12f6aa2b964)
2025-01-27 20:07:13,359 - ontorum.api - INFO -   NodeType.DIMENSION - Cleanliness (5cc856d1-924d-4681-bac5-6e968b0672f9)
2025-01-27 20:07:13,360 - ontorum.api - INFO -   Universal: 954bc16c-02c2-4670-b959-776a3a276e58
2025-01-27 20:07:13,360 - ontorum.api - INFO -   NodeType.STATE - Plastic (e28e1ab7-acb9-4f48-b2af-3a203e1d3925)
2025-01-27 20:07:13,360 - ontorum.api - INFO -     Universal: 140aa2e0-12a2-4c7c-9b88-2ac204ebe1f6
2025-01-27 20:07:13,360 - ontorum.api - INFO -   Dimensions: [UUID('ef80b96d-f569-400d-bf2a-c79d55793a93'), UUID('6deaf9d9-041c-4b64-8a32-297afd03e723'), UUID('eb57a5c2-fedc-466a-8e0d-948dfa809a7d')]
2025-01-27 20:07:13,361 - ontorum.api - INFO -     States: [UUID('2ff58d15-0306-4a70-aa22-504e50cf4bc8'), UUID('7e29e436-972a-419f-9117-4404ac295616'), UUID('79284879-1d31-4e6d-9cec-8c37ff032ccf')]
2025-01-27 20:07:13,360 - ontorum.api - INFO -     Dimensions: [UUID('63be5993-5f05-49ec-90f8-c222b345c5dc'), UUID('1e16cc20-210f-4a07-a98d-abe7e3bc5494'), UUID('eab3264d-7da0-4443-9280-be12fd2cc13e')]
2025-01-27 20:07:13,361 - ontorum.api - INFO -   NodeType.DIMENSION - Temperature (4bcce8e1-e9ca-402a-a312-9c6bdb3e9066)
2025-01-27 20:07:13,361 - ontorum.api - INFO -     Dimensions: [UUID('45a35677-a482-4176-b4ae-64d028cc60cb'), UUID('8c0f9352-295a-4641-b7b2-6849de4f461d'), UUID('e7d3166e-2216-4cd8-97c8-d66d4f7f3281')]
2025-01-27 20:07:13,362 - ontorum.api - INFO - Mock data initialization complete
2025-01-27 20:07:13,362 - ontorum.api - INFO -   NodeType.STATE - Clean (2ff58d15-0306-4a70-aa22-504e50cf4bc8)
2025-01-27 20:07:13,362 - ontorum.api - INFO - Mock data initialized with 16 nodes
2025-01-27 20:07:13,362 - ontorum.api - INFO -   NodeType.PARTICULAR - Ice Cream Scoop #12 Bowl (86988f1b-3e77-4a8d-af82-2d6fc7ef81da)
2025-01-27 20:07:13,363 - ontorum.api - INFO - Mock data nodes:
2025-01-27 20:07:13,362 - ontorum.api - INFO -     States: [UUID('7ad4843f-7f29-4a26-a442-991d85dbfc3e'), UUID('8c036afb-bd38-4e4e-af55-ac4b526e444d'), UUID('fd72a4e2-7bcc-46c9-a7af-a1b0af3ce952')]
2025-01-27 20:07:13,363 - ontorum.api - INFO -     Universal: 4ca44f35-d304-4ba7-8d96-5a6efcbbc9a6
-d14e-4945-a7b2-7c8f0792eda4)
2025-01-27 20:07:13,363 - ontorum.api - INFO -   NodeType.STATE - Dirty (7e29e436-972a-419f-9117-4404ac295616)
2025-01-27 20:07:13,363 - ontorum.api - INFO -   NodeType.STATE - Cold (7ad4843f-7f29-4a26-a442-991d85dbfc3e)
2025-01-27 20:07:13,364 - ontorum.api - INFO -     Universal: 954bc16c-02c2-4670-b959-776a3a276e58
2025-01-27 20:07:13,364 - ontorum.api - INFO -     Dimensions: [UUID('63be5993-5f05-49ec-90f8-c222b345c5dc'), UUID('1e16cc20-210f-4a07-a98d-abe7e3bc5494'), UUID('eab3264d-7da0-4443-9280-be12fd2cc13e')]
2025-01-27 20:07:13,365 - ontorum.api - INFO -   NodeType.STATE - Room Temperature (8c036afb-bd38-4e4e-af55-ac4b526e444d)
2025-01-27 20:07:13,365 - ontorum.api - INFO -     Dimensions: [UUID('ef80b96d-f569-400d-bf2a-c79d55793a93'), UUID('6deaf9d9-041c-4b64-8a32-297afd03e723'), UUID('eb57a5c2-fedc-466a-8e0d-948dfa809a7d')]
2025-01-27 20:07:13,365 - ontorum.api - INFO -   NodeType.DIMENSION - Material (f0d9f85e-9d4f-42f6-b0d3-d00909f2c6a0)
2025-01-27 20:07:13,365 - ontorum.api - INFO -   NodeType.STATE - Hot (fd72a4e2-7bcc-46c9-a7af-a1b0af3ce952)
2025-01-27 20:07:13,366 - ontorum.api - INFO -   NodeType.UNIVERSAL - Ice Cream Scoop (954bc16c-02c2-4670-b959-776a3a276e58)
2025-01-27 20:07:13,365 - ontorum.api - INFO -   NodeType.DIMENSION - Cleanliness (45a35677-a482-4176-b4ae-64d028cc60cb)
2025-01-27 20:07:13,366 - ontorum.api - INFO -     States: [UUID('c125656b-c354-454a-8904-1df292409739'), UUID('605d061c-845b-4348-a673-04ce5788e7b1'), UUID('e7df9c97-cc31-4833-ad72-e3fbec06e75e')]
2025-01-27 20:07:13,367 - ontorum.api - INFO -     Dimensions: [UUID('ef80b96d-f569-400d-bf2a-c79d55793a93'), UUID('6deaf9d9-041c-4b64-8a32-297afd03e723'), UUID('eb57a5c2-fedc-466a-8e0d-948dfa809a7d')]
2025-01-27 20:07:13,367 - ontorum.api - INFO -     States: [UUID('16175a4c-d25d-4389-bab0-5a5cc71c3bb8'), UUID('4ef82b87-00b4-4b88-9584-e7e67824a904'), UUID('5888c1e3-3368-4187-9f10-4496f3b496ed')]
2025-01-27 20:07:13,368 - ontorum.api - INFO -   NodeType.STATE - Stainless Steel (c125656b-c354-454a-8904-1df292409739)
2025-01-27 20:07:13,368 - ontorum.api - INFO -   NodeType.PARTICULAR - Ice Cream Scoop #12 Handle (eb096a2f-8b64-4b41-b651-882851ff990a)
2025-01-27 20:07:13,368 - ontorum.api - INFO -   NodeType.STATE - Clean (16175a4c-d25d-4389-bab0-5a5cc71c3bb8)
2025-01-27 20:07:13,369 - ontorum.api - INFO -   NodeType.STATE - Aluminum (605d061c-845b-4348-a673-04ce5788e7b1)
2025-01-27 20:07:13,369 - ontorum.api - INFO -     States: [UUID('61ad430c-c1c3-47bd-8cce-3518558ce60c'), UUID('81e7fa1e-3e8b-42be-9fe2-0e8695cb4ccd'), UUID('c0bb259d-ccaa-40db-a247-d11d24174479')]
2025-01-27 20:07:13,369 - ontorum.api - INFO -     Universal: 70580c3b-f0e9-4dd2-8d14-62938a313d7c
2025-01-27 20:07:13,369 - ontorum.api - INFO -   NodeType.STATE - Dirty (4ef82b87-00b4-4b88-9584-e7e67824a904)
2025-01-27 20:07:13,370 - ontorum.api - INFO -   NodeType.STATE - Clean (61ad430c-c1c3-47bd-8cce-3518558ce60c)
2025-01-27 20:07:13,370 - ontorum.api - INFO -   NodeType.STATE - Plastic (e7df9c97-cc31-4833-ad72-e3fbec06e75e)
2025-01-27 20:07:13,370 - ontorum.api - INFO -     Dimensions: [UUID('ea58ec90-f955-46b5-8219-43a3cc4732a3'), UUID('e0f3a298-6132-45b2-bf8a-d83c8e4107ec'), UUID('4bcce8e1-e9ca-402a-a312-9c6bdb3e9066')]
2025-01-27 20:07:13,370 - ontorum.api - INFO -   NodeType.STATE - Dirty (81e7fa1e-3e8b-42be-9fe2-0e8695cb4ccd)
2025-01-27 20:07:13,370 - ontorum.api - INFO -   NodeType.STATE - Sanitized (5888c1e3-3368-4187-9f10-4496f3b496ed)
2025-01-27 20:07:13,370 - ontorum.api - INFO -   NodeType.DIMENSION - Temperature (1e7a2372-e6d9-4659-bccd-4a73af6fc6cc)
2025-01-27 20:07:13,371 - ontorum.api - INFO -   NodeType.PARTICULAR - Ice Cream Scoop #12 Bowl (040c6729-d83c-45e3-9af4-54d26622c47d)
2025-01-27 20:07:13,371 - ontorum.api - INFO -   NodeType.STATE - Sanitized (c0bb259d-ccaa-40db-a247-d11d24174479)
2025-01-27 20:07:13,371 - ontorum.api - INFO -   NodeType.DIMENSION - Material (8c0f9352-295a-4641-b7b2-6849de4f461d)
2025-01-27 20:07:13,372 - ontorum.api - INFO -     Universal: 70580c3b-f0e9-4dd2-8d14-62938a313d7c
2025-01-27 20:07:13,372 - ontorum.api - INFO -   NodeType.DIMENSION - Material (6deaf9d9-041c-4b64-8a32-297afd03e723)
2025-01-27 20:07:13,372 - ontorum.api - INFO -     States: [UUID('74cc87c3-8f98-4a9a-ae01-1bd492dbcb8a'), UUID('72301dbb-4bcf-4986-99ec-721abb871d1d'), UUID('d3db3fbd-7165-4874-840f-4fd95fd664b5')]
2025-01-27 20:07:13,372 - ontorum.api - INFO -     States: [UUID('8ca85be5-5a5d-428c-8f92-f1253c727de2'), UUID('4d681d2d-f47d-4dc0-ad02-f0210491c4d5'), UUID('ea670b49-0a63-44c7-b38b-369211db0613')]
2025-01-27 20:07:13,373 - ontorum.api - INFO -     States: [UUID('eb46569c-ed30-4b1f-8f3d-2678ae4e5a48'), UUID('e5ec728d-6584-4336-a632-72fb1f5c5078'), UUID('cdef9dc9-2ab9-4465-b78b-4de9d89ca93f')]
2025-01-27 20:07:13,373 - ontorum.api - INFO -   NodeType.STATE - Cold (74cc87c3-8f98-4a9a-ae01-1bd492dbcb8a)
2025-01-27 20:07:13,373 - ontorum.api - INFO -     Dimensions: [UUID('ea58ec90-f955-46b5-8219-43a3cc4732a3'), UUID('e0f3a298-6132-45b2-bf8a-d83c8e4107ec'), UUID('4bcce8e1-e9ca-402a-a312-9c6bdb3e9066')]
2025-01-27 20:07:13,373 - ontorum.api - INFO -   NodeType.STATE - Stainless Steel (8ca85be5-5a5d-428c-8f92-f1253c727de2)
2025-01-27 20:07:13,373 - ontorum.api - INFO -   NodeType.STATE - Room Temperature (72301dbb-4bcf-4986-99ec-721abb871d1d)
2025-01-27 20:07:13,374 - ontorum.api - INFO -   NodeType.STATE - Aluminum (e5ec728d-6584-4336-a632-72fb1f5c5078)
2025-01-27 20:07:13,374 - ontorum.api - INFO -   NodeType.STATE - Aluminum (4d681d2d-f47d-4dc0-ad02-f0210491c4d5)
2025-01-27 20:07:13,374 - ontorum.api - INFO -   NodeType.STATE - Hot (d3db3fbd-7165-4874-840f-4fd95fd664b5)
2025-01-27 20:07:13,375 - ontorum.api - INFO -   NodeType.STATE - Plastic (cdef9dc9-2ab9-4465-b78b-4de9d89ca93f)
2025-01-27 20:07:13,375 - ontorum.api - INFO -   NodeType.PARTICULAR - Ice Cream Scoop #12 Handle (4ecb04ce-730a-49c1-8af8-3bc7bd88141d)
2025-01-27 20:07:13,375 - ontorum.api - INFO -   NodeType.STATE - Plastic (ea670b49-0a63-44c7-b38b-369211db0613)
2025-01-27 20:07:13,376 - ontorum.api - INFO -     Universal: 41eeb463-e7dd-4b44-a56c-3c579bd88180
2025-01-27 20:07:13,376 - ontorum.api - INFO -   NodeType.DIMENSION - Temperature (eb57a5c2-fedc-466a-8e0d-948dfa809a7d)
2025-01-27 20:07:13,376 - ontorum.api - INFO -   NodeType.DIMENSION - Temperature (e7d3166e-2216-4cd8-97c8-d66d4f7f3281)
2025-01-27 20:07:13,376 - ontorum.api - INFO -     States: [UUID('49d16c32-0078-44e3-b2fe-cbca438048c2'), UUID('7387f03d-85db-47cd-8bac-64deee8e6127'), UUID('9c1ef311-eb06-4bc5-b400-710e82b8240e')]
2025-01-27 20:07:13,376 - ontorum.api - INFO -     Dimensions: [UUID('5cc856d1-924d-4681-bac5-6e968b0672f9'), UUID('f0d9f85e-9d4f-42f6-b0d3-d00909f2c6a0'), UUID('1e7a2372-e6d9-4659-bccd-4a73af6fc6cc')]
2025-01-27 20:07:13,377 - ontorum.api - INFO -   NodeType.STATE - Cold (49d16c32-0078-44e3-b2fe-cbca438048c2)
2025-01-27 20:07:13,377 - ontorum.api - INFO -     States: [UUID('ab6c4a90-c016-4856-aa72-9acae606ed9d'), UUID('a5049b35-8e05-436d-97da-a202a6e56114'), UUID('5835c046-1dff-4dd1-bb3f-59ce681b4d47')]
2025-01-27 20:07:13,377 - ontorum.api - INFO -   NodeType.PARTICULAR - Ice Cream Scoop #12 Bowl (80f1fd38-8f06-4f74-a84c-426cd36cddac)
2025-01-27 20:07:13,378 - ontorum.api - INFO -   NodeType.STATE - Room Temperature (7387f03d-85db-47cd-8bac-64deee8e6127)
2025-01-27 20:07:13,378 - ontorum.api - INFO -     Universal: 41eeb463-e7dd-4b44-a56c-3c579bd88180
e606ed9d)
2025-01-27 20:07:13,378 - ontorum.api - INFO -   NodeType.STATE - Hot (9c1ef311-eb06-4bc5-b400-710e82b8240e)
2025-01-27 20:07:13,379 - ontorum.api - INFO -   NodeType.STATE - Room Temperature (a5049b35-8e05-436d-97da-a202a6e56114)
e-9d4f-42f6-b0d3-d00909f2c6a0'), UUID('1e7a2372-e6d9-4659-bccd-4a73af6fc6cc')]
2025-01-27 20:07:13,379 - ontorum.api - INFO -   NodeType.PARTICULAR - Ice Cream Scoop #12 Handle (83cdb7e9-e55b-4209-b6e7-26b054da3093)
2025-01-27 20:07:13,379 - ontorum.api - INFO -   NodeType.STATE - Hot (5835c046-1dff-4dd1-bb3f-59ce681b4d47)
2025-01-27 20:07:13,379 - ontorum.api - INFO -     Universal: 954bc16c-02c2-4670-b959-776a3a276e58
2025-01-27 20:07:13,380 - ontorum.api - INFO -     Dimensions: [UUID('ef80b96d-f569-400d-bf2a-c79d55793a93'), UUID('6deaf9d9-041c-4b64-8a32-297afd03e723'), UUID('eb57a5c2-fedc-466a-8e0d-948dfa809a7d')]
2025-01-27 20:07:13,380 - ontorum.api - INFO -   NodeType.PARTICULAR - Ice Cream Scoop #12 Handle (c059ea70-4a1a-47dd-b80b-03d8e4a3676f)
2025-01-27 20:07:13,380 - ontorum.api - INFO -     Universal: 140aa2e0-12a2-4c7c-9b88-2ac204ebe1f6
2025-01-27 20:07:13,380 - ontorum.api - INFO -   NodeType.PARTICULAR - Ice Cream Scoop #12 Bowl (b9f45213-e7ae-4c55-89f8-c12f6aa2b964)
2025-01-27 20:07:13,381 - ontorum.api - INFO -     Dimensions: [UUID('45a35677-a482-4176-b4ae-64d028cc60cb'), UUID('8c0f9352-295a-4641-b7b2-6849de4f461d'), UUID('e7d3166e-2216-4cd8-97c8-d66d4f7f3281')]
2025-01-27 20:07:13,381 - ontorum.api - INFO -     Universal: 954bc16c-02c2-4670-b959-776a3a276e58
2025-01-27 20:07:13,381 - ontorum.api - INFO -   NodeType.PARTICULAR - Ice Cream Scoop #12 Bowl (d8c50684-c09d-4cf7-a293-99f5303de42b)
2025-01-27 20:07:13,381 - ontorum.api - INFO -     Dimensions: [UUID('ef80b96d-f569-400d-bf2a-c79d55793a93'), UUID('6deaf9d9-041c-4b64-8a32-297afd03e723'), UUID('eb57a5c2-fedc-466a-8e0d-948dfa809a7d')]
2025-01-27 20:07:13,382 - ontorum.api - INFO -     Universal: 140aa2e0-12a2-4c7c-9b88-2ac204ebe1f6
2025-01-27 20:07:13,383 - ontorum.api - INFO -     Dimensions: [UUID('45a35677-a482-4176-b4ae-64d028cc60cb'), UUID('8c0f9352-295a-4641-b7b2-6849de4f461d'), UUID('e7d3166e-2216-4cd8-97c8-d66d4f7f3281')]
2025-01-27 20:07:13,395 - ontorum.api - WARNING - Failed to connect to database: Using mock data for development. Using mock data.
2025-01-27 20:07:13,407 - ontorum.api - INFO - API starting up
2025-01-27 20:07:13,407 - ontorum.api - INFO - Using mock data
2025-01-27 20:07:13,408 - ontorum.api - INFO - Starting mock data initialization
2025-01-27 20:07:13,408 - ontorum.example - INFO - Initialized IceCreamScoopExpander
2025-01-27 20:07:13,408 - ontorum.api - INFO - Created mock scoop with ID: ef739b44-b068-423b-be8c-1e0bcbe1bca5
2025-01-27 20:07:13,409 - ontorum.example - INFO - Creating new universal: Ice Cream Scoop
2025-01-27 20:07:13,410 - ontorum.example - INFO - Created new dimension: Cleanliness
2025-01-27 20:07:13,410 - ontorum.example - INFO - Created new dimension: Material
2025-01-27 20:07:13,410 - ontorum.example - INFO - Created new dimension: Temperature
2025-01-27 20:07:13,411 - ontorum.example - INFO - Added dimension Cleanliness to universal Ice Cream Scoop
2025-01-27 20:07:13,411 - ontorum.example - INFO - Created new state: Clean for Cleanliness
2025-01-27 20:07:13,412 - ontorum.example - INFO - Created new state: Dirty for Cleanliness
2025-01-27 20:07:13,412 - ontorum.example - INFO - Created new state: Sanitized for Cleanliness
2025-01-27 20:07:13,412 - ontorum.example - INFO - Added dimension Material to universal Ice Cream Scoop
2025-01-27 20:07:13,413 - ontorum.example - INFO - Created new state: Stainless Steel for Material
2025-01-27 20:07:13,413 - ontorum.example - INFO - Created new state: Aluminum for Material
2025-01-27 20:07:13,414 - ontorum.example - INFO - Created new state: Plastic for Material
2025-01-27 20:07:13,414 - ontorum.example - INFO - Added dimension Temperature to universal Ice Cream Scoop
2025-01-27 20:07:13,414 - ontorum.example - INFO - Created new state: Cold for Temperature
2025-01-27 20:07:13,415 - ontorum.example - INFO - Created new state: Room Temperature for Temperature
2025-01-27 20:07:13,415 - ontorum.example - INFO - Created new state: Hot for Temperature
2025-01-27 20:07:13,416 - ontorum.example - INFO - Discovered dimensions for Ice Cream Scoop #12 from universal
2025-01-27 20:07:13,416 - ontorum.example - INFO - Creating sub-entities for Ice Cream Scoop #12
2025-01-27 20:07:13,417 - ontorum.example - INFO - Found existing universal: Ice Cream Scoop
2025-01-27 20:07:13,418 - ontorum.example - INFO - Discovered dimensions for Ice Cream Scoop #12 Handle from universal
2025-01-27 20:07:13,419 - ontorum.example - INFO - Found existing universal: Ice Cream Scoop
2025-01-27 20:07:13,419 - ontorum.example - INFO - Discovered dimensions for Ice Cream Scoop #12 Bowl from universal
2025-01-27 20:07:13,420 - ontorum.api - INFO - Initialized mock data with 16 nodes
2025-01-27 20:07:13,420 - ontorum.api - INFO - Mock node: NodeType.PARTICULAR - Ice Cream Scoop #12 (ef739b44-b068-423b-be8c-1e0bcbe1bca5)
2025-01-27 20:07:13,421 - ontorum.api - INFO -   Universal: 9ab79382-a6cd-403c-979a-60a1eb746053
2025-01-27 20:07:13,421 - ontorum.api - INFO -   Dimensions: [UUID('476c64e7-4e78-4fe1-82f2-7174ed4625ab'), UUID('91f31c8f-ff60-4f09-b667-6493125ef6f0'), UUID('16234f55-f6fd-4337-8afd-9251ff626ed9')]
2025-01-27 20:07:13,422 - ontorum.api - INFO -   Sub-entities: [UUID('3db77283-fd7d-480d-9692-766adce95b4b'), UUID('6405eb38-2912-4dfe-a1cf-8130fdb367ee')]
2025-01-27 20:07:13,422 - ontorum.api - INFO - Mock node: NodeType.UNIVERSAL - Ice Cream Scoop (9ab79382-a6cd-403c-979a-60a1eb746053)
2025-01-27 20:07:13,423 - ontorum.api - INFO - Mock node: NodeType.DIMENSION - Cleanliness (476c64e7-4e78-4fe1-82f2-7174ed4625ab)
2025-01-27 20:07:13,424 - ontorum.api - INFO -   States: [UUID('6e101017-1445-44ea-88a8-1dbc83c6e3b7'), UUID('fa73dccb-1cce-4b5f-8ee4-6268647beb8d'), UUID('67542dfa-1471-4e07-a803-84ccef1c5b19')]
2025-01-27 20:07:13,424 - ontorum.api - INFO - Mock node: NodeType.STATE - Clean (6e101017-1445-44ea-88a8-1dbc83c6e3b7)
2025-01-27 20:07:13,425 - ontorum.api - INFO - Mock node: NodeType.STATE - Dirty (fa73dccb-1cce-4b5f-8ee4-6268647beb8d)
2025-01-27 20:07:13,425 - ontorum.api - INFO - Mock node: NodeType.STATE - Sanitized (67542dfa-1471-4e07-a803-84ccef1c5b19)
2025-01-27 20:07:13,426 - ontorum.api - INFO - Mock node: NodeType.DIMENSION - Material (91f31c8f-ff60-4f09-b667-6493125ef6f0)
2025-01-27 20:07:13,426 - ontorum.api - INFO -   States: [UUID('e9edb909-e2ff-4675-9e2f-2eeb331dda36'), UUID('b7987071-e378-49fd-8975-9954b16aa19c'), UUID('7d974e10-5d1f-4dee-99b6-d32a1aed3305')]
2025-01-27 20:07:13,427 - ontorum.api - INFO - Mock node: NodeType.STATE - Stainless Steel (e9edb909-e2ff-4675-9e2f-2eeb331dda36)
2025-01-27 20:07:13,428 - ontorum.api - INFO - Mock node: NodeType.STATE - Aluminum (b7987071-e378-49fd-8975-9954b16aa19c)
2025-01-27 20:07:13,428 - ontorum.api - INFO - Mock node: NodeType.STATE - Plastic (7d974e10-5d1f-4dee-99b6-d32a1aed3305)
2025-01-27 20:07:13,429 - ontorum.api - INFO - Mock node: NodeType.DIMENSION - Temperature (16234f55-f6fd-4337-8afd-9251ff626ed9)
2025-01-27 20:07:13,429 - ontorum.api - INFO -   States: [UUID('62a61243-e900-4038-bd19-720d22e22aaf'), UUID('49c87c50-3b85-449e-9d6a-2f12dca253c7'), UUID('b91f864c-d842-4d71-9783-15144342f678')]
2025-01-27 20:07:13,430 - ontorum.api - INFO - Mock node: NodeType.STATE - Cold (62a61243-e900-4038-bd19-720d22e22aaf)
2025-01-27 20:07:13,430 - ontorum.api - INFO - Mock node: NodeType.STATE - Room Temperature (49c87c50-3b85-449e-9d6a-2f12dca253c7)
2025-01-27 20:07:13,431 - ontorum.api - INFO - Mock node: NodeType.STATE - Hot (b91f864c-d842-4d71-9783-15144342f678)
2025-01-27 20:07:13,432 - ontorum.api - INFO - Mock node: NodeType.PARTICULAR - Ice Cream Scoop #12 Handle (3db77283-fd7d-480d-9692-766adce95b4b)
2025-01-27 20:07:13,432 - ontorum.api - INFO -   Universal: 9ab79382-a6cd-403c-979a-60a1eb746053
2025-01-27 20:07:13,433 - ontorum.api - INFO -   Dimensions: [UUID('476c64e7-4e78-4fe1-82f2-7174ed4625ab'), UUID('91f31c8f-ff60-4f09-b667-6493125ef6f0'), UUID('16234f55-f6fd-4337-8afd-9251ff626ed9')]
2025-01-27 20:07:13,434 - ontorum.api - INFO -   Sub-entities: []
2025-01-27 20:07:13,434 - ontorum.api - INFO - Mock node: NodeType.PARTICULAR - Ice Cream Scoop #12 Bowl (6405eb38-2912-4dfe-a1cf-8130fdb367ee)
2025-01-27 20:07:13,435 - ontorum.api - INFO -   Universal: 9ab79382-a6cd-403c-979a-60a1eb746053
2025-01-27 20:07:13,435 - ontorum.api - INFO -   Dimensions: [UUID('476c64e7-4e78-4fe1-82f2-7174ed4625ab'), UUID('91f31c8f-ff60-4f09-b667-6493125ef6f0'), UUID('16234f55-f6fd-4337-8afd-9251ff626ed9')]
2025-01-27 20:07:13,436 - ontorum.api - INFO -   Sub-entities: []
2025-01-27 20:07:13,436 - ontorum.api - INFO - Mock data initialization complete
2025-01-27 20:07:13,437 - ontorum.api - INFO - Mock data initialized with 16 nodes
2025-01-27 20:07:13,437 - ontorum.api - INFO - Mock data nodes:
2025-01-27 20:07:13,438 - ontorum.api - INFO -   NodeType.PARTICULAR - Ice Cream Scoop #12 (ef739b44-b068-423b-be8c-1e0bcbe1bca5)
2025-01-27 20:07:13,438 - ontorum.api - INFO -     Universal: 9ab79382-a6cd-403c-979a-60a1eb746053
2025-01-27 20:07:13,439 - ontorum.api - INFO -     Dimensions: [UUID('476c64e7-4e78-4fe1-82f2-7174ed4625ab'), UUID('91f31c8f-ff60-4f09-b667-6493125ef6f0'), UUID('16234f55-f6fd-4337-8afd-9251ff626ed9')]
2025-01-27 20:07:13,439 - ontorum.api - INFO -   NodeType.UNIVERSAL - Ice Cream Scoop (9ab79382-a6cd-403c-979a-60a1eb746053)
2025-01-27 20:07:13,440 - ontorum.api - INFO -     Dimensions: [UUID('476c64e7-4e78-4fe1-82f2-7174ed4625ab'), UUID('91f31c8f-ff60-4f09-b667-6493125ef6f0'), UUID('16234f55-f6fd-4337-8afd-9251ff626ed9')]
2025-01-27 20:07:13,440 - ontorum.api - INFO -   NodeType.DIMENSION - Cleanliness (476c64e7-4e78-4fe1-82f2-7174ed4625ab)
2025-01-27 20:07:13,441 - ontorum.api - INFO -     States: [UUID('6e101017-1445-44ea-88a8-1dbc83c6e3b7'), UUID('fa73dccb-1cce-4b5f-8ee4-6268647beb8d'), UUID('67542dfa-1471-4e07-a803-84ccef1c5b19')]
2025-01-27 20:07:13,441 - ontorum.api - INFO -   NodeType.STATE - Clean (6e101017-1445-44ea-88a8-1dbc83c6e3b7)
2025-01-27 20:07:13,442 - ontorum.api - INFO -   NodeType.STATE - Dirty (fa73dccb-1cce-4b5f-8ee4-6268647beb8d)
2025-01-27 20:07:13,443 - ontorum.api - INFO -   NodeType.STATE - Sanitized (67542dfa-1471-4e07-a803-84ccef1c5b19)
2025-01-27 20:07:13,443 - ontorum.api - INFO -   NodeType.DIMENSION - Material (91f31c8f-ff60-4f09-b667-6493125ef6f0)
2025-01-27 20:07:13,444 - ontorum.api - INFO -     States: [UUID('e9edb909-e2ff-4675-9e2f-2eeb331dda36'), UUID('b7987071-e378-49fd-8975-9954b16aa19c'), UUID('7d974e10-5d1f-4dee-99b6-d32a1aed3305')]
2025-01-27 20:07:13,444 - ontorum.api - INFO -   NodeType.STATE - Stainless Steel (e9edb909-e2ff-4675-9e2f-2eeb331dda36)
2025-01-27 20:07:13,445 - ontorum.api - INFO -   NodeType.STATE - Aluminum (b7987071-e378-49fd-8975-9954b16aa19c)
2025-01-27 20:07:13,445 - ontorum.api - INFO -   NodeType.STATE - Plastic (7d974e10-5d1f-4dee-99b6-d32a1aed3305)
2025-01-27 20:07:13,446 - ontorum.api - INFO -   NodeType.DIMENSION - Temperature (16234f55-f6fd-4337-8afd-9251ff626ed9)
2025-01-27 20:07:13,446 - ontorum.api - INFO -     States: [UUID('62a61243-e900-4038-bd19-720d22e22aaf'), UUID('49c87c50-3b85-449e-9d6a-2f12dca253c7'), UUID('b91f864c-d842-4d71-9783-15144342f678')]
2025-01-27 20:07:13,447 - ontorum.api - INFO -   NodeType.STATE - Cold (62a61243-e900-4038-bd19-720d22e22aaf)
2025-01-27 20:07:13,447 - ontorum.api - INFO -   NodeType.STATE - Room Temperature (49c87c50-3b85-449e-9d6a-2f12dca253c7)
2025-01-27 20:07:13,448 - ontorum.api - INFO -   NodeType.STATE - Hot (b91f864c-d842-4d71-9783-15144342f678)
2025-01-27 20:07:13,448 - ontorum.api - INFO -   NodeType.PARTICULAR - Ice Cream Scoop #12 Handle (3db77283-fd7d-480d-9692-766adce95b4b)
2025-01-27 20:07:13,449 - ontorum.api - INFO -     Universal: 9ab79382-a6cd-403c-979a-60a1eb746053
2025-01-27 20:07:13,449 - ontorum.api - INFO -     Dimensions: [UUID('476c64e7-4e78-4fe1-82f2-7174ed4625ab'), UUID('91f31c8f-ff60-4f09-b667-6493125ef6f0'), UUID('16234f55-f6fd-4337-8afd-9251ff626ed9')]
2025-01-27 20:07:13,450 - ontorum.api - INFO -   NodeType.PARTICULAR - Ice Cream Scoop #12 Bowl (6405eb38-2912-4dfe-a1cf-8130fdb367ee)
2025-01-27 20:07:13,451 - ontorum.api - INFO -     Universal: 9ab79382-a6cd-403c-979a-60a1eb746053
2025-01-27 20:07:13,451 - ontorum.api - INFO -     Dimensions: [UUID('476c64e7-4e78-4fe1-82f2-7174ed4625ab'), UUID('91f31c8f-ff60-4f09-b667-6493125ef6f0'), UUID('16234f55-f6fd-4337-8afd-9251ff626ed9')]
2025-01-27 20:07:16,923 - ontorum.api - INFO - Request: GET /nodes/type/particular
2025-01-27 20:07:16,924 - ontorum.api - INFO - Using mock data for get_nodes_by_type request
2025-01-27 20:07:16,925 - ontorum.api - INFO - Returning 16 nodes and 26 relationships
2025-01-27 20:07:16,926 - ontorum.api - INFO - Response status: 200
2025-01-27 20:07:21,357 - ontorum.api - WARNING - Failed to connect to database: Using mock data for development. Using mock data.
2025-01-27 20:07:21,370 - ontorum.api - INFO - API starting up
2025-01-27 20:07:21,371 - ontorum.api - INFO - Using mock data
2025-01-27 20:07:21,371 - ontorum.api - INFO - Starting mock data initialization
2025-01-27 20:07:21,371 - ontorum.example - INFO - Initialized IceCreamScoopExpander
2025-01-27 20:07:21,372 - ontorum.api - INFO - Created mock scoop with ID: 6e8de643-5ecb-4964-b3b4-30511112d437
2025-01-27 20:07:21,372 - ontorum.example - INFO - Creating new universal: Ice Cream Scoop
2025-01-27 20:07:21,372 - ontorum.example - INFO - Created new dimension: Cleanliness
2025-01-27 20:07:21,373 - ontorum.example - INFO - Created new dimension: Material
2025-01-27 20:07:21,373 - ontorum.example - INFO - Created new dimension: Temperature
2025-01-27 20:07:21,374 - ontorum.example - INFO - Added dimension Cleanliness to universal Ice Cream Scoop
2025-01-27 20:07:21,374 - ontorum.example - INFO - Created new state: Clean for Cleanliness
2025-01-27 20:07:21,374 - ontorum.example - INFO - Created new state: Dirty for Cleanliness
2025-01-27 20:07:21,375 - ontorum.example - INFO - Created new state: Sanitized for Cleanliness
2025-01-27 20:07:21,375 - ontorum.example - INFO - Added dimension Material to universal Ice Cream Scoop
2025-01-27 20:07:21,375 - ontorum.example - INFO - Created new state: Stainless Steel for Material
2025-01-27 20:07:21,376 - ontorum.example - INFO - Created new state: Aluminum for Material
2025-01-27 20:07:21,376 - ontorum.example - INFO - Created new state: Plastic for Material
2025-01-27 20:07:21,376 - ontorum.example - INFO - Added dimension Temperature to universal Ice Cream Scoop
2025-01-27 20:07:21,376 - ontorum.example - INFO - Created new state: Cold for Temperature
2025-01-27 20:07:21,376 - ontorum.example - INFO - Created new state: Room Temperature for Temperature
2025-01-27 20:07:21,377 - ontorum.example - INFO - Created new state: Hot for Temperature
2025-01-27 20:07:21,377 - ontorum.example - INFO - Discovered dimensions for Ice Cream Scoop #12 from universal
2025-01-27 20:07:21,377 - ontorum.example - INFO - Creating sub-entities for Ice Cream Scoop #12
2025-01-27 20:07:21,377 - ontorum.example - INFO - Found existing universal: Ice Cream Scoop
2025-01-27 20:07:21,378 - ontorum.example - INFO - Discovered dimensions for Ice Cream Scoop #12 Handle from universal
2025-01-27 20:07:21,378 - ontorum.example - INFO - Found existing universal: Ice Cream Scoop
2025-01-27 20:07:21,378 - ontorum.example - INFO - Discovered dimensions for Ice Cream Scoop #12 Bowl from universal
2025-01-27 20:07:21,379 - ontorum.api - INFO - Initialized mock data with 16 nodes
2025-01-27 20:07:21,379 - ontorum.api - INFO - Mock node: NodeType.PARTICULAR - Ice Cream Scoop #12 (6e8de643-5ecb-4964-b3b4-30511112d437)
2025-01-27 20:07:21,379 - ontorum.api - INFO -   Universal: e68c1795-25ee-40ca-b893-cc755343135f
2025-01-27 20:07:21,380 - ontorum.api - INFO -   Dimensions: [UUID('308ad25b-d336-4806-8891-2a53682074f2'), UUID('5efe02d7-01c6-49a5-b75e-02aaec335e06'), UUID('142591f4-1179-417f-81d2-6dea3bbd7db8')]
2025-01-27 20:07:21,380 - ontorum.api - INFO -   Sub-entities: [UUID('f691758f-9ee8-4a69-9c2f-98a24ec469a8'), UUID('663b96f4-4f2f-4fa5-8b8a-290e6c2126fb')]
2025-01-27 20:07:21,381 - ontorum.api - INFO - Mock node: NodeType.UNIVERSAL - Ice Cream Scoop (e68c1795-25ee-40ca-b893-cc755343135f)
2025-01-27 20:07:21,381 - ontorum.api - INFO - Mock node: NodeType.DIMENSION - Cleanliness (308ad25b-d336-4806-8891-2a53682074f2)
2025-01-27 20:07:21,381 - ontorum.api - INFO -   States: [UUID('2f10e95e-73cb-43ab-8fec-cfa8aaa0f292'), UUID('b9d4bb95-f763-42ad-8525-87b0bb0d7669'), UUID('8dd46575-815d-4df4-86d5-2d47ac8081da')]
2025-01-27 20:07:21,382 - ontorum.api - INFO - Mock node: NodeType.STATE - Clean (2f10e95e-73cb-43ab-8fec-cfa8aaa0f292)
2025-01-27 20:07:21,382 - ontorum.api - INFO - Mock node: NodeType.STATE - Dirty (b9d4bb95-f763-42ad-8525-87b0bb0d7669)
2025-01-27 20:07:21,382 - ontorum.api - INFO - Mock node: NodeType.STATE - Sanitized (8dd46575-815d-4df4-86d5-2d47ac8081da)
2025-01-27 20:07:21,383 - ontorum.api - INFO - Mock node: NodeType.DIMENSION - Material (5efe02d7-01c6-49a5-b75e-02aaec335e06)
2025-01-27 20:07:21,385 - ontorum.api - INFO -   States: [UUID('bde314b2-7d2c-4e32-b70f-281e07e21c44'), UUID('9acc3f5b-2d4e-461d-8acb-a7d75b8bc0a4'), UUID('00360686-c0c8-47e0-a641-110f9c9f17e6')]
2025-01-27 20:07:21,386 - ontorum.api - INFO - Mock node: NodeType.STATE - Stainless Steel (bde314b2-7d2c-4e32-b70f-281e07e21c44)
2025-01-27 20:07:21,386 - ontorum.api - INFO - Mock node: NodeType.STATE - Aluminum (9acc3f5b-2d4e-461d-8acb-a7d75b8bc0a4)
2025-01-27 20:07:21,387 - ontorum.api - INFO - Mock node: NodeType.STATE - Plastic (00360686-c0c8-47e0-a641-110f9c9f17e6)
2025-01-27 20:07:21,388 - ontorum.api - INFO - Mock node: NodeType.DIMENSION - Temperature (142591f4-1179-417f-81d2-6dea3bbd7db8)
2025-01-27 20:07:21,389 - ontorum.api - INFO -   States: [UUID('6537f70c-b8b1-49bc-babb-e20a4e9d5572'), UUID('bb6e4678-7bff-405b-868f-2aadabe13cf8'), UUID('68e592f0-4971-40b8-83ab-b3697494cfe8')]
2025-01-27 20:07:21,389 - ontorum.api - INFO - Mock node: NodeType.STATE - Cold (6537f70c-b8b1-49bc-babb-e20a4e9d5572)
2025-01-27 20:07:21,390 - ontorum.api - INFO - Mock node: NodeType.STATE - Room Temperature (bb6e4678-7bff-405b-868f-2aadabe13cf8)
2025-01-27 20:07:21,391 - ontorum.api - INFO - Mock node: NodeType.STATE - Hot (68e592f0-4971-40b8-83ab-b3697494cfe8)
2025-01-27 20:07:21,391 - ontorum.api - INFO - Mock node: NodeType.PARTICULAR - Ice Cream Scoop #12 Handle (f691758f-9ee8-4a69-9c2f-98a24ec469a8)
2025-01-27 20:07:21,392 - ontorum.api - INFO -   Universal: e68c1795-25ee-40ca-b893-cc755343135f
2025-01-27 20:07:21,393 - ontorum.api - INFO -   Dimensions: [UUID('308ad25b-d336-4806-8891-2a53682074f2'), UUID('5efe02d7-01c6-49a5-b75e-02aaec335e06'), UUID('142591f4-1179-417f-81d2-6dea3bbd7db8')]
2025-01-27 20:07:21,393 - ontorum.api - INFO -   Sub-entities: []
2025-01-27 20:07:21,393 - ontorum.api - INFO - Mock node: NodeType.PARTICULAR - Ice Cream Scoop #12 Bowl (663b96f4-4f2f-4fa5-8b8a-290e6c2126fb)
2025-01-27 20:07:21,394 - ontorum.api - INFO -   Universal: e68c1795-25ee-40ca-b893-cc755343135f
2025-01-27 20:07:21,395 - ontorum.api - INFO -   Dimensions: [UUID('308ad25b-d336-4806-8891-2a53682074f2'), UUID('5efe02d7-01c6-49a5-b75e-02aaec335e06'), UUID('142591f4-1179-417f-81d2-6dea3bbd7db8')]
2025-01-27 20:07:21,395 - ontorum.api - INFO -   Sub-entities: []
2025-01-27 20:07:21,396 - ontorum.api - INFO - Mock data initialization complete
2025-01-27 20:07:21,396 - ontorum.api - INFO - Mock data initialized with 16 nodes
2025-01-27 20:07:21,397 - ontorum.api - INFO - Mock data nodes:
2025-01-27 20:07:21,397 - ontorum.api - INFO -   NodeType.PARTICULAR - Ice Cream Scoop #12 (6e8de643-5ecb-4964-b3b4-30511112d437)
2025-01-27 20:07:21,398 - ontorum.api - INFO -     Universal: e68c1795-25ee-40ca-b893-cc755343135f
2025-01-27 20:07:21,398 - ontorum.api - INFO -     Dimensions: [UUID('308ad25b-d336-4806-8891-2a53682074f2'), UUID('5efe02d7-01c6-49a5-b75e-02aaec335e06'), UUID('142591f4-1179-417f-81d2-6dea3bbd7db8')]
2025-01-27 20:07:21,399 - ontorum.api - INFO -   NodeType.UNIVERSAL - Ice Cream Scoop (e68c1795-25ee-40ca-b893-cc755343135f)
2025-01-27 20:07:21,399 - ontorum.api - INFO -     Dimensions: [UUID('308ad25b-d336-4806-8891-2a53682074f2'), UUID('5efe02d7-01c6-49a5-b75e-02aaec335e06'), UUID('142591f4-1179-417f-81d2-6dea3bbd7db8')]
2025-01-27 20:07:21,400 - ontorum.api - INFO -   NodeType.DIMENSION - Cleanliness (308ad25b-d336-4806-8891-2a53682074f2)
2025-01-27 20:07:21,401 - ontorum.api - INFO -     States: [UUID('2f10e95e-73cb-43ab-8fec-cfa8aaa0f292'), UUID('b9d4bb95-f763-42ad-8525-87b0bb0d7669'), UUID('8dd46575-815d-4df4-86d5-2d47ac8081da')]
2025-01-27 20:07:21,402 - ontorum.api - INFO -   NodeType.STATE - Clean (2f10e95e-73cb-43ab-8fec-cfa8aaa0f292)
2025-01-27 20:07:21,402 - ontorum.api - INFO -   NodeType.STATE - Dirty (b9d4bb95-f763-42ad-8525-87b0bb0d7669)
2025-01-27 20:07:21,403 - ontorum.api - INFO -   NodeType.STATE - Sanitized (8dd46575-815d-4df4-86d5-2d47ac8081da)
2025-01-27 20:07:21,404 - ontorum.api - INFO -   NodeType.DIMENSION - Material (5efe02d7-01c6-49a5-b75e-02aaec335e06)
2025-01-27 20:07:21,404 - ontorum.api - INFO -     States: [UUID('bde314b2-7d2c-4e32-b70f-281e07e21c44'), UUID('9acc3f5b-2d4e-461d-8acb-a7d75b8bc0a4'), UUID('00360686-c0c8-47e0-a641-110f9c9f17e6')]
2025-01-27 20:07:21,405 - ontorum.api - INFO -   NodeType.STATE - Stainless Steel (bde314b2-7d2c-4e32-b70f-281e07e21c44)
2025-01-27 20:07:21,405 - ontorum.api - INFO -   NodeType.STATE - Aluminum (9acc3f5b-2d4e-461d-8acb-a7d75b8bc0a4)
2025-01-27 20:07:21,406 - ontorum.api - INFO -   NodeType.STATE - Plastic (00360686-c0c8-47e0-a641-110f9c9f17e6)
2025-01-27 20:07:21,406 - ontorum.api - INFO -   NodeType.DIMENSION - Temperature (142591f4-1179-417f-81d2-6dea3bbd7db8)
2025-01-27 20:07:21,407 - ontorum.api - INFO -     States: [UUID('6537f70c-b8b1-49bc-babb-e20a4e9d5572'), UUID('bb6e4678-7bff-405b-868f-2aadabe13cf8'), UUID('68e592f0-4971-40b8-83ab-b3697494cfe8')]
2025-01-27 20:07:21,408 - ontorum.api - INFO -   NodeType.STATE - Cold (6537f70c-b8b1-49bc-babb-e20a4e9d5572)
2025-01-27 20:07:21,409 - ontorum.api - INFO -   NodeType.STATE - Room Temperature (bb6e4678-7bff-405b-868f-2aadabe13cf8)
2025-01-27 20:07:21,409 - ontorum.api - INFO -   NodeType.STATE - Hot (68e592f0-4971-40b8-83ab-b3697494cfe8)
2025-01-27 20:07:21,410 - ontorum.api - INFO -   NodeType.PARTICULAR - Ice Cream Scoop #12 Handle (f691758f-9ee8-4a69-9c2f-98a24ec469a8)
2025-01-27 20:07:21,410 - ontorum.api - INFO -     Universal: e68c1795-25ee-40ca-b893-cc755343135f
2025-01-27 20:07:21,411 - ontorum.api - INFO -     Dimensions: [UUID('308ad25b-d336-4806-8891-2a53682074f2'), UUID('5efe02d7-01c6-49a5-b75e-02aaec335e06'), UUID('142591f4-1179-417f-81d2-6dea3bbd7db8')]
2025-01-27 20:07:21,411 - ontorum.api - INFO -   NodeType.PARTICULAR - Ice Cream Scoop #12 Bowl (663b96f4-4f2f-4fa5-8b8a-290e6c2126fb)
2025-01-27 20:07:21,412 - ontorum.api - INFO -     Universal: e68c1795-25ee-40ca-b893-cc755343135f
2025-01-27 20:07:21,412 - ontorum.api - INFO -     Dimensions: [UUID('308ad25b-d336-4806-8891-2a53682074f2'), UUID('5efe02d7-01c6-49a5-b75e-02aaec335e06'), UUID('142591f4-1179-417f-81d2-6dea3bbd7db8')]
2025-01-27 20:08:09,937 - ontorum.api - INFO - Request: GET /nodes/type/particular
2025-01-27 20:08:09,937 - ontorum.api - INFO - Using mock data for get_nodes_by_type request
2025-01-27 20:08:09,940 - ontorum.api - INFO - Returning 16 nodes and 26 relationships
2025-01-27 20:08:09,942 - ontorum.api - INFO - Response status: 200
2025-01-27 20:08:57,369 - ontorum.api - INFO - Request: GET /nodes/type/particular
2025-01-27 20:08:57,371 - ontorum.api - INFO - Using mock data for get_nodes_by_type request
2025-01-27 20:08:57,371 - ontorum.api - INFO - Returning 16 nodes and 26 relationships
2025-01-27 20:08:57,374 - ontorum.api - INFO - Response status: 200
2025-01-27 20:09:15,105 - ontorum.api - WARNING - Failed to connect to database: Using mock data for development. Using mock data.
2025-01-27 20:09:15,326 - ontorum.api - INFO - API starting up
2025-01-27 20:09:15,385 - ontorum.api - INFO - Using mock data
2025-01-27 20:09:15,438 - ontorum.api - INFO - Starting mock data initialization
2025-01-27 20:09:15,467 - ontorum.example - INFO - Initialized IceCreamScoopExpander
2025-01-27 20:09:15,494 - ontorum.api - INFO - Created mock scoop with ID: d0f0d296-3b48-4180-adbf-dc4d67e6253c
2025-01-27 20:09:15,518 - ontorum.example - INFO - Creating new universal: Ice Cream Scoop
2025-01-27 20:09:15,541 - ontorum.example - INFO - Created new dimension: Cleanliness
2025-01-27 20:09:15,592 - ontorum.example - INFO - Created new dimension: Material
2025-01-27 20:09:15,613 - ontorum.example - INFO - Created new dimension: Temperature
2025-01-27 20:09:15,644 - ontorum.example - INFO - Added dimension Cleanliness to universal Ice Cream Scoop
2025-01-27 20:09:15,689 - ontorum.example - INFO - Created new state: Clean for Cleanliness
2025-01-27 20:09:15,687 - ontorum.api - WARNING - Failed to connect to database: Using mock data for development. Using mock data.
2025-01-27 20:09:15,733 - ontorum.example - INFO - Created new state: Dirty for Cleanliness
2025-01-27 20:09:15,761 - ontorum.example - INFO - Created new state: Sanitized for Cleanliness
2025-01-27 20:09:15,788 - ontorum.example - INFO - Added dimension Material to universal Ice Cream Scoop
2025-01-27 20:09:15,816 - ontorum.example - INFO - Created new state: Stainless Steel for Material
2025-01-27 20:09:15,819 - ontorum.api - INFO - API starting up
2025-01-27 20:09:15,842 - ontorum.example - INFO - Created new state: Aluminum for Material
2025-01-27 20:09:15,845 - ontorum.api - INFO - Using mock data
2025-01-27 20:09:15,883 - ontorum.example - INFO - Created new state: Plastic for Material
2025-01-27 20:09:15,884 - ontorum.api - INFO - Starting mock data initialization
2025-01-27 20:09:15,899 - ontorum.example - INFO - Added dimension Temperature to universal Ice Cream Scoop
2025-01-27 20:09:15,904 - ontorum.example - INFO - Initialized IceCreamScoopExpander
2025-01-27 20:09:15,917 - ontorum.example - INFO - Created new state: Cold for Temperature
2025-01-27 20:09:15,926 - ontorum.api - INFO - Created mock scoop with ID: 4de389e4-4c10-4333-812b-321e31a4f1ac
2025-01-27 20:09:15,962 - ontorum.example - INFO - Created new state: Room Temperature for Temperature
2025-01-27 20:09:15,965 - ontorum.example - INFO - Creating new universal: Ice Cream Scoop
2025-01-27 20:09:15,979 - ontorum.example - INFO - Created new state: Hot for Temperature
2025-01-27 20:09:15,984 - ontorum.example - INFO - Created new dimension: Cleanliness
2025-01-27 20:09:15,988 - ontorum.example - INFO - Discovered dimensions for Ice Cream Scoop #12 from universal
2025-01-27 20:09:16,003 - ontorum.example - INFO - Created new dimension: Material
2025-01-27 20:09:16,009 - ontorum.example - INFO - Creating sub-entities for Ice Cream Scoop #12
2025-01-27 20:09:16,012 - ontorum.example - INFO - Created new dimension: Temperature
2025-01-27 20:09:16,014 - ontorum.example - INFO - Found existing universal: Ice Cream Scoop
2025-01-27 20:09:16,016 - ontorum.example - INFO - Added dimension Cleanliness to universal Ice Cream Scoop
2025-01-27 20:09:16,022 - ontorum.example - INFO - Discovered dimensions for Ice Cream Scoop #12 Handle from universal
2025-01-27 20:09:16,033 - ontorum.example - INFO - Created new state: Clean for Cleanliness
2025-01-27 20:09:16,035 - ontorum.example - INFO - Found existing universal: Ice Cream Scoop
2025-01-27 20:09:16,045 - ontorum.example - INFO - Created new state: Dirty for Cleanliness
2025-01-27 20:09:16,051 - ontorum.example - INFO - Discovered dimensions for Ice Cream Scoop #12 Bowl from universal
2025-01-27 20:09:16,053 - ontorum.example - INFO - Created new state: Sanitized for Cleanliness
2025-01-27 20:09:16,072 - ontorum.api - INFO - Initialized mock data with 16 nodes
2025-01-27 20:09:16,077 - ontorum.example - INFO - Added dimension Material to universal Ice Cream Scoop
2025-01-27 20:09:16,087 - ontorum.api - INFO - Mock node: NodeType.PARTICULAR - Ice Cream Scoop #12 (d0f0d296-3b48-4180-adbf-dc4d67e6253c)
2025-01-27 20:09:16,096 - ontorum.example - INFO - Created new state: Stainless Steel for Material
2025-01-27 20:09:16,098 - ontorum.api - INFO -   Universal: a2f6472d-360f-4b7a-887d-ec0e32736dab
2025-01-27 20:09:16,105 - ontorum.example - INFO - Created new state: Aluminum for Material
2025-01-27 20:09:16,098 - ontorum.api - WARNING - Failed to connect to database: Using mock data for development. Using mock data.
2025-01-27 20:09:16,116 - ontorum.api - INFO -   Dimensions: [UUID('20efb9ec-d2a6-4f83-a6b8-a5e67c0ae749'), UUID('268c2d18-e89a-4b50-bccd-dd98f126336f'), UUID('9fdb4439-b3b4-454a-a5aa-3d89a586fbfc')]
2025-01-27 20:09:16,119 - ontorum.api - WARNING - Failed to connect to database: Using mock data for development. Using mock data.
2025-01-27 20:09:16,127 - ontorum.example - INFO - Created new state: Plastic for Material
2025-01-27 20:09:16,132 - ontorum.api - INFO -   Sub-entities: [UUID('a910e67b-40d3-43ad-b9e7-deb9182dfe34'), UUID('cfea3b92-6810-41b8-ad30-d389c42c5a92')]
2025-01-27 20:09:16,150 - ontorum.example - INFO - Added dimension Temperature to universal Ice Cream Scoop
2025-01-27 20:09:16,153 - ontorum.api - INFO - Mock node: NodeType.UNIVERSAL - Ice Cream Scoop (a2f6472d-360f-4b7a-887d-ec0e32736dab)
2025-01-27 20:09:16,180 - ontorum.example - INFO - Created new state: Cold for Temperature
2025-01-27 20:09:16,184 - ontorum.api - INFO - Mock node: NodeType.DIMENSION - Cleanliness (20efb9ec-d2a6-4f83-a6b8-a5e67c0ae749)
2025-01-27 20:09:16,199 - ontorum.api - INFO - API starting up
2025-01-27 20:09:16,209 - ontorum.example - INFO - Created new state: Room Temperature for Temperature
2025-01-27 20:09:16,212 - ontorum.api - INFO -   States: [UUID('c02c348c-648d-4b81-948f-b2d44f18815a'), UUID('08a8c7a0-ea60-4f6e-83a7-4364ecc835c9'), UUID('e5948b77-f9bd-456c-bc5f-93b90327473b')]
2025-01-27 20:09:16,221 - ontorum.api - INFO - Using mock data
2025-01-27 20:09:16,225 - ontorum.api - INFO - API starting up
2025-01-27 20:09:16,228 - ontorum.example - INFO - Created new state: Hot for Temperature
2025-01-27 20:09:16,230 - ontorum.api - INFO - Mock node: NodeType.STATE - Clean (c02c348c-648d-4b81-948f-b2d44f18815a)
2025-01-27 20:09:16,236 - ontorum.api - INFO - Starting mock data initialization
2025-01-27 20:09:16,241 - ontorum.api - INFO - Using mock data
2025-01-27 20:09:16,244 - ontorum.example - INFO - Discovered dimensions for Ice Cream Scoop #12 from universal
2025-01-27 20:09:16,245 - ontorum.api - INFO - Mock node: NodeType.STATE - Dirty (08a8c7a0-ea60-4f6e-83a7-4364ecc835c9)
2025-01-27 20:09:16,248 - ontorum.example - INFO - Initialized IceCreamScoopExpander
2025-01-27 20:09:16,241 - ontorum.api - WARNING - Failed to connect to database: Using mock data for development. Using mock data.
2025-01-27 20:09:16,249 - ontorum.api - INFO - Starting mock data initialization
2025-01-27 20:09:16,251 - ontorum.example - INFO - Creating sub-entities for Ice Cream Scoop #12
2025-01-27 20:09:16,253 - ontorum.api - INFO - Mock node: NodeType.STATE - Sanitized (e5948b77-f9bd-456c-bc5f-93b90327473b)
2025-01-27 20:09:16,255 - ontorum.api - INFO - Created mock scoop with ID: f51baf7f-9cf9-4dee-8dd2-962c3b95a960
2025-01-27 20:09:16,258 - ontorum.example - INFO - Initialized IceCreamScoopExpander
2025-01-27 20:09:16,262 - ontorum.example - INFO - Found existing universal: Ice Cream Scoop
2025-01-27 20:09:16,268 - ontorum.api - INFO - Mock node: NodeType.DIMENSION - Material (268c2d18-e89a-4b50-bccd-dd98f126336f)
2025-01-27 20:09:16,271 - ontorum.example - INFO - Creating new universal: Ice Cream Scoop
2025-01-27 20:09:16,277 - ontorum.api - INFO - Created mock scoop with ID: fc4ed5e8-9a79-4aeb-be20-944ef02a8c1b
2025-01-27 20:09:16,280 - ontorum.example - INFO - Discovered dimensions for Ice Cream Scoop #12 Handle from universal
2025-01-27 20:09:16,308 - ontorum.api - INFO -   States: [UUID('4d84a24b-2572-46dd-a61e-6fd33d1f6f19'), UUID('55aa1c4d-4132-48ba-a4f0-3fabcf1babc7'), UUID('1db902ab-3a36-43dc-9a2a-19f9e16aa53f')]
2025-01-27 20:09:16,336 - ontorum.example - INFO - Created new dimension: Cleanliness
2025-01-27 20:09:16,342 - ontorum.example - INFO - Creating new universal: Ice Cream Scoop
2025-01-27 20:09:16,343 - ontorum.example - INFO - Found existing universal: Ice Cream Scoop
2025-01-27 20:09:16,369 - ontorum.example - INFO - Created new dimension: Material
2025-01-27 20:09:16,378 - ontorum.example - INFO - Created new dimension: Cleanliness
2025-01-27 20:09:16,379 - ontorum.example - INFO - Discovered dimensions for Ice Cream Scoop #12 Bowl from universal
2025-01-27 20:09:16,398 - ontorum.api - INFO - API starting up
2025-01-27 20:09:16,358 - ontorum.api - INFO - Mock node: NodeType.STATE - Stainless Steel (4d84a24b-2572-46dd-a61e-6fd33d1f6f19)
2025-01-27 20:09:16,404 - ontorum.example - INFO - Created new dimension: Material
2025-01-27 20:09:16,404 - ontorum.example - INFO - Created new dimension: Temperature
2025-01-27 20:09:16,409 - ontorum.api - INFO - Initialized mock data with 16 nodes
2025-01-27 20:09:16,414 - ontorum.api - INFO - Using mock data
2025-01-27 20:09:16,414 - ontorum.api - INFO - Mock node: NodeType.STATE - Aluminum (55aa1c4d-4132-48ba-a4f0-3fabcf1babc7)
2025-01-27 20:09:16,423 - ontorum.example - INFO - Created new dimension: Temperature
2025-01-27 20:09:16,430 - ontorum.example - INFO - Added dimension Cleanliness to universal Ice Cream Scoop
2025-01-27 20:09:16,432 - ontorum.api - INFO - Mock node: NodeType.PARTICULAR - Ice Cream Scoop #12 (4de389e4-4c10-4333-812b-321e31a4f1ac)
2025-01-27 20:09:16,438 - ontorum.api - INFO - Starting mock data initialization
2025-01-27 20:09:16,441 - ontorum.api - INFO - Mock node: NodeType.STATE - Plastic (1db902ab-3a36-43dc-9a2a-19f9e16aa53f)
2025-01-27 20:09:16,449 - ontorum.example - INFO - Added dimension Cleanliness to universal Ice Cream Scoop
2025-01-27 20:09:16,465 - ontorum.api - INFO -   Universal: 1eb71122-cbe8-4567-be29-1c56f75703ca
2025-01-27 20:09:16,483 - ontorum.example - INFO - Initialized IceCreamScoopExpander
2025-01-27 20:09:16,484 - ontorum.api - INFO - Mock node: NodeType.DIMENSION - Temperature (9fdb4439-b3b4-454a-a5aa-3d89a586fbfc)
2025-01-27 20:09:16,451 - ontorum.example - INFO - Created new state: Clean for Cleanliness
2025-01-27 20:09:16,492 - ontorum.example - INFO - Created new state: Clean for Cleanliness
2025-01-27 20:09:16,537 - ontorum.api - INFO -   Dimensions: [UUID('ee9cf933-cb85-42cb-aa1f-5e8c2116c27b'), UUID('7895ac0b-90ff-459f-80be-3fe0595e0d67'), UUID('1c428de4-c92e-4003-a0a8-50a60064ca57')]
2025-01-27 20:09:16,547 - ontorum.api - INFO -   States: [UUID('be6149f9-8d01-4eda-8b76-01dee9c239ef'), UUID('46c98b1f-ef46-4b5d-8971-ba8511fa9151'), UUID('c2910067-afe1-491a-8d78-2655a4897167')]
2025-01-27 20:09:16,548 - ontorum.api - INFO - Created mock scoop with ID: 2d780525-5cf5-47e8-889e-c21af3e7175a
2025-01-27 20:09:16,556 - ontorum.example - INFO - Created new state: Dirty for Cleanliness
2025-01-27 20:09:16,595 - ontorum.api - INFO -   Sub-entities: [UUID('97688ca5-f6ee-4e8d-b935-0dac14ecdf27'), UUID('75354fe0-6181-4ed2-a744-fd7ac26539bf')]
2025-01-27 20:09:16,627 - ontorum.api - INFO - Mock node: NodeType.STATE - Cold (be6149f9-8d01-4eda-8b76-01dee9c239ef)
2025-01-27 20:09:16,628 - ontorum.example - INFO - Creating new universal: Ice Cream Scoop
2025-01-27 20:09:16,629 - ontorum.example - INFO - Created new state: Sanitized for Cleanliness
2025-01-27 20:09:16,629 - ontorum.example - INFO - Created new state: Sanitized for Cleanliness
2025-01-27 20:09:16,646 - ontorum.api - INFO - Mock node: NodeType.UNIVERSAL - Ice Cream Scoop (1eb71122-cbe8-4567-be29-1c56f75703ca)
2025-01-27 20:09:16,706 - ontorum.example - INFO - Created new dimension: Cleanliness
2025-01-27 20:09:16,705 - ontorum.api - INFO - Mock node: NodeType.STATE - Room Temperature (46c98b1f-ef46-4b5d-8971-ba8511fa9151)
2025-01-27 20:09:16,709 - ontorum.example - INFO - Added dimension Material to universal Ice Cream Scoop
2025-01-27 20:09:16,710 - ontorum.example - INFO - Added dimension Material to universal Ice Cream Scoop
2025-01-27 20:09:16,730 - ontorum.api - INFO - Mock node: NodeType.DIMENSION - Cleanliness (ee9cf933-cb85-42cb-aa1f-5e8c2116c27b)
2025-01-27 20:09:16,779 - ontorum.example - INFO - Created new dimension: Material
2025-01-27 20:09:16,779 - ontorum.api - INFO - Mock node: NodeType.STATE - Hot (c2910067-afe1-491a-8d78-2655a4897167)
2025-01-27 20:09:16,792 - ontorum.example - INFO - Created new state: Stainless Steel for Material
2025-01-27 20:09:16,805 - ontorum.example - INFO - Created new state: Stainless Steel for Material
2025-01-27 20:09:16,807 - ontorum.api - INFO -   States: [UUID('55890bfb-7e68-4bde-8bef-d73eb834fd23'), UUID('f1cec6c9-2c74-4b77-88c6-63b816ba9ab7'), UUID('01c7b7a2-0d02-440b-8d68-e8dbffb89b29')]
2025-01-27 20:09:16,824 - ontorum.example - INFO - Created new dimension: Temperature
2025-01-27 20:09:16,825 - ontorum.api - INFO - Mock node: NodeType.PARTICULAR - Ice Cream Scoop #12 Handle (a910e67b-40d3-43ad-b9e7-deb9182dfe34)
2025-01-27 20:09:16,826 - ontorum.example - INFO - Created new state: Aluminum for Material
2025-01-27 20:09:16,848 - ontorum.example - INFO - Created new state: Aluminum for Material
2025-01-27 20:09:16,853 - ontorum.api - INFO - Mock node: NodeType.STATE - Clean (55890bfb-7e68-4bde-8bef-d73eb834fd23)
2025-01-27 20:09:16,906 - ontorum.example - INFO - Added dimension Cleanliness to universal Ice Cream Scoop
2025-01-27 20:09:16,907 - ontorum.api - INFO -   Universal: a2f6472d-360f-4b7a-887d-ec0e32736dab
2025-01-27 20:09:16,908 - ontorum.example - INFO - Created new state: Plastic for Material
2025-01-27 20:09:16,910 - ontorum.example - INFO - Created new state: Plastic for Material
2025-01-27 20:09:16,916 - ontorum.api - INFO - Mock node: NodeType.STATE - Dirty (f1cec6c9-2c74-4b77-88c6-63b816ba9ab7)
2025-01-27 20:09:16,961 - ontorum.example - INFO - Created new state: Clean for Cleanliness
2025-01-27 20:09:16,961 - ontorum.api - INFO -   Dimensions: [UUID('20efb9ec-d2a6-4f83-a6b8-a5e67c0ae749'), UUID('268c2d18-e89a-4b50-bccd-dd98f126336f'), UUID('9fdb4439-b3b4-454a-a5aa-3d89a586fbfc')]
2025-01-27 20:09:16,964 - ontorum.example - INFO - Added dimension Temperature to universal Ice Cream Scoop
2025-01-27 20:09:16,967 - ontorum.example - INFO - Added dimension Temperature to universal Ice Cream Scoop
2025-01-27 20:09:16,969 - ontorum.api - INFO - Mock node: NodeType.STATE - Sanitized (01c7b7a2-0d02-440b-8d68-e8dbffb89b29)
2025-01-27 20:09:17,011 - ontorum.example - INFO - Created new state: Dirty for Cleanliness
2025-01-27 20:09:17,011 - ontorum.api - INFO -   Sub-entities: []
2025-01-27 20:09:17,018 - ontorum.example - INFO - Created new state: Cold for Temperature
2025-01-27 20:09:17,095 - ontorum.example - INFO - Created new state: Cold for Temperature
2025-01-27 20:09:17,108 - ontorum.api - INFO - Mock node: NodeType.DIMENSION - Material (7895ac0b-90ff-459f-80be-3fe0595e0d67)
2025-01-27 20:09:17,121 - ontorum.example - INFO - Created new state: Sanitized for Cleanliness
2025-01-27 20:09:17,121 - ontorum.api - INFO - Mock node: NodeType.PARTICULAR - Ice Cream Scoop #12 Bowl (cfea3b92-6810-41b8-ad30-d389c42c5a92)
2025-01-27 20:09:17,122 - ontorum.example - INFO - Created new state: Room Temperature for Temperature
2025-01-27 20:09:17,209 - ontorum.example - INFO - Created new state: Room Temperature for Temperature
2025-01-27 20:09:17,226 - ontorum.api - INFO -   States: [UUID('2c7e9271-83ba-439d-afbd-dec541d26725'), UUID('7cf1c8a1-2990-4ae9-a2d7-793184725d8f'), UUID('97cd8cbb-e8f4-4641-9c5a-7d4a0fe76f06')]
2025-01-27 20:09:17,251 - ontorum.example - INFO - Added dimension Material to universal Ice Cream Scoop
2025-01-27 20:09:17,252 - ontorum.api - INFO -   Universal: a2f6472d-360f-4b7a-887d-ec0e32736dab
2025-01-27 20:09:17,253 - ontorum.example - INFO - Created new state: Hot for Temperature
2025-01-27 20:09:17,297 - ontorum.example - INFO - Created new state: Hot for Temperature
2025-01-27 20:09:17,310 - ontorum.api - INFO - Mock node: NodeType.STATE - Stainless Steel (2c7e9271-83ba-439d-afbd-dec541d26725)
2025-01-27 20:09:17,324 - ontorum.example - INFO - Created new state: Stainless Steel for Material
2025-01-27 20:09:17,252 - ontorum.api - WARNING - Failed to connect to database: Using mock data for development. Using mock data.
2025-01-27 20:09:17,325 - ontorum.api - INFO -   Dimensions: [UUID('20efb9ec-d2a6-4f83-a6b8-a5e67c0ae749'), UUID('268c2d18-e89a-4b50-bccd-dd98f126336f'), UUID('9fdb4439-b3b4-454a-a5aa-3d89a586fbfc')]
2025-01-27 20:09:17,326 - ontorum.example - INFO - Discovered dimensions for Ice Cream Scoop #12 from universal
2025-01-27 20:09:17,330 - ontorum.example - INFO - Discovered dimensions for Ice Cream Scoop #12 from universal
2025-01-27 20:09:17,334 - ontorum.api - INFO - Mock node: NodeType.STATE - Aluminum (7cf1c8a1-2990-4ae9-a2d7-793184725d8f)
2025-01-27 20:09:17,347 - ontorum.example - INFO - Created new state: Aluminum for Material
2025-01-27 20:09:17,354 - ontorum.api - INFO -   Sub-entities: []
2025-01-27 20:09:17,355 - ontorum.example - INFO - Creating sub-entities for Ice Cream Scoop #12
2025-01-27 20:09:17,356 - ontorum.example - INFO - Creating sub-entities for Ice Cream Scoop #12
2025-01-27 20:09:17,368 - ontorum.api - INFO - Mock node: NodeType.STATE - Plastic (97cd8cbb-e8f4-4641-9c5a-7d4a0fe76f06)
2025-01-27 20:09:17,382 - ontorum.example - INFO - Created new state: Plastic for Material
2025-01-27 20:09:17,385 - ontorum.api - INFO - Mock data initialization complete
2025-01-27 20:09:17,386 - ontorum.example - INFO - Found existing universal: Ice Cream Scoop
2025-01-27 20:09:17,389 - ontorum.example - INFO - Found existing universal: Ice Cream Scoop
2025-01-27 20:09:17,396 - ontorum.api - INFO - Mock node: NodeType.DIMENSION - Temperature (1c428de4-c92e-4003-a0a8-50a60064ca57)
2025-01-27 20:09:17,411 - ontorum.example - INFO - Added dimension Temperature to universal Ice Cream Scoop
2025-01-27 20:09:17,412 - ontorum.api - INFO - Mock data initialized with 16 nodes
2025-01-27 20:09:17,413 - ontorum.example - INFO - Discovered dimensions for Ice Cream Scoop #12 Handle from universal
2025-01-27 20:09:17,414 - ontorum.example - INFO - Discovered dimensions for Ice Cream Scoop #12 Handle from universal
2025-01-27 20:09:17,418 - ontorum.api - INFO - API starting up
2025-01-27 20:09:17,431 - ontorum.example - INFO - Created new state: Cold for Temperature
2025-01-27 20:09:17,433 - ontorum.api - INFO - Mock data nodes:
2025-01-27 20:09:17,434 - ontorum.example - INFO - Found existing universal: Ice Cream Scoop
2025-01-27 20:09:17,436 - ontorum.example - INFO - Found existing universal: Ice Cream Scoop
2025-01-27 20:09:17,436 - ontorum.api - INFO - Using mock data
2025-01-27 20:09:17,419 - ontorum.api - INFO -   States: [UUID('3f7f1b5b-dd35-408c-85bb-9b418124d212'), UUID('413dd72a-5a50-429f-bddd-c2132fe07207'), UUID('56db9840-f0b5-4056-b225-e906033bd8a8')]
2025-01-27 20:09:17,448 - ontorum.example - INFO - Created new state: Room Temperature for Temperature
2025-01-27 20:09:17,460 - ontorum.api - INFO -   NodeType.PARTICULAR - Ice Cream Scoop #12 (d0f0d296-3b48-4180-adbf-dc4d67e6253c)
2025-01-27 20:09:17,464 - ontorum.example - INFO - Discovered dimensions for Ice Cream Scoop #12 Bowl from universal
2025-01-27 20:09:17,466 - ontorum.api - INFO - Starting mock data initialization
2025-01-27 20:09:17,466 - ontorum.example - INFO - Discovered dimensions for Ice Cream Scoop #12 Bowl from universal
2025-01-27 20:09:17,467 - ontorum.api - INFO - Mock node: NodeType.STATE - Cold (3f7f1b5b-dd35-408c-85bb-9b418124d212)
2025-01-27 20:09:17,468 - ontorum.example - INFO - Created new state: Hot for Temperature
2025-01-27 20:09:17,470 - ontorum.api - INFO -     Universal: a2f6472d-360f-4b7a-887d-ec0e32736dab
2025-01-27 20:09:17,473 - ontorum.api - INFO - Initialized mock data with 16 nodes
2025-01-27 20:09:17,476 - ontorum.example - INFO - Initialized IceCreamScoopExpander
2025-01-27 20:09:17,478 - ontorum.api - INFO - Initialized mock data with 16 nodes
2025-01-27 20:09:17,481 - ontorum.api - INFO - Mock node: NodeType.STATE - Room Temperature (413dd72a-5a50-429f-bddd-c2132fe07207)
2025-01-27 20:09:17,483 - ontorum.example - INFO - Discovered dimensions for Ice Cream Scoop #12 from universal
2025-01-27 20:09:17,488 - ontorum.api - INFO -     Dimensions: [UUID('20efb9ec-d2a6-4f83-a6b8-a5e67c0ae749'), UUID('268c2d18-e89a-4b50-bccd-dd98f126336f'), UUID('9fdb4439-b3b4-454a-a5aa-3d89a586fbfc')]
2025-01-27 20:09:17,491 - ontorum.api - INFO - Mock node: NodeType.PARTICULAR - Ice Cream Scoop #12 (f51baf7f-9cf9-4dee-8dd2-962c3b95a960)
2025-01-27 20:09:17,493 - ontorum.api - INFO - Created mock scoop with ID: b90e6a24-5594-443b-b8b7-69466761419b
2025-01-27 20:09:17,495 - ontorum.api - INFO - Mock node: NodeType.PARTICULAR - Ice Cream Scoop #12 (fc4ed5e8-9a79-4aeb-be20-944ef02a8c1b)
2025-01-27 20:09:17,507 - ontorum.api - INFO - Mock node: NodeType.STATE - Hot (56db9840-f0b5-4056-b225-e906033bd8a8)
2025-01-27 20:09:17,510 - ontorum.example - INFO - Creating sub-entities for Ice Cream Scoop #12
2025-01-27 20:09:17,525 - ontorum.api - INFO -   NodeType.UNIVERSAL - Ice Cream Scoop (a2f6472d-360f-4b7a-887d-ec0e32736dab)
2025-01-27 20:09:17,526 - ontorum.api - INFO -   Universal: 38243742-c29d-49c4-a937-39b1d8522ecc
2025-01-27 20:09:17,527 - ontorum.example - INFO - Creating new universal: Ice Cream Scoop
2025-01-27 20:09:17,528 - ontorum.api - INFO -   Universal: 0539defa-144b-4820-b949-7e13262db289
2025-01-27 20:09:17,574 - ontorum.api - INFO - Mock node: NodeType.PARTICULAR - Ice Cream Scoop #12 Handle (97688ca5-f6ee-4e8d-b935-0dac14ecdf27)
2025-01-27 20:09:17,577 - ontorum.example - INFO - Found existing universal: Ice Cream Scoop
2025-01-27 20:09:17,591 - ontorum.api - INFO -     Dimensions: [UUID('20efb9ec-d2a6-4f83-a6b8-a5e67c0ae749'), UUID('268c2d18-e89a-4b50-bccd-dd98f126336f'), UUID('9fdb4439-b3b4-454a-a5aa-3d89a586fbfc')]
2025-01-27 20:09:17,594 - ontorum.api - INFO -   Dimensions: [UUID('5b077099-752f-4494-890a-ddb5d84f3e4c'), UUID('0d3e2056-2aa4-47b7-84fc-2429fa01a3fc'), UUID('0f5ca9d5-922a-4e9c-a967-e780f1025cb2')]
2025-01-27 20:09:17,595 - ontorum.example - INFO - Created new dimension: Cleanliness
2025-01-27 20:09:17,634 - ontorum.api - INFO -   Dimensions: [UUID('a94e00ba-11e3-435b-9047-d421051e2296'), UUID('e8c42c21-30fd-4e99-9a74-f17c19f09588'), UUID('1a16c960-3247-43c5-9fc0-85d146c3c2be')]
2025-01-27 20:09:17,639 - ontorum.api - INFO -   Universal: 1eb71122-cbe8-4567-be29-1c56f75703ca
2025-01-27 20:09:17,641 - ontorum.example - INFO - Discovered dimensions for Ice Cream Scoop #12 Handle from universal
2025-01-27 20:09:17,652 - ontorum.api - INFO -   NodeType.DIMENSION - Cleanliness (20efb9ec-d2a6-4f83-a6b8-a5e67c0ae749)
2025-01-27 20:09:17,656 - ontorum.example - INFO - Created new dimension: Material
2025-01-27 20:09:17,656 - ontorum.api - INFO -   Sub-entities: [UUID('c173363a-3858-47f0-8378-c4f23c0c5e02'), UUID('bfaa9539-f1e6-4c06-a6d8-e5dc741c3df2')]
2025-01-27 20:09:17,680 - ontorum.api - INFO -   Sub-entities: [UUID('67bfa1e0-cb9f-4ef1-adc3-bc53f32623d1'), UUID('44685c02-b2cc-4961-8efb-c33eb91bcd5d')]
2025-01-27 20:09:17,684 - ontorum.api - INFO -   Dimensions: [UUID('ee9cf933-cb85-42cb-aa1f-5e8c2116c27b'), UUID('7895ac0b-90ff-459f-80be-3fe0595e0d67'), UUID('1c428de4-c92e-4003-a0a8-50a60064ca57')]
2025-01-27 20:09:17,700 - ontorum.example - INFO - Found existing universal: Ice Cream Scoop
2025-01-27 20:09:17,721 - ontorum.api - INFO -     States: [UUID('c02c348c-648d-4b81-948f-b2d44f18815a'), UUID('08a8c7a0-ea60-4f6e-83a7-4364ecc835c9'), UUID('e5948b77-f9bd-456c-bc5f-93b90327473b')]
2025-01-27 20:09:17,727 - ontorum.example - INFO - Created new dimension: Temperature
2025-01-27 20:09:17,729 - ontorum.api - INFO - Mock node: NodeType.UNIVERSAL - Ice Cream Scoop (38243742-c29d-49c4-a937-39b1d8522ecc)
2025-01-27 20:09:17,660 - ontorum.api - WARNING - Failed to connect to database: Using mock data for development. Using mock data.
2025-01-27 20:09:17,732 - ontorum.api - INFO - Mock node: NodeType.UNIVERSAL - Ice Cream Scoop (0539defa-144b-4820-b949-7e13262db289)
2025-01-27 20:09:17,738 - ontorum.api - INFO -   Sub-entities: []
2025-01-27 20:09:17,764 - ontorum.example - INFO - Discovered dimensions for Ice Cream Scoop #12 Bowl from universal
2025-01-27 20:09:17,789 - ontorum.api - INFO -   NodeType.STATE - Clean (c02c348c-648d-4b81-948f-b2d44f18815a)
2025-01-27 20:09:17,810 - ontorum.api - INFO - Mock node: NodeType.DIMENSION - Cleanliness (5b077099-752f-4494-890a-ddb5d84f3e4c)
2025-01-27 20:09:17,835 - ontorum.api - INFO - Mock node: NodeType.DIMENSION - Cleanliness (a94e00ba-11e3-435b-9047-d421051e2296)
2025-01-27 20:09:17,850 - ontorum.api - INFO - Mock node: NodeType.PARTICULAR - Ice Cream Scoop #12 Bowl (75354fe0-6181-4ed2-a744-fd7ac26539bf)
2025-01-27 20:09:17,853 - ontorum.api - INFO - Initialized mock data with 16 nodes
2025-01-27 20:09:17,855 - ontorum.api - INFO -   NodeType.STATE - Dirty (08a8c7a0-ea60-4f6e-83a7-4364ecc835c9)
2025-01-27 20:09:17,808 - ontorum.example - INFO - Added dimension Cleanliness to universal Ice Cream Scoop
2025-01-27 20:09:17,859 - ontorum.api - INFO -   States: [UUID('72d970d3-4833-406e-bef1-f2f83b39cb65'), UUID('12b308f3-550e-479b-b5d7-934e15f1783d'), UUID('90e80e8f-4e62-4dd4-8e78-6f16c8d9cf16')]
2025-01-27 20:09:17,861 - ontorum.api - INFO -   States: [UUID('3fb97f8b-f7e8-4b35-92db-043424f41a08'), UUID('994e63c7-442d-4798-9864-eebe004336b3'), UUID('ff049cef-06d5-4e59-9095-0a8b83539ef9')]
2025-01-27 20:09:17,850 - ontorum.api - WARNING - Failed to connect to database: Using mock data for development. Using mock data.
2025-01-27 20:09:17,881 - ontorum.api - INFO -   Universal: 1eb71122-cbe8-4567-be29-1c56f75703ca
2025-01-27 20:09:17,884 - ontorum.api - INFO - Mock node: NodeType.PARTICULAR - Ice Cream Scoop #12 (2d780525-5cf5-47e8-889e-c21af3e7175a)
2025-01-27 20:09:17,885 - ontorum.api - INFO -   NodeType.STATE - Sanitized (e5948b77-f9bd-456c-bc5f-93b90327473b)
2025-01-27 20:09:17,888 - ontorum.example - INFO - Created new state: Clean for Cleanliness
2025-01-27 20:09:17,889 - ontorum.api - INFO - Mock node: NodeType.STATE - Clean (72d970d3-4833-406e-bef1-f2f83b39cb65)
2025-01-27 20:09:17,892 - ontorum.api - INFO - Mock node: NodeType.STATE - Clean (3fb97f8b-f7e8-4b35-92db-043424f41a08)
2025-01-27 20:09:17,904 - ontorum.api - INFO -   Dimensions: [UUID('ee9cf933-cb85-42cb-aa1f-5e8c2116c27b'), UUID('7895ac0b-90ff-459f-80be-3fe0595e0d67'), UUID('1c428de4-c92e-4003-a0a8-50a60064ca57')]
2025-01-27 20:09:17,909 - ontorum.api - INFO -   Universal: 90a88e68-f077-433f-8b21-c0664f48ca0a
2025-01-27 20:09:17,913 - ontorum.api - INFO -   NodeType.DIMENSION - Material (268c2d18-e89a-4b50-bccd-dd98f126336f)
2025-01-27 20:09:17,914 - ontorum.example - INFO - Created new state: Dirty for Cleanliness
2025-01-27 20:09:17,916 - ontorum.api - INFO - Mock node: NodeType.STATE - Dirty (12b308f3-550e-479b-b5d7-934e15f1783d)
2025-01-27 20:09:17,918 - ontorum.api - INFO - Mock node: NodeType.STATE - Dirty (994e63c7-442d-4798-9864-eebe004336b3)
2025-01-27 20:09:17,922 - ontorum.api - INFO -   Sub-entities: []
2025-01-27 20:09:17,926 - ontorum.api - INFO -   Dimensions: [UUID('6f057ed6-a4d6-4092-b4af-c7b7c409c202'), UUID('89aef6cf-27ba-46d6-a8c9-c9208b7bf234'), UUID('a55f7e38-bd65-416e-a0f7-1444840eae58')]
2025-01-27 20:09:17,928 - ontorum.example - INFO - Created new state: Sanitized for Cleanliness
2025-01-27 20:09:17,928 - ontorum.api - INFO -     States: [UUID('4d84a24b-2572-46dd-a61e-6fd33d1f6f19'), UUID('55aa1c4d-4132-48ba-a4f0-3fabcf1babc7'), UUID('1db902ab-3a36-43dc-9a2a-19f9e16aa53f')]
2025-01-27 20:09:17,929 - ontorum.api - INFO - API starting up
2025-01-27 20:09:17,930 - ontorum.api - INFO - Mock node: NodeType.STATE - Sanitized (90e80e8f-4e62-4dd4-8e78-6f16c8d9cf16)
2025-01-27 20:09:17,931 - ontorum.api - INFO - Mock node: NodeType.STATE - Sanitized (ff049cef-06d5-4e59-9095-0a8b83539ef9)
2025-01-27 20:09:17,977 - ontorum.api - INFO - Mock data initialization complete
2025-01-27 20:09:17,983 - ontorum.api - INFO -   Sub-entities: [UUID('858e1e90-e663-484a-9f15-f4e30c3ebf1e'), UUID('6fe5bac6-b55a-40d0-8241-1c829af2ad4d')]
2025-01-27 20:09:17,928 - ontorum.api - WARNING - Failed to connect to database: Using mock data for development. Using mock data.
2025-01-27 20:09:17,986 - ontorum.example - INFO - Added dimension Material to universal Ice Cream Scoop
2025-01-27 20:09:17,987 - ontorum.api - INFO -   NodeType.STATE - Stainless Steel (4d84a24b-2572-46dd-a61e-6fd33d1f6f19)
2025-01-27 20:09:17,988 - ontorum.api - INFO - Using mock data
2025-01-27 20:09:17,988 - ontorum.api - INFO - API starting up
2025-01-27 20:09:17,988 - ontorum.api - INFO - Mock node: NodeType.DIMENSION - Material (0d3e2056-2aa4-47b7-84fc-2429fa01a3fc)
2025-01-27 20:09:17,990 - ontorum.api - INFO - Mock node: NodeType.DIMENSION - Material (e8c42c21-30fd-4e99-9a74-f17c19f09588)
2025-01-27 20:09:17,991 - ontorum.api - INFO - Mock data initialized with 16 nodes
2025-01-27 20:09:17,994 - ontorum.api - INFO - Mock node: NodeType.UNIVERSAL - Ice Cream Scoop (90a88e68-f077-433f-8b21-c0664f48ca0a)
2025-01-27 20:09:18,003 - ontorum.example - INFO - Created new state: Stainless Steel for Material
2025-01-27 20:09:18,005 - ontorum.api - INFO -   NodeType.STATE - Aluminum (55aa1c4d-4132-48ba-a4f0-3fabcf1babc7)
2025-01-27 20:09:18,006 - ontorum.api - INFO - Starting mock data initialization
2025-01-27 20:09:18,053 - ontorum.example - INFO - Initialized IceCreamScoopExpander
2025-01-27 20:09:18,007 - ontorum.api - INFO -   States: [UUID('bf49def5-d6ae-4fad-8b88-5bbdfc81e027'), UUID('28e0e9a8-09ec-4fa1-ba7e-47264fcd055e'), UUID('a7bd9669-bfa8-4917-8403-c054d34d263f')]
2025-01-27 20:09:18,054 - ontorum.api - INFO - Created mock scoop with ID: df271db0-f4d7-40bb-aa34-d2e46d0e0539
2025-01-27 20:09:18,055 - ontorum.example - INFO - Creating new universal: Ice Cream Scoop
2025-01-27 20:09:18,008 - ontorum.api - INFO -   States: [UUID('0eada483-6c96-4ec3-aed3-da169c4df24b'), UUID('1a600283-10bd-4507-86c7-a13a3b587838'), UUID('28ba21a9-1c3d-4f04-b4de-aeb18eea9f38')]
2025-01-27 20:09:18,016 - ontorum.api - INFO - Mock data nodes:
2025-01-27 20:09:18,026 - ontorum.api - INFO - Mock node: NodeType.DIMENSION - Cleanliness (6f057ed6-a4d6-4092-b4af-c7b7c409c202)
2025-01-27 20:09:18,051 - ontorum.example - INFO - Created new state: Aluminum for Material
2025-01-27 20:09:18,052 - ontorum.api - INFO -   NodeType.STATE - Plastic (1db902ab-3a36-43dc-9a2a-19f9e16aa53f)
2025-01-27 20:09:18,053 - ontorum.api - INFO - Starting mock data initialization
2025-01-27 20:09:18,054 - ontorum.api - INFO - Mock node: NodeType.STATE - Stainless Steel (bf49def5-d6ae-4fad-8b88-5bbdfc81e027)
2025-01-27 20:09:18,055 - ontorum.example - INFO - Created new dimension: Cleanliness
2025-01-27 20:09:18,055 - ontorum.api - INFO - Mock node: NodeType.STATE - Stainless Steel (0eada483-6c96-4ec3-aed3-da169c4df24b)
2025-01-27 20:09:18,058 - ontorum.api - INFO -   NodeType.PARTICULAR - Ice Cream Scoop #12 (4de389e4-4c10-4333-812b-321e31a4f1ac)
2025-01-27 20:09:18,072 - ontorum.api - INFO -   States: [UUID('e52d550f-8504-4a11-a1e6-f439baa7fd0f'), UUID('34d8220f-742f-4c7b-9528-388c5fe45ad1'), UUID('98f52621-f5b6-418c-9519-52c73f4ff480')]
2025-01-27 20:09:18,078 - ontorum.example - INFO - Created new state: Plastic for Material
2025-01-27 20:09:18,082 - ontorum.example - INFO - Created new dimension: Material
2025-01-27 20:09:18,081 - ontorum.api - INFO - Mock node: NodeType.STATE - Aluminum (28e0e9a8-09ec-4fa1-ba7e-47264fcd055e)
2025-01-27 20:09:18,083 - ontorum.api - INFO - Mock node: NodeType.STATE - Aluminum (1a600283-10bd-4507-86c7-a13a3b587838)
2025-01-27 20:09:18,084 - ontorum.api - INFO -     Universal: 1eb71122-cbe8-4567-be29-1c56f75703ca
2025-01-27 20:09:18,084 - ontorum.api - INFO - API starting up
2025-01-27 20:09:18,093 - ontorum.api - INFO - Mock node: NodeType.STATE - Clean (e52d550f-8504-4a11-a1e6-f439baa7fd0f)
2025-01-27 20:09:18,095 - ontorum.example - INFO - Added dimension Temperature to universal Ice Cream Scoop
2025-01-27 20:09:18,078 - ontorum.api - INFO -   NodeType.DIMENSION - Temperature (9fdb4439-b3b4-454a-a5aa-3d89a586fbfc)
2025-01-27 20:09:18,081 - ontorum.example - INFO - Initialized IceCreamScoopExpander
2025-01-27 20:09:18,097 - ontorum.example - INFO - Created new dimension: Temperature
2025-01-27 20:09:18,098 - ontorum.api - INFO - Mock node: NodeType.STATE - Plastic (a7bd9669-bfa8-4917-8403-c054d34d263f)
2025-01-27 20:09:18,099 - ontorum.api - INFO - Mock node: NodeType.STATE - Plastic (28ba21a9-1c3d-4f04-b4de-aeb18eea9f38)
2025-01-27 20:09:18,101 - ontorum.api - INFO - Using mock data
2025-01-27 20:09:18,101 - ontorum.api - INFO -     Dimensions: [UUID('ee9cf933-cb85-42cb-aa1f-5e8c2116c27b'), UUID('7895ac0b-90ff-459f-80be-3fe0595e0d67'), UUID('1c428de4-c92e-4003-a0a8-50a60064ca57')]
2025-01-27 20:09:18,117 - ontorum.api - INFO - Mock node: NodeType.STATE - Dirty (34d8220f-742f-4c7b-9528-388c5fe45ad1)
2025-01-27 20:09:18,146 - ontorum.example - INFO - Created new state: Cold for Temperature
2025-01-27 20:09:18,150 - ontorum.api - INFO -     States: [UUID('be6149f9-8d01-4eda-8b76-01dee9c239ef'), UUID('46c98b1f-ef46-4b5d-8971-ba8511fa9151'), UUID('c2910067-afe1-491a-8d78-2655a4897167')]
2025-01-27 20:09:18,156 - ontorum.api - INFO - Created mock scoop with ID: c4cae23d-2052-451f-a2dd-92d267fc6102
2025-01-27 20:09:18,160 - ontorum.example - INFO - Added dimension Cleanliness to universal Ice Cream Scoop
2025-01-27 20:09:18,164 - ontorum.api - INFO - Mock node: NodeType.DIMENSION - Temperature (0f5ca9d5-922a-4e9c-a967-e780f1025cb2)
2025-01-27 20:09:18,164 - ontorum.api - INFO - Mock node: NodeType.DIMENSION - Temperature (1a16c960-3247-43c5-9fc0-85d146c3c2be)
2025-01-27 20:09:18,167 - ontorum.api - INFO - Starting mock data initialization
2025-01-27 20:09:18,168 - ontorum.api - INFO -   NodeType.UNIVERSAL - Ice Cream Scoop (1eb71122-cbe8-4567-be29-1c56f75703ca)
2025-01-27 20:09:18,169 - ontorum.api - INFO - Mock node: NodeType.STATE - Sanitized (98f52621-f5b6-418c-9519-52c73f4ff480)
2025-01-27 20:09:18,176 - ontorum.api - INFO -   NodeType.STATE - Cold (be6149f9-8d01-4eda-8b76-01dee9c239ef)
2025-01-27 20:09:18,185 - ontorum.example - INFO - Creating new universal: Ice Cream Scoop
2025-01-27 20:09:18,188 - ontorum.example - INFO - Created new state: Clean for Cleanliness
2025-01-27 20:09:18,189 - ontorum.api - INFO -   States: [UUID('26594459-f30a-41de-bd2a-07089e679d56'), UUID('d3cb4cd9-f40d-4b09-be89-86f146321bcf'), UUID('d4cfb4e6-d7af-4d14-a76c-5e08c0da8a29')]
2025-01-27 20:09:18,189 - ontorum.api - INFO -   States: [UUID('dc77110e-3e90-48a9-a7f3-271bf245ce85'), UUID('0c4bfd2c-f78d-48fc-9fea-9173f2547bf0'), UUID('c1c94a8b-82ac-453f-b768-507551232faa')]
2025-01-27 20:09:18,190 - ontorum.example - INFO - Initialized IceCreamScoopExpander
2025-01-27 20:09:18,193 - ontorum.api - INFO -     Dimensions: [UUID('ee9cf933-cb85-42cb-aa1f-5e8c2116c27b'), UUID('7895ac0b-90ff-459f-80be-3fe0595e0d67'), UUID('1c428de4-c92e-4003-a0a8-50a60064ca57')]
2025-01-27 20:09:18,195 - ontorum.api - INFO - Mock node: NodeType.DIMENSION - Material (89aef6cf-27ba-46d6-a8c9-c9208b7bf234)
2025-01-27 20:09:18,175 - ontorum.example - INFO - Created new state: Room Temperature for Temperature
2025-01-27 20:09:18,216 - ontorum.api - INFO -   NodeType.STATE - Room Temperature (46c98b1f-ef46-4b5d-8971-ba8511fa9151)
2025-01-27 20:09:18,218 - ontorum.example - INFO - Created new dimension: Cleanliness
2025-01-27 20:09:18,218 - ontorum.example - INFO - Created new state: Dirty for Cleanliness
2025-01-27 20:09:18,219 - ontorum.api - INFO - Mock node: NodeType.STATE - Cold (26594459-f30a-41de-bd2a-07089e679d56)
2025-01-27 20:09:18,222 - ontorum.api - INFO - Mock node: NodeType.STATE - Cold (dc77110e-3e90-48a9-a7f3-271bf245ce85)
2025-01-27 20:09:18,222 - ontorum.api - INFO - Created mock scoop with ID: add064ce-02ac-4c42-9664-a448650350d5
2025-01-27 20:09:18,224 - ontorum.api - INFO -   NodeType.DIMENSION - Cleanliness (ee9cf933-cb85-42cb-aa1f-5e8c2116c27b)
2025-01-27 20:09:18,229 - ontorum.api - INFO -   States: [UUID('a6619e4f-9404-4306-834e-8a318f28ed3a'), UUID('7f6a8094-ecde-4823-b038-fb287d4850bf'), UUID('788f0acf-a99a-4b84-9f76-d57292d2e81d')]
2025-01-27 20:09:18,251 - ontorum.api - INFO -   NodeType.STATE - Hot (c2910067-afe1-491a-8d78-2655a4897167)
2025-01-27 20:09:18,257 - ontorum.example - INFO - Created new dimension: Material
2025-01-27 20:09:18,259 - ontorum.example - INFO - Created new state: Sanitized for Cleanliness
2025-01-27 20:09:18,263 - ontorum.api - INFO - Mock node: NodeType.STATE - Room Temperature (0c4bfd2c-f78d-48fc-9fea-9173f2547bf0)
2025-01-27 20:09:18,263 - ontorum.api - INFO - Mock node: NodeType.STATE - Room Temperature (d3cb4cd9-f40d-4b09-be89-86f146321bcf)
2025-01-27 20:09:18,264 - ontorum.example - INFO - Creating new universal: Ice Cream Scoop
2025-01-27 20:09:18,264 - ontorum.api - INFO -     States: [UUID('55890bfb-7e68-4bde-8bef-d73eb834fd23'), UUID('f1cec6c9-2c74-4b77-88c6-63b816ba9ab7'), UUID('01c7b7a2-0d02-440b-8d68-e8dbffb89b29')]
2025-01-27 20:09:18,269 - ontorum.api - INFO - Mock node: NodeType.STATE - Stainless Steel (a6619e4f-9404-4306-834e-8a318f28ed3a)
2025-01-27 20:09:18,241 - ontorum.example - INFO - Created new state: Hot for Temperature
2025-01-27 20:09:18,284 - ontorum.api - INFO -   NodeType.PARTICULAR - Ice Cream Scoop #12 Handle (a910e67b-40d3-43ad-b9e7-deb9182dfe34)
2025-01-27 20:09:18,284 - ontorum.example - INFO - Created new dimension: Temperature
2025-01-27 20:09:18,285 - ontorum.api - INFO - Mock node: NodeType.STATE - Hot (c1c94a8b-82ac-453f-b768-507551232faa)
2025-01-27 20:09:18,287 - ontorum.example - INFO - Created new dimension: Cleanliness
2025-01-27 20:09:18,286 - ontorum.api - INFO - Mock node: NodeType.STATE - Hot (d4cfb4e6-d7af-4d14-a76c-5e08c0da8a29)
2025-01-27 20:09:18,357 - ontorum.api - INFO - Mock node: NodeType.PARTICULAR - Ice Cream Scoop #12 Handle (67bfa1e0-cb9f-4ef1-adc3-bc53f32623d1)
2025-01-27 20:09:18,358 - ontorum.api - INFO -   Universal: 0539defa-144b-4820-b949-7e13262db289
2025-01-27 20:09:18,359 - ontorum.api - INFO -   Dimensions: [UUID('a94e00ba-11e3-435b-9047-d421051e2296'), UUID('e8c42c21-30fd-4e99-9a74-f17c19f09588'), UUID('1a16c960-3247-43c5-9fc0-85d146c3c2be')]
2025-01-27 20:09:18,360 - ontorum.api - INFO -   Sub-entities: []
2025-01-27 20:09:18,288 - ontorum.api - INFO -   NodeType.STATE - Clean (55890bfb-7e68-4bde-8bef-d73eb834fd23)
2025-01-27 20:09:18,360 - ontorum.api - INFO - Mock node: NodeType.PARTICULAR - Ice Cream Scoop #12 Bowl (44685c02-b2cc-4961-8efb-c33eb91bcd5d)
2025-01-27 20:09:18,361 - ontorum.api - INFO -   Universal: 0539defa-144b-4820-b949-7e13262db289
2025-01-27 20:09:18,289 - ontorum.api - INFO - Mock node: NodeType.STATE - Aluminum (7f6a8094-ecde-4823-b038-fb287d4850bf)
2025-01-27 20:09:18,361 - ontorum.api - INFO -   Dimensions: [UUID('a94e00ba-11e3-435b-9047-d421051e2296'), UUID('e8c42c21-30fd-4e99-9a74-f17c19f09588'), UUID('1a16c960-3247-43c5-9fc0-85d146c3c2be')]
2025-01-27 20:09:18,362 - ontorum.api - INFO -   Sub-entities: []
2025-01-27 20:09:18,362 - ontorum.api - INFO - Mock data initialization complete
2025-01-27 20:09:18,363 - ontorum.api - INFO - Mock data initialized with 16 nodes
2025-01-27 20:09:18,363 - ontorum.api - INFO - Mock data nodes:
2025-01-27 20:09:18,284 - ontorum.api - WARNING - Failed to connect to database: Using mock data for development. Using mock data.
2025-01-27 20:09:18,296 - ontorum.example - INFO - Discovered dimensions for Ice Cream Scoop #12 from universal
2025-01-27 20:09:18,356 - ontorum.api - INFO -     Universal: a2f6472d-360f-4b7a-887d-ec0e32736dab
2025-01-27 20:09:18,356 - ontorum.example - INFO - Added dimension Cleanliness to universal Ice Cream Scoop
2025-01-27 20:09:18,357 - ontorum.example - INFO - Created new state: Stainless Steel for Material
2025-01-27 20:09:18,358 - ontorum.api - INFO - Mock node: NodeType.PARTICULAR - Ice Cream Scoop #12 Handle (c173363a-3858-47f0-8378-c4f23c0c5e02)
2025-01-27 20:09:18,359 - ontorum.example - INFO - Created new dimension: Material
2025-01-27 20:09:18,360 - ontorum.api - INFO -   NodeType.STATE - Dirty (f1cec6c9-2c74-4b77-88c6-63b816ba9ab7)
2025-01-27 20:09:18,361 - ontorum.api - INFO - Mock node: NodeType.STATE - Plastic (788f0acf-a99a-4b84-9f76-d57292d2e81d)
2025-01-27 20:09:18,367 - ontorum.example - INFO - Creating sub-entities for Ice Cream Scoop #12
2025-01-27 20:09:18,378 - ontorum.api - INFO -     Dimensions: [UUID('20efb9ec-d2a6-4f83-a6b8-a5e67c0ae749'), UUID('268c2d18-e89a-4b50-bccd-dd98f126336f'), UUID('9fdb4439-b3b4-454a-a5aa-3d89a586fbfc')]
2025-01-27 20:09:18,379 - ontorum.example - INFO - Created new state: Clean for Cleanliness
2025-01-27 20:09:18,379 - ontorum.example - INFO - Created new state: Aluminum for Material
2025-01-27 20:09:18,379 - ontorum.api - INFO -   Universal: 38243742-c29d-49c4-a937-39b1d8522ecc
2025-01-27 20:09:18,380 - ontorum.example - INFO - Created new dimension: Temperature
2025-01-27 20:09:18,380 - ontorum.api - INFO -   NodeType.STATE - Sanitized (01c7b7a2-0d02-440b-8d68-e8dbffb89b29)
1444840eae58)
2025-01-27 20:09:18,363 - ontorum.api - WARNING - Failed to connect to database: Using mock data for development. Using mock data.
2025-01-27 20:09:18,402 - ontorum.api - INFO -   NodeType.DIMENSION - Material (7895ac0b-90ff-459f-80be-3fe0595e0d67)
2025-01-27 20:09:18,363 - ontorum.api - INFO -   NodeType.PARTICULAR - Ice Cream Scoop #12 (fc4ed5e8-9a79-4aeb-be20-944ef02a8c1b)
2025-01-27 20:09:18,403 - ontorum.api - INFO -     States: [UUID('2c7e9271-83ba-439d-afbd-dec541d26725'), UUID('7cf1c8a1-2990-4ae9-a2d7-793184725d8f'), UUID('97cd8cbb-e8f4-4641-9c5a-7d4a0fe76f06')]
2025-01-27 20:09:18,404 - ontorum.api - INFO -   NodeType.STATE - Stainless Steel (2c7e9271-83ba-439d-afbd-dec541d26725)
2025-01-27 20:09:18,404 - ontorum.api - INFO -   NodeType.STATE - Aluminum (7cf1c8a1-2990-4ae9-a2d7-793184725d8f)
2025-01-27 20:09:18,405 - ontorum.api - INFO -   NodeType.STATE - Plastic (97cd8cbb-e8f4-4641-9c5a-7d4a0fe76f06)
2025-01-27 20:09:18,406 - ontorum.api - INFO -   NodeType.DIMENSION - Temperature (1c428de4-c92e-4003-a0a8-50a60064ca57)
2025-01-27 20:09:18,407 - ontorum.api - INFO -     States: [UUID('3f7f1b5b-dd35-408c-85bb-9b418124d212'), UUID('413dd72a-5a50-429f-bddd-c2132fe07207'), UUID('56db9840-f0b5-4056-b225-e906033bd8a8')]
2025-01-27 20:09:18,383 - ontorum.example - INFO - Found existing universal: Ice Cream Scoop
2025-01-27 20:09:18,395 - ontorum.api - INFO -   NodeType.PARTICULAR - Ice Cream Scoop #12 Bowl (cfea3b92-6810-41b8-ad30-d389c42c5a92)
2025-01-27 20:09:18,396 - ontorum.example - INFO - Created new state: Dirty for Cleanliness
2025-01-27 20:09:18,397 - ontorum.example - INFO - Created new state: Plastic for Material
ddb5d84f3e4c'), UUID('0d3e2056-2aa4-47b7-84fc-2429fa01a3fc'), UUID('0f5ca9d5-922a-4e9c-a967-e780f1025cb2')]
2025-01-27 20:09:18,399 - ontorum.example - INFO - Added dimension Cleanliness to universal Ice Cream Scoop
2025-01-27 20:09:18,415 - ontorum.api - INFO -   Sub-entities: []
2025-01-27 20:09:18,415 - ontorum.api - INFO - Mock node: NodeType.PARTICULAR - Ice Cream Scoop #12 Bowl (bfaa9539-f1e6-4c06-a6d8-e5dc741c3df2)
2025-01-27 20:09:18,403 - ontorum.api - INFO -   States: [UUID('daaa1e8e-e1c4-4f5d-8f98-d9a003a9b385'), UUID('55b59b86-1bd0-42c9-ab6e-a5794b2c8fe6'), UUID('d62ea3e7-2332-4fdd-8285-f9c7f7bbcad8')]
2025-01-27 20:09:18,403 - ontorum.api - INFO -     Universal: 0539defa-144b-4820-b949-7e13262db289
2025-01-27 20:09:18,408 - ontorum.api - INFO -   NodeType.STATE - Cold (3f7f1b5b-dd35-408c-85bb-9b418124d212)
2025-01-27 20:09:18,409 - ontorum.example - INFO - Discovered dimensions for Ice Cream Scoop #12 Handle from universal
2025-01-27 20:09:18,414 - ontorum.api - INFO -     Universal: a2f6472d-360f-4b7a-887d-ec0e32736dab
2025-01-27 20:09:18,414 - ontorum.example - INFO - Created new state: Sanitized for Cleanliness
2025-01-27 20:09:18,416 - ontorum.api - INFO -   Universal: 38243742-c29d-49c4-a937-39b1d8522ecc
2025-01-27 20:09:18,415 - ontorum.example - INFO - Added dimension Temperature to universal Ice Cream Scoop
2025-01-27 20:09:18,417 - ontorum.example - INFO - Created new state: Clean for Cleanliness
2025-01-27 20:09:18,417 - ontorum.api - INFO -     Dimensions: [UUID('a94e00ba-11e3-435b-9047-d421051e2296'), UUID('e8c42c21-30fd-4e99-9a74-f17c19f09588'), UUID('1a16c960-3247-43c5-9fc0-85d146c3c2be')]
2025-01-27 20:09:18,417 - ontorum.api - INFO - Mock node: NodeType.STATE - Cold (daaa1e8e-e1c4-4f5d-8f98-d9a003a9b385)
2025-01-27 20:09:18,419 - ontorum.api - INFO -   NodeType.STATE - Room Temperature (413dd72a-5a50-429f-bddd-c2132fe07207)
2025-01-27 20:09:18,419 - ontorum.example - INFO - Found existing universal: Ice Cream Scoop
2025-01-27 20:09:18,419 - ontorum.api - INFO - API starting up
2025-01-27 20:09:18,421 - ontorum.api - INFO -     Dimensions: [UUID('20efb9ec-d2a6-4f83-a6b8-a5e67c0ae749'), UUID('268c2d18-e89a-4b50-bccd-dd98f126336f'), UUID('9fdb4439-b3b4-454a-a5aa-3d89a586fbfc')]
2025-01-27 20:09:18,423 - ontorum.example - INFO - Added dimension Material to universal Ice Cream Scoop
2025-01-27 20:09:18,425 - ontorum.api - INFO -   Dimensions: [UUID('5b077099-752f-4494-890a-ddb5d84f3e4c'), UUID('0d3e2056-2aa4-47b7-84fc-2429fa01a3fc'), UUID('0f5ca9d5-922a-4e9c-a967-e780f1025cb2')]
2025-01-27 20:09:18,426 - ontorum.example - INFO - Created new state: Cold for Temperature
2025-01-27 20:09:18,427 - ontorum.example - INFO - Created new state: Dirty for Cleanliness
2025-01-27 20:09:18,427 - ontorum.api - INFO -   NodeType.UNIVERSAL - Ice Cream Scoop (0539defa-144b-4820-b949-7e13262db289)
2025-01-27 20:09:18,418 - ontorum.api - WARNING - Failed to connect to database: Using mock data for development. Using mock data.
2025-01-27 20:09:18,427 - ontorum.api - INFO - Mock node: NodeType.STATE - Room Temperature (55b59b86-1bd0-42c9-ab6e-a5794b2c8fe6)
2025-01-27 20:09:18,430 - ontorum.api - INFO -   NodeType.STATE - Hot (56db9840-f0b5-4056-b225-e906033bd8a8)
2025-01-27 20:09:18,430 - ontorum.example - INFO - Discovered dimensions for Ice Cream Scoop #12 Bowl from universal
2025-01-27 20:09:18,431 - ontorum.api - INFO - Using mock data
2025-01-27 20:09:18,432 - ontorum.example - INFO - Created new state: Stainless Steel for Material
2025-01-27 20:09:18,432 - ontorum.api - INFO -   Sub-entities: []
2025-01-27 20:09:18,433 - ontorum.example - INFO - Created new state: Room Temperature for Temperature
2025-01-27 20:09:18,426 - ontorum.api - WARNING - Failed to connect to database: Using mock data for development. Using mock data.
2025-01-27 20:09:18,435 - ontorum.example - INFO - Created new state: Sanitized for Cleanliness
2025-01-27 20:09:18,436 - ontorum.api - INFO -     Dimensions: [UUID('a94e00ba-11e3-435b-9047-d421051e2296'), UUID('e8c42c21-30fd-4e99-9a74-f17c19f09588'), UUID('1a16c960-3247-43c5-9fc0-85d146c3c2be')]
2025-01-27 20:09:18,441 - ontorum.api - INFO - Mock node: NodeType.STATE - Hot (d62ea3e7-2332-4fdd-8285-f9c7f7bbcad8)
2025-01-27 20:09:18,444 - ontorum.api - INFO - Initialized mock data with 16 nodes
2025-01-27 20:09:18,444 - ontorum.api - INFO -   NodeType.PARTICULAR - Ice Cream Scoop #12 Handle (97688ca5-f6ee-4e8d-b935-0dac14ecdf27)
2025-01-27 20:09:18,445 - ontorum.example - INFO - Created new state: Aluminum for Material
2025-01-27 20:09:18,445 - ontorum.api - INFO - Mock data initialization complete
2025-01-27 20:09:18,446 - ontorum.example - INFO - Created new state: Hot for Temperature
2025-01-27 20:09:18,446 - ontorum.example - INFO - Added dimension Material to universal Ice Cream Scoop
2025-01-27 20:09:18,447 - ontorum.api - INFO -   NodeType.DIMENSION - Cleanliness (a94e00ba-11e3-435b-9047-d421051e2296)
2025-01-27 20:09:18,448 - ontorum.api - INFO - Mock node: NodeType.PARTICULAR - Ice Cream Scoop #12 Handle (858e1e90-e663-484a-9f15-f4e30c3ebf1e)
2025-01-27 20:09:18,450 - ontorum.api - INFO - API starting up
2025-01-27 20:09:18,450 - ontorum.api - INFO - Mock node: NodeType.PARTICULAR - Ice Cream Scoop #12 (b90e6a24-5594-443b-b8b7-69466761419b)
2025-01-27 20:09:18,450 - ontorum.api - INFO -     Universal: 1eb71122-cbe8-4567-be29-1c56f75703ca
2025-01-27 20:09:18,453 - ontorum.example - INFO - Initialized IceCreamScoopExpander
2025-01-27 20:09:18,453 - ontorum.example - INFO - Created new state: Plastic for Material
2025-01-27 20:09:18,455 - ontorum.example - INFO - Discovered dimensions for Ice Cream Scoop #12 from universal
2025-01-27 20:09:18,454 - ontorum.api - INFO - Mock data initialized with 16 nodes
2025-01-27 20:09:18,456 - ontorum.example - INFO - Created new state: Stainless Steel for Material
2025-01-27 20:09:18,457 - ontorum.api - INFO -   Universal: 90a88e68-f077-433f-8b21-c0664f48ca0a
2025-01-27 20:09:18,456 - ontorum.api - INFO -     States: [UUID('3fb97f8b-f7e8-4b35-92db-043424f41a08'), UUID('994e63c7-442d-4798-9864-eebe004336b3'), UUID('ff049cef-06d5-4e59-9095-0a8b83539ef9')]
2025-01-27 20:09:18,457 - ontorum.api - INFO - Using mock data
2025-01-27 20:09:18,457 - ontorum.api - INFO -   Universal: fc0a24df-f7dc-4909-9db8-bba98d325921
2025-01-27 20:09:18,458 - ontorum.example - INFO - Added dimension Temperature to universal Ice Cream Scoop
2025-01-27 20:09:18,457 - ontorum.api - INFO -     Dimensions: [UUID('ee9cf933-cb85-42cb-aa1f-5e8c2116c27b'), UUID('7895ac0b-90ff-459f-80be-3fe0595e0d67'), UUID('1c428de4-c92e-4003-a0a8-50a60064ca57')]
2025-01-27 20:09:18,458 - ontorum.api - INFO - Created mock scoop with ID: ebce00a5-eadf-4131-861e-0f0a89eb4727
2025-01-27 20:09:18,461 - ontorum.example - INFO - Creating sub-entities for Ice Cream Scoop #12
2025-01-27 20:09:18,463 - ontorum.example - INFO - Created new state: Aluminum for Material
2025-01-27 20:09:18,461 - ontorum.api - INFO - Mock data nodes:
2025-01-27 20:09:18,464 - ontorum.api - INFO -   NodeType.STATE - Clean (3fb97f8b-f7e8-4b35-92db-043424f41a08)
2025-01-27 20:09:18,464 - ontorum.api - INFO -   Dimensions: [UUID('6f057ed6-a4d6-4092-b4af-c7b7c409c202'), UUID('89aef6cf-27ba-46d6-a8c9-c9208b7bf234'), UUID('a55f7e38-bd65-416e-a0f7-1444840eae58')]
2025-01-27 20:09:18,475 - ontorum.api - INFO -   Dimensions: [UUID('46940425-83d3-4a7f-b7d1-d76ab34ef475'), UUID('eeb5cda0-1903-460f-9d44-b33818ae27c1'), UUID('64a1b9e5-bae4-4c24-82d2-1766d9bd03b5')]
2025-01-27 20:09:18,474 - ontorum.api - INFO - Starting mock data initialization
2025-01-27 20:09:18,478 - ontorum.example - INFO - Created new state: Cold for Temperature
2025-01-27 20:09:18,479 - ontorum.example - INFO - Creating new universal: Ice Cream Scoop
2025-01-27 20:09:18,478 - ontorum.api - INFO -   NodeType.PARTICULAR - Ice Cream Scoop #12 Bowl (75354fe0-6181-4ed2-a744-fd7ac26539bf)
2025-01-27 20:09:18,481 - ontorum.example - INFO - Found existing universal: Ice Cream Scoop
2025-01-27 20:09:18,481 - ontorum.example - INFO - Created new state: Plastic for Material
2025-01-27 20:09:18,481 - ontorum.api - INFO -   Sub-entities: []
2025-01-27 20:09:18,481 - ontorum.api - INFO -   NodeType.PARTICULAR - Ice Cream Scoop #12 (f51baf7f-9cf9-4dee-8dd2-962c3b95a960)
2025-01-27 20:09:18,481 - ontorum.api - INFO -   NodeType.STATE - Dirty (994e63c7-442d-4798-9864-eebe004336b3)
2025-01-27 20:09:18,484 - ontorum.api - INFO -   Sub-entities: [UUID('5ce03f30-368c-4d60-b7ad-748cee88fa5a'), UUID('c1aa5e84-1610-442f-967d-7cc9243bb9ef')]
2025-01-27 20:09:18,484 - ontorum.example - INFO - Initialized IceCreamScoopExpander
2025-01-27 20:09:18,485 - ontorum.example - INFO - Created new state: Room Temperature for Temperature
2025-01-27 20:09:18,485 - ontorum.api - INFO -     Universal: 1eb71122-cbe8-4567-be29-1c56f75703ca
2025-01-27 20:09:18,485 - ontorum.example - INFO - Created new dimension: Cleanliness
2025-01-27 20:09:18,486 - ontorum.api - INFO - API starting up
2025-01-27 20:09:18,486 - ontorum.example - INFO - Discovered dimensions for Ice Cream Scoop #12 Handle from universal
2025-01-27 20:09:18,487 - ontorum.api - INFO - Mock node: NodeType.PARTICULAR - Ice Cream Scoop #12 Bowl (6fe5bac6-b55a-40d0-8241-1c829af2ad4d)
2025-01-27 20:09:18,487 - ontorum.example - INFO - Added dimension Temperature to universal Ice Cream Scoop
2025-01-27 20:09:18,488 - ontorum.api - INFO -     Universal: 38243742-c29d-49c4-a937-39b1d8522ecc
2025-01-27 20:09:18,488 - ontorum.api - INFO -   NodeType.STATE - Sanitized (ff049cef-06d5-4e59-9095-0a8b83539ef9)
2025-01-27 20:09:18,489 - ontorum.api - INFO - API starting up
2025-01-27 20:09:18,490 - ontorum.api - INFO - Mock node: NodeType.UNIVERSAL - Ice Cream Scoop (fc0a24df-f7dc-4909-9db8-bba98d325921)
2025-01-27 20:09:18,491 - ontorum.api - INFO -     Dimensions: [UUID('ee9cf933-cb85-42cb-aa1f-5e8c2116c27b'), UUID('7895ac0b-90ff-459f-80be-3fe0595e0d67'), UUID('1c428de4-c92e-4003-a0a8-50a60064ca57')]
2025-01-27 20:09:18,491 - ontorum.api - INFO - Created mock scoop with ID: d243190a-1c17-4a78-b2d0-61ebb8b818a7
2025-01-27 20:09:18,491 - ontorum.example - INFO - Created new state: Hot for Temperature
2025-01-27 20:09:18,491 - ontorum.example - INFO - Created new dimension: Material
2025-01-27 20:09:18,493 - ontorum.api - INFO - Using mock data
2025-01-27 20:09:18,493 - ontorum.api - INFO -   Universal: 90a88e68-f077-433f-8b21-c0664f48ca0a
2025-01-27 20:09:18,493 - ontorum.example - INFO - Found existing universal: Ice Cream Scoop
2025-01-27 20:09:18,494 - ontorum.example - INFO - Created new state: Cold for Temperature
2025-01-27 20:09:18,495 - ontorum.api - INFO -     Dimensions: [UUID('5b077099-752f-4494-890a-ddb5d84f3e4c'), UUID('0d3e2056-2aa4-47b7-84fc-2429fa01a3fc'), UUID('0f5ca9d5-922a-4e9c-a967-e780f1025cb2')]
2025-01-27 20:09:18,495 - ontorum.api - INFO -   NodeType.DIMENSION - Material (e8c42c21-30fd-4e99-9a74-f17c19f09588)
2ecc)
2025-01-27 20:09:18,501 - ontorum.api - INFO -     Dimensions: [UUID('5b077099-752f-4494-890a-ddb5d84f3e4c'), UUID('0d3e2056-2aa4-47b7-84fc-2429fa01a3fc'), UUID('0f5ca9d5-922a-4e9c-a967-e780f1025cb2')]
2025-01-27 20:09:18,502 - ontorum.api - INFO -   NodeType.DIMENSION - Cleanliness (5b077099-752f-4494-890a-ddb5d84f3e4c)
2025-01-27 20:09:18,496 - ontorum.api - INFO - Mock node: NodeType.DIMENSION - Cleanliness (46940425-83d3-4a7f-b7d1-d76ab34ef475)
2025-01-27 20:09:18,503 - ontorum.api - INFO -     States: [UUID('72d970d3-4833-406e-bef1-f2f83b39cb65'), UUID('12b308f3-550e-479b-b5d7-934e15f1783d'), UUID('90e80e8f-4e62-4dd4-8e78-6f16c8d9cf16')]
2025-01-27 20:09:18,504 - ontorum.api - INFO -   NodeType.STATE - Clean (72d970d3-4833-406e-bef1-f2f83b39cb65)
2025-01-27 20:09:18,497 - ontorum.example - INFO - Creating new universal: Ice Cream Scoop
2025-01-27 20:09:18,497 - ontorum.example - INFO - Discovered dimensions for Ice Cream Scoop #12 from universal
2025-01-27 20:09:18,497 - ontorum.example - INFO - Created new dimension: Temperature
2025-01-27 20:09:18,498 - ontorum.api - INFO - Starting mock data initialization
2025-01-27 20:09:18,498 - ontorum.api - INFO -   Dimensions: [UUID('6f057ed6-a4d6-4092-b4af-c7b7c409c202'), UUID('89aef6cf-27ba-46d6-a8c9-c9208b7bf234'), UUID('a55f7e38-bd65-416e-a0f7-1444840eae58')]
2025-01-27 20:09:18,499 - ontorum.example - INFO - Discovered dimensions for Ice Cream Scoop #12 Bowl from universal
2025-01-27 20:09:18,500 - ontorum.example - INFO - Created new state: Room Temperature for Temperature
2025-01-27 20:09:18,502 - ontorum.api - INFO - Starting mock data initialization
c3-aed3-da169c4df24b'), UUID('1a600283-10bd-4507-86c7-a13a3b587838'), UUID('28ba21a9-1c3d-4f04-b4de-aeb18eea9f38')]
2025-01-27 20:09:18,503 - ontorum.api - INFO -   States: [UUID('c07a53b2-5391-4a08-b450-886dcb3b6d00'), UUID('ba822244-6725-4456-9ad9-d383ad35d76a'), UUID('d0006145-bd28-4481-b71b-1ae2c3aa53f0')]
2025-01-27 20:09:18,505 - ontorum.api - INFO -   NodeType.STATE - Dirty (12b308f3-550e-479b-b5d7-934e15f1783d)
2025-01-27 20:09:18,507 - ontorum.example - INFO - Created new dimension: Cleanliness
2025-01-27 20:09:18,508 - ontorum.example - INFO - Added dimension Cleanliness to universal Ice Cream Scoop
2025-01-27 20:09:18,508 - ontorum.example - INFO - Creating sub-entities for Ice Cream Scoop #12
2025-01-27 20:09:18,509 - ontorum.example - INFO - Initialized IceCreamScoopExpander
2025-01-27 20:09:18,510 - ontorum.api - INFO - Initialized mock data with 16 nodes
2025-01-27 20:09:18,510 - ontorum.example - INFO - Created new state: Hot for Temperature
2025-01-27 20:09:18,510 - ontorum.api - INFO -   NodeType.STATE - Stainless Steel (0eada483-6c96-4ec3-aed3-da169c4df24b)
2025-01-27 20:09:18,511 - ontorum.api - INFO -   NodeType.STATE - Sanitized (90e80e8f-4e62-4dd4-8e78-6f16c8d9cf16)
2025-01-27 20:09:18,510 - ontorum.example - INFO - Initialized IceCreamScoopExpander
2025-01-27 20:09:18,511 - ontorum.api - INFO - Mock node: NodeType.STATE - Clean (c07a53b2-5391-4a08-b450-886dcb3b6d00)
2025-01-27 20:09:18,511 - ontorum.example - INFO - Created new dimension: Material
2025-01-27 20:09:18,512 - ontorum.example - INFO - Created new state: Clean for Cleanliness
2025-01-27 20:09:18,513 - ontorum.api - INFO - Created mock scoop with ID: 5e24ba1f-d003-4626-97eb-17f899751678
2025-01-27 20:09:18,514 - ontorum.api - INFO - Mock node: NodeType.PARTICULAR - Ice Cream Scoop #12 (df271db0-f4d7-40bb-aa34-d2e46d0e0539)
2025-01-27 20:09:18,514 - ontorum.example - INFO - Found existing universal: Ice Cream Scoop
2025-01-27 20:09:18,514 - ontorum.api - INFO - Mock data initialization complete
2025-01-27 20:09:18,516 - ontorum.example - INFO - Discovered dimensions for Ice Cream Scoop #12 from universal
2025-01-27 20:09:18,519 - ontorum.api - INFO -   NodeType.DIMENSION - Material (0d3e2056-2aa4-47b7-84fc-2429fa01a3fc)
2025-01-27 20:09:18,518 - ontorum.api - INFO -   NodeType.STATE - Aluminum (1a600283-10bd-4507-86c7-a13a3b587838)
2025-01-27 20:09:18,521 - ontorum.api - INFO - Mock node: NodeType.STATE - Dirty (ba822244-6725-4456-9ad9-d383ad35d76a)
2025-01-27 20:09:18,520 - ontorum.api - INFO - Created mock scoop with ID: 0dfb2688-a59b-43f9-be16-9e3223655bd5
2025-01-27 20:09:18,521 - ontorum.example - INFO - Created new dimension: Temperature
2025-01-27 20:09:18,522 - ontorum.example - INFO - Created new state: Dirty for Cleanliness
2025-01-27 20:09:18,522 - ontorum.api - INFO -   Universal: 20ba4a66-13d8-4d68-8c0c-90cfb730a414
2025-01-27 20:09:18,522 - ontorum.example - INFO - Creating new universal: Ice Cream Scoop
2025-01-27 20:09:18,522 - ontorum.example - INFO - Discovered dimensions for Ice Cream Scoop #12 Handle from universal
2025-01-27 20:09:18,523 - ontorum.api - INFO - Mock data initialized with 16 nodes
2025-01-27 20:09:18,523 - ontorum.example - INFO - Creating sub-entities for Ice Cream Scoop #12
2025-01-27 20:09:18,523 - ontorum.api - INFO -     States: [UUID('bf49def5-d6ae-4fad-8b88-5bbdfc81e027'), UUID('28e0e9a8-09ec-4fa1-ba7e-47264fcd055e'), UUID('a7bd9669-bfa8-4917-8403-c054d34d263f')]
2025-01-27 20:09:18,523 - ontorum.api - INFO -   NodeType.STATE - Plastic (28ba21a9-1c3d-4f04-b4de-aeb18eea9f38)
2025-01-27 20:09:18,524 - ontorum.api - INFO - Mock node: NodeType.STATE - Sanitized (d0006145-bd28-4481-b71b-1ae2c3aa53f0)
2025-01-27 20:09:18,525 - ontorum.example - INFO - Added dimension Cleanliness to universal Ice Cream Scoop
2025-01-27 20:09:18,525 - ontorum.example - INFO - Creating new universal: Ice Cream Scoop
2025-01-27 20:09:18,526 - ontorum.example - INFO - Created new state: Sanitized for Cleanliness
2025-01-27 20:09:18,526 - ontorum.api - INFO -   Dimensions: [UUID('9669249d-a7a7-4ea0-a3cf-3db53b4efdab'), UUID('05cad3c1-2c9a-42c1-86e2-02e2472f1b8c'), UUID('eee81618-be8c-441d-a499-08552f995ee4')]
2025-01-27 20:09:18,526 - ontorum.example - INFO - Created new dimension: Cleanliness
2025-01-27 20:09:18,527 - ontorum.example - INFO - Found existing universal: Ice Cream Scoop
2025-01-27 20:09:18,527 - ontorum.api - INFO -   NodeType.STATE - Stainless Steel (bf49def5-d6ae-4fad-8b88-5bbdfc81e027)
2025-01-27 20:09:18,527 - ontorum.api - INFO - Mock data nodes:
2025-01-27 20:09:18,527 - ontorum.example - INFO - Found existing universal: Ice Cream Scoop
2025-01-27 20:09:18,528 - ontorum.api - INFO - Mock node: NodeType.DIMENSION - Material (eeb5cda0-1903-460f-9d44-b33818ae27c1)
2025-01-27 20:09:18,528 - ontorum.api - INFO -   NodeType.DIMENSION - Temperature (1a16c960-3247-43c5-9fc0-85d146c3c2be)
2025-01-27 20:09:18,532 - ontorum.example - INFO - Created new state: Clean for Cleanliness
2025-01-27 20:09:18,532 - ontorum.example - INFO - Created new dimension: Cleanliness
2025-01-27 20:09:18,533 - ontorum.example - INFO - Added dimension Material to universal Ice Cream Scoop
2025-01-27 20:09:18,533 - ontorum.api - INFO -   Sub-entities: [UUID('1ca5b51f-1c27-48ba-87b4-c6ddf7dfcec8'), UUID('77b53da6-e0d5-4b00-b011-8babcf2ba4be')]
2025-01-27 20:09:18,533 - ontorum.example - INFO - Created new dimension: Material
2025-01-27 20:09:18,534 - ontorum.api - INFO -   NodeType.STATE - Aluminum (28e0e9a8-09ec-4fa1-ba7e-47264fcd055e)
2025-01-27 20:09:18,534 - ontorum.example - INFO - Discovered dimensions for Ice Cream Scoop #12 Bowl from universal
2025-01-27 20:09:18,534 - ontorum.api - INFO -   NodeType.PARTICULAR - Ice Cream Scoop #12 (2d780525-5cf5-47e8-889e-c21af3e7175a)
2025-01-27 20:09:18,534 - ontorum.example - INFO - Discovered dimensions for Ice Cream Scoop #12 Handle from universal
2025-01-27 20:09:18,535 - ontorum.api - INFO -     States: [UUID('dc77110e-3e90-48a9-a7f3-271bf245ce85'), UUID('0c4bfd2c-f78d-48fc-9fea-9173f2547bf0'), UUID('c1c94a8b-82ac-453f-b768-507551232faa')]
2025-01-27 20:09:18,535 - ontorum.api - INFO -   States: [UUID('0a88f449-1b26-4764-b33d-76273f2ed0f9'), UUID('38d76b9e-865a-4092-b072-6d9122cd905d'), UUID('9190586d-2948-4a24-9435-00c32bbb7bde')]
2025-01-27 20:09:18,536 - ontorum.example - INFO - Created new dimension: Material
2025-01-27 20:09:18,536 - ontorum.example - INFO - Created new state: Dirty for Cleanliness
2025-01-27 20:09:18,538 - ontorum.example - INFO - Created new state: Stainless Steel for Material
2025-01-27 20:09:18,538 - ontorum.api - INFO - Mock node: NodeType.UNIVERSAL - Ice Cream Scoop (20ba4a66-13d8-4d68-8c0c-90cfb730a414)
2025-01-27 20:09:18,538 - ontorum.example - INFO - Created new dimension: Temperature
2025-01-27 20:09:18,539 - ontorum.api - INFO - Initialized mock data with 16 nodes
2025-01-27 20:09:18,539 - ontorum.api - INFO -     Universal: 90a88e68-f077-433f-8b21-c0664f48ca0a
2025-01-27 20:09:18,541 - ontorum.example - INFO - Found existing universal: Ice Cream Scoop
8403-c054d34d263f)
2025-01-27 20:09:18,541 - ontorum.api - INFO -   NodeType.STATE - Cold (dc77110e-3e90-48a9-a7f3-271bf245ce85)
2025-01-27 20:09:18,543 - ontorum.example - INFO - Created new dimension: Temperature
2025-01-27 20:09:18,542 - ontorum.api - INFO - Mock node: NodeType.STATE - Stainless Steel (0a88f449-1b26-4764-b33d-76273f2ed0f9)
2025-01-27 20:09:18,543 - ontorum.example - INFO - Created new state: Sanitized for Cleanliness
2025-01-27 20:09:18,544 - ontorum.example - INFO - Created new state: Aluminum for Material
2025-01-27 20:09:18,544 - ontorum.example - INFO - Added dimension Cleanliness to universal Ice Cream Scoop
2025-01-27 20:09:18,544 - ontorum.api - INFO - Mock node: NodeType.DIMENSION - Cleanliness (9669249d-a7a7-4ea0-a3cf-3db53b4efdab)
2025-01-27 20:09:18,545 - ontorum.api - INFO - Mock node: NodeType.PARTICULAR - Ice Cream Scoop #12 (c4cae23d-2052-451f-a2dd-92d267fc6102)
2025-01-27 20:09:18,546 - ontorum.api - INFO -     Dimensions: [UUID('6f057ed6-a4d6-4092-b4af-c7b7c409c202'), UUID('89aef6cf-27ba-46d6-a8c9-c9208b7bf234'), UUID('a55f7e38-bd65-416e-a0f7-1444840eae58')]
2025-01-27 20:09:18,547 - ontorum.example - INFO - Discovered dimensions for Ice Cream Scoop #12 Bowl from universal
2025-01-27 20:09:18,548 - ontorum.api - INFO -   NodeType.STATE - Room Temperature (0c4bfd2c-f78d-48fc-9fea-9173f2547bf0)
2025-01-27 20:09:18,548 - ontorum.api - INFO -   NodeType.DIMENSION - Temperature (0f5ca9d5-922a-4e9c-a967-e780f1025cb2)
2025-01-27 20:09:18,549 - ontorum.example - INFO - Added dimension Cleanliness to universal Ice Cream Scoop
2025-01-27 20:09:18,549 - ontorum.api - INFO - Mock node: NodeType.STATE - Aluminum (38d76b9e-865a-4092-b072-6d9122cd905d)
2025-01-27 20:09:18,550 - ontorum.example - INFO - Added dimension Material to universal Ice Cream Scoop
2025-01-27 20:09:18,550 - ontorum.example - INFO - Created new state: Plastic for Material
2025-01-27 20:09:18,551 - ontorum.api - INFO -   States: [UUID('3cdbeea9-cb0d-4e5d-b672-d5d6b39f328d'), UUID('8f386ad2-51ca-4995-ae74-7066686379ea'), UUID('cb7d8e7f-610c-477f-a682-a284b8ac0c6b')]
2025-01-27 20:09:18,552 - ontorum.example - INFO - Created new state: Clean for Cleanliness
2025-01-27 20:09:18,552 - ontorum.api - INFO -   Universal: ce9e531a-3aef-4b10-8653-db7dec52d522
2025-01-27 20:09:18,553 - ontorum.api - INFO - Initialized mock data with 16 nodes
2025-01-27 20:09:18,553 - ontorum.api - INFO -   NodeType.UNIVERSAL - Ice Cream Scoop (90a88e68-f077-433f-8b21-c0664f48ca0a)
2025-01-27 20:09:18,554 - ontorum.api - INFO -   NodeType.STATE - Hot (c1c94a8b-82ac-453f-b768-507551232faa)
2025-01-27 20:09:18,554 - ontorum.api - INFO - Mock node: NodeType.STATE - Plastic (9190586d-2948-4a24-9435-00c32bbb7bde)
2025-01-27 20:09:18,554 - ontorum.api - INFO -     States: [UUID('26594459-f30a-41de-bd2a-07089e679d56'), UUID('d3cb4cd9-f40d-4b09-be89-86f146321bcf'), UUID('d4cfb4e6-d7af-4d14-a76c-5e08c0da8a29')]
2025-01-27 20:09:18,555 - ontorum.example - INFO - Added dimension Temperature to universal Ice Cream Scoop
2025-01-27 20:09:18,556 - ontorum.api - INFO - Mock node: NodeType.STATE - Clean (3cdbeea9-cb0d-4e5d-b672-d5d6b39f328d)
2025-01-27 20:09:18,555 - ontorum.example - INFO - Created new state: Stainless Steel for Material
2025-01-27 20:09:18,559 - ontorum.api - INFO -   NodeType.STATE - Cold (26594459-f30a-41de-bd2a-07089e679d56)
2025-01-27 20:09:18,556 - ontorum.example - INFO - Created new state: Dirty for Cleanliness
f40d-4b09-be89-86f146321bcf)
2025-01-27 20:09:18,560 - ontorum.api - INFO -   NodeType.STATE - Hot (d4cfb4e6-d7af-4d14-a76c-5e08c0da8a29)
2025-01-27 20:09:18,561 - ontorum.example - INFO - Created new state: Sanitized for Cleanliness
2025-01-27 20:09:18,561 - ontorum.example - INFO - Added dimension Material to universal Ice Cream Scoop
2025-01-27 20:09:18,556 - ontorum.api - INFO -   Dimensions: [UUID('80bf1781-7910-48f0-870d-23351149f9e2'), UUID('2e5f1f2f-ac85-410d-acc1-19307c32c3cb'), UUID('53abeb4b-d127-4f80-8364-3caa32df1f43')]
2025-01-27 20:09:18,561 - ontorum.api - INFO -   NodeType.PARTICULAR - Ice Cream Scoop #12 Handle (c173363a-3858-47f0-8378-c4f23c0c5e02)
2025-01-27 20:09:18,562 - ontorum.example - INFO - Created new state: Stainless Steel for Material
2025-01-27 20:09:18,556 - ontorum.api - INFO - Mock node: NodeType.PARTICULAR - Ice Cream Scoop #12 (add064ce-02ac-4c42-9664-a448650350d5)
2025-01-27 20:09:18,562 - ontorum.api - INFO -     Universal: 38243742-c29d-49c4-a937-39b1d8522ecc
2025-01-27 20:09:18,557 - ontorum.api - INFO -     Dimensions: [UUID('6f057ed6-a4d6-4092-b4af-c7b7c409c202'), UUID('89aef6cf-27ba-46d6-a8c9-c9208b7bf234'), UUID('a55f7e38-bd65-416e-a0f7-1444840eae58')]
2025-01-27 20:09:18,558 - ontorum.api - INFO -   NodeType.PARTICULAR - Ice Cream Scoop #12 Handle (67bfa1e0-cb9f-4ef1-adc3-bc53f32623d1)
2025-01-27 20:09:18,563 - ontorum.api - INFO -     Dimensions: [UUID('5b077099-752f-4494-890a-ddb5d84f3e4c'), UUID('0d3e2056-2aa4-47b7-84fc-2429fa01a3fc'), UUID('0f5ca9d5-922a-4e9c-a967-e780f1025cb2')]
2025-01-27 20:09:18,558 - ontorum.api - INFO - Mock node: NodeType.DIMENSION - Temperature (64a1b9e5-bae4-4c24-82d2-1766d9bd03b5)
2025-01-27 20:09:18,564 - ontorum.api - INFO -   NodeType.PARTICULAR - Ice Cream Scoop #12 Bowl (bfaa9539-f1e6-4c06-a6d8-e5dc741c3df2)
2025-01-27 20:09:18,565 - ontorum.api - INFO -     Universal: 38243742-c29d-49c4-a937-39b1d8522ecc
2025-01-27 20:09:18,559 - ontorum.example - INFO - Created new state: Cold for Temperature
2025-01-27 20:09:18,565 - ontorum.api - INFO -     Dimensions: [UUID('5b077099-752f-4494-890a-ddb5d84f3e4c'), UUID('0d3e2056-2aa4-47b7-84fc-2429fa01a3fc'), UUID('0f5ca9d5-922a-4e9c-a967-e780f1025cb2')]
2025-01-27 20:09:18,559 - ontorum.example - INFO - Created new state: Dirty for Cleanliness
2025-01-27 20:09:18,559 - ontorum.api - INFO - Mock node: NodeType.STATE - Dirty (8f386ad2-51ca-4995-ae74-7066686379ea)
2025-01-27 20:09:18,562 - ontorum.api - INFO -   Sub-entities: [UUID('16f05c10-6602-4dea-8b3e-fe2752b8033f'), UUID('f3d1f048-0c0c-4ed7-a63c-278efa8308ac')]
2025-01-27 20:09:18,562 - ontorum.example - INFO - Created new state: Aluminum for Material
2025-01-27 20:09:18,563 - ontorum.api - INFO -   Universal: a4a8c651-0cd2-4ef3-bb05-ce0c428f01cc
2025-01-27 20:09:18,564 - ontorum.api - INFO -     Universal: 0539defa-144b-4820-b949-7e13262db289
2025-01-27 20:09:18,564 - ontorum.api - INFO -   NodeType.DIMENSION - Cleanliness (6f057ed6-a4d6-4092-b4af-c7b7c409c202)
2025-01-27 20:09:18,565 - ontorum.api - INFO -   States: [UUID('9ae787f0-bce2-4c6a-9047-928684bef945'), UUID('594a51d4-7215-4aa3-a6b0-c18de956c6bd'), UUID('446295b2-1a3f-4dae-b019-330b9d269465')]
2025-01-27 20:09:18,566 - ontorum.example - INFO - Created new state: Room Temperature for Temperature
2025-01-27 20:09:18,567 - ontorum.example - INFO - Created new state: Sanitized for Cleanliness
2025-01-27 20:09:18,569 - ontorum.api - INFO - Mock node: NodeType.STATE - Sanitized (cb7d8e7f-610c-477f-a682-a284b8ac0c6b)
2025-01-27 20:09:18,569 - ontorum.example - INFO - Created new state: Plastic for Material
2025-01-27 20:09:18,570 - ontorum.api - INFO - Mock node: NodeType.UNIVERSAL - Ice Cream Scoop (ce9e531a-3aef-4b10-8653-db7dec52d522)
2025-01-27 20:09:18,571 - ontorum.example - INFO - Created new state: Plastic for Material
2025-01-27 20:09:18,573 - ontorum.api - INFO -   Dimensions: [UUID('632583b8-14a0-4cb7-847b-e5ea9a4becb9'), UUID('00d57c4b-77ba-4e4e-9e63-fa315a055948'), UUID('25277cf5-7b8a-4366-b90d-862724921df1')]
2025-01-27 20:09:18,573 - ontorum.api - INFO -     States: [UUID('e52d550f-8504-4a11-a1e6-f439baa7fd0f'), UUID('34d8220f-742f-4c7b-9528-388c5fe45ad1'), UUID('98f52621-f5b6-418c-9519-52c73f4ff480')]
2025-01-27 20:09:18,574 - ontorum.api - INFO - Mock node: NodeType.STATE - Cold (9ae787f0-bce2-4c6a-9047-928684bef945)
2025-01-27 20:09:18,574 - ontorum.api - INFO -     Dimensions: [UUID('a94e00ba-11e3-435b-9047-d421051e2296'), UUID('e8c42c21-30fd-4e99-9a74-f17c19f09588'), UUID('1a16c960-3247-43c5-9fc0-85d146c3c2be')]
2025-01-27 20:09:18,576 - ontorum.example - INFO - Created new state: Hot for Temperature
2025-01-27 20:09:18,577 - ontorum.example - INFO - Added dimension Material to universal Ice Cream Scoop
2025-01-27 20:09:18,578 - ontorum.api - INFO - Mock node: NodeType.DIMENSION - Material (05cad3c1-2c9a-42c1-86e2-02e2472f1b8c)
2025-01-27 20:09:18,578 - ontorum.example - INFO - Added dimension Temperature to universal Ice Cream Scoop
2025-01-27 20:09:18,578 - ontorum.api - INFO - Mock node: NodeType.DIMENSION - Cleanliness (80bf1781-7910-48f0-870d-23351149f9e2)
2025-01-27 20:09:18,580 - ontorum.example - INFO - Added dimension Temperature to universal Ice Cream Scoop
2025-01-27 20:09:18,581 - ontorum.api - INFO -   Sub-entities: [UUID('ce629042-d9c8-40ce-be50-7b3c11d4b7e3'), UUID('d19f803c-841e-4fff-9c94-4e1ccc416b41')]
2025-01-27 20:09:18,581 - ontorum.api - INFO -   NodeType.STATE - Clean (e52d550f-8504-4a11-a1e6-f439baa7fd0f)
2025-01-27 20:09:18,583 - ontorum.api - INFO - Mock node: NodeType.STATE - Room Temperature (594a51d4-7215-4aa3-a6b0-c18de956c6bd)
2025-01-27 20:09:18,584 - ontorum.api - INFO -   NodeType.PARTICULAR - Ice Cream Scoop #12 Bowl (44685c02-b2cc-4961-8efb-c33eb91bcd5d)
2025-01-27 20:09:18,586 - ontorum.example - INFO - Discovered dimensions for Ice Cream Scoop #12 from universal
2025-01-27 20:09:18,586 - ontorum.example - INFO - Created new state: Stainless Steel for Material
2025-01-27 20:09:18,588 - ontorum.api - INFO -   States: [UUID('44a82e7f-295a-4fa8-8242-23ce1c356e41'), UUID('832fc4f3-def8-4fa9-affd-0a5a2592b3e2'), UUID('ff3dc416-c4e3-4122-8f3e-502b9740c8d5')]
2025-01-27 20:09:18,589 - ontorum.api - INFO -   States: [UUID('44f11e8f-c9b4-4592-9bb4-c92914a9f2a8'), UUID('992e75fb-542a-4cb3-9b04-b3b663aa47bf'), UUID('7f71b192-e1c6-40c5-a49f-a6778c270c01')]
2025-01-27 20:09:18,589 - ontorum.example - INFO - Created new state: Cold for Temperature
2025-01-27 20:09:18,590 - ontorum.api - INFO - Mock node: NodeType.UNIVERSAL - Ice Cream Scoop (a4a8c651-0cd2-4ef3-bb05-ce0c428f01cc)
2025-01-27 20:09:18,590 - ontorum.api - INFO -   NodeType.STATE - Dirty (34d8220f-742f-4c7b-9528-388c5fe45ad1)
2025-01-27 20:09:18,592 - ontorum.api - INFO -     Universal: 0539defa-144b-4820-b949-7e13262db289
2025-01-27 20:09:18,595 - ontorum.example - INFO - Creating sub-entities for Ice Cream Scoop #12
2025-01-27 20:09:18,590 - ontorum.api - INFO - Mock node: NodeType.STATE - Hot (446295b2-1a3f-4dae-b019-330b9d269465)
2025-01-27 20:09:18,600 - ontorum.example - INFO - Created new state: Aluminum for Material
2025-01-27 20:09:18,601 - ontorum.example - INFO - Created new state: Room Temperature for Temperature
2025-01-27 20:09:18,601 - ontorum.api - INFO - Mock node: NodeType.STATE - Stainless Steel (44a82e7f-295a-4fa8-8242-23ce1c356e41)
2025-01-27 20:09:18,603 - ontorum.api - INFO - Mock node: NodeType.STATE - Clean (44f11e8f-c9b4-4592-9bb4-c92914a9f2a8)
2025-01-27 20:09:18,604 - ontorum.example - INFO - Created new state: Room Temperature for Temperature
2025-01-27 20:09:18,604 - ontorum.api - INFO - Mock node: NodeType.DIMENSION - Cleanliness (632583b8-14a0-4cb7-847b-e5ea9a4becb9)
2025-01-27 20:09:18,604 - ontorum.api - INFO -   NodeType.STATE - Sanitized (98f52621-f5b6-418c-9519-52c73f4ff480)
2025-01-27 20:09:18,605 - ontorum.api - INFO -     Dimensions: [UUID('a94e00ba-11e3-435b-9047-d421051e2296'), UUID('e8c42c21-30fd-4e99-9a74-f17c19f09588'), UUID('1a16c960-3247-43c5-9fc0-85d146c3c2be')]
2025-01-27 20:09:18,605 - ontorum.example - INFO - Created new state: Plastic for Material
2025-01-27 20:09:18,605 - ontorum.api - INFO - Mock node: NodeType.PARTICULAR - Ice Cream Scoop #12 Handle (5ce03f30-368c-4d60-b7ad-748cee88fa5a)
2025-01-27 20:09:18,606 - ontorum.example - INFO - Found existing universal: Ice Cream Scoop
2025-01-27 20:09:18,607 - ontorum.example - INFO - Created new state: Hot for Temperature
2025-01-27 20:09:18,608 - ontorum.api - INFO - Mock node: NodeType.STATE - Aluminum (832fc4f3-def8-4fa9-affd-0a5a2592b3e2)
2025-01-27 20:09:18,608 - ontorum.api - INFO - Mock node: NodeType.STATE - Dirty (992e75fb-542a-4cb3-9b04-b3b663aa47bf)
2025-01-27 20:09:18,610 - ontorum.example - INFO - Created new state: Hot for Temperature
2025-01-27 20:09:18,610 - ontorum.api - INFO -   States: [UUID('8f67f8a0-43c0-4a45-9903-f7c90fbaae1d'), UUID('86665615-721c-4cb8-93fc-09bafbcc452f'), UUID('30a5fad7-bef0-473f-a5ad-dec1ed2eb8c0')]
2025-01-27 20:09:18,612 - ontorum.api - INFO -   NodeType.DIMENSION - Material (89aef6cf-27ba-46d6-a8c9-c9208b7bf234)
2025-01-27 20:09:18,613 - ontorum.example - INFO - Added dimension Temperature to universal Ice Cream Scoop
2025-01-27 20:09:18,614 - ontorum.api - INFO -   Universal: fc0a24df-f7dc-4909-9db8-bba98d325921
2025-01-27 20:09:18,615 - ontorum.example - INFO - Discovered dimensions for Ice Cream Scoop #12 from universal
2025-01-27 20:09:18,618 - ontorum.example - INFO - Discovered dimensions for Ice Cream Scoop #12 Handle from universal
2025-01-27 20:09:18,618 - ontorum.api - INFO - Mock node: NodeType.STATE - Plastic (ff3dc416-c4e3-4122-8f3e-502b9740c8d5)
2025-01-27 20:09:18,619 - ontorum.api - INFO - Mock node: NodeType.STATE - Sanitized (7f71b192-e1c6-40c5-a49f-a6778c270c01)
2025-01-27 20:09:18,619 - ontorum.example - INFO - Discovered dimensions for Ice Cream Scoop #12 from universal
2025-01-27 20:09:18,621 - ontorum.api - INFO - Mock node: NodeType.STATE - Clean (8f67f8a0-43c0-4a45-9903-f7c90fbaae1d)
2025-01-27 20:09:18,624 - ontorum.api - INFO -     States: [UUID('a6619e4f-9404-4306-834e-8a318f28ed3a'), UUID('7f6a8094-ecde-4823-b038-fb287d4850bf'), UUID('788f0acf-a99a-4b84-9f76-d57292d2e81d')]
2025-01-27 20:09:18,625 - ontorum.example - INFO - Created new state: Cold for Temperature
2025-01-27 20:09:18,626 - ontorum.example - INFO - Creating sub-entities for Ice Cream Scoop #12
2025-01-27 20:09:18,625 - ontorum.api - INFO -   Dimensions: [UUID('46940425-83d3-4a7f-b7d1-d76ab34ef475'), UUID('eeb5cda0-1903-460f-9d44-b33818ae27c1'), UUID('64a1b9e5-bae4-4c24-82d2-1766d9bd03b5')]
2025-01-27 20:09:18,628 - ontorum.api - INFO - Mock node: NodeType.DIMENSION - Temperature (eee81618-be8c-441d-a499-08552f995ee4)
2025-01-27 20:09:18,628 - ontorum.example - INFO - Found existing universal: Ice Cream Scoop
2025-01-27 20:09:18,629 - ontorum.api - INFO - Mock node: NodeType.DIMENSION - Material (2e5f1f2f-ac85-410d-acc1-19307c32c3cb)
2025-01-27 20:09:18,630 - ontorum.example - INFO - Creating sub-entities for Ice Cream Scoop #12
2025-01-27 20:09:18,630 - ontorum.api - INFO - Mock node: NodeType.STATE - Dirty (86665615-721c-4cb8-93fc-09bafbcc452f)
2025-01-27 20:09:18,631 - ontorum.api - INFO -   NodeType.STATE - Stainless Steel (a6619e4f-9404-4306-834e-8a318f28ed3a)
2025-01-27 20:09:18,633 - ontorum.example - INFO - Created new state: Room Temperature for Temperature
2025-01-27 20:09:18,634 - ontorum.example - INFO - Found existing universal: Ice Cream Scoop
2025-01-27 20:09:18,634 - ontorum.api - INFO -   Sub-entities: []
2025-01-27 20:09:18,635 - ontorum.api - INFO -   States: [UUID('8e769ccf-32da-4fce-9dda-59571a0dbd37'), UUID('f60f8f02-bd62-4f00-abb4-2e0bfe4ea6c1'), UUID('e4b2bf9b-554c-4c21-acd9-0a580b0340f0')]
2025-01-27 20:09:18,635 - ontorum.example - INFO - Discovered dimensions for Ice Cream Scoop #12 Bowl from universal
2025-01-27 20:09:18,636 - ontorum.example - INFO - Found existing universal: Ice Cream Scoop
2025-01-27 20:09:18,636 - ontorum.api - INFO -   States: [UUID('bc9bf46f-cf92-4f2e-bbb5-b5cb04d535a8'), UUID('35094b9c-1518-4d8d-8425-b19e466091e6'), UUID('73489e04-1aeb-491f-99e5-35fb00c905aa')]
2025-01-27 20:09:18,637 - ontorum.api - INFO -   NodeType.STATE - Aluminum (7f6a8094-ecde-4823-b038-fb287d4850bf)
2025-01-27 20:09:18,639 - ontorum.example - INFO - Discovered dimensions for Ice Cream Scoop #12 Handle from universal
2025-01-27 20:09:18,639 - ontorum.example - INFO - Created new state: Hot for Temperature
2025-01-27 20:09:18,640 - ontorum.api - INFO - Mock node: NodeType.PARTICULAR - Ice Cream Scoop #12 Bowl (c1aa5e84-1610-442f-967d-7cc9243bb9ef)
2025-01-27 20:09:18,641 - ontorum.api - INFO - Mock node: NodeType.STATE - Cold (8e769ccf-32da-4fce-9dda-59571a0dbd37)
2025-01-27 20:09:18,642 - ontorum.api - INFO - Initialized mock data with 16 nodes
2025-01-27 20:09:18,644 - ontorum.example - INFO - Discovered dimensions for Ice Cream Scoop #12 Handle from universal
2025-01-27 20:09:18,636 - ontorum.api - INFO - Mock node: NodeType.STATE - Sanitized (30a5fad7-bef0-473f-a5ad-dec1ed2eb8c0)
2025-01-27 20:09:18,644 - ontorum.api - INFO - Mock node: NodeType.STATE - Stainless Steel (bc9bf46f-cf92-4f2e-bbb5-b5cb04d535a8)
2025-01-27 20:09:18,646 - ontorum.api - INFO -   NodeType.STATE - Plastic (788f0acf-a99a-4b84-9f76-d57292d2e81d)
2025-01-27 20:09:18,647 - ontorum.example - INFO - Found existing universal: Ice Cream Scoop
2025-01-27 20:09:18,647 - ontorum.api - INFO -   Universal: fc0a24df-f7dc-4909-9db8-bba98d325921
2025-01-27 20:09:18,647 - ontorum.example - INFO - Discovered dimensions for Ice Cream Scoop #12 from universal
2025-01-27 20:09:18,649 - ontorum.api - INFO - Mock node: NodeType.STATE - Room Temperature (f60f8f02-bd62-4f00-abb4-2e0bfe4ea6c1)
2025-01-27 20:09:18,651 - ontorum.example - INFO - Found existing universal: Ice Cream Scoop
2025-01-27 20:09:18,650 - ontorum.api - INFO - Mock node: NodeType.PARTICULAR - Ice Cream Scoop #12 (ebce00a5-eadf-4131-861e-0f0a89eb4727)
2025-01-27 20:09:18,651 - ontorum.api - INFO - Mock node: NodeType.DIMENSION - Material (00d57c4b-77ba-4e4e-9e63-fa315a055948)
2025-01-27 20:09:18,652 - ontorum.api - INFO - Mock node: NodeType.STATE - Aluminum (35094b9c-1518-4d8d-8425-b19e466091e6)
2025-01-27 20:09:18,647 - ontorum.api - WARNING - Failed to connect to database: Using mock data for development. Using mock data.
2025-01-27 20:09:18,653 - ontorum.api - INFO -   NodeType.DIMENSION - Temperature (a55f7e38-bd65-416e-a0f7-1444840eae58)
2025-01-27 20:09:18,655 - ontorum.example - INFO - Discovered dimensions for Ice Cream Scoop #12 Bowl from universal
2025-01-27 20:09:18,656 - ontorum.api - INFO -   Dimensions: [UUID('46940425-83d3-4a7f-b7d1-d76ab34ef475'), UUID('eeb5cda0-1903-460f-9d44-b33818ae27c1'), UUID('64a1b9e5-bae4-4c24-82d2-1766d9bd03b5')]
2025-01-27 20:09:18,657 - ontorum.example - INFO - Creating sub-entities for Ice Cream Scoop #12
2025-01-27 20:09:18,657 - ontorum.example - INFO - Discovered dimensions for Ice Cream Scoop #12 Bowl from universal
2025-01-27 20:09:18,657 - ontorum.api - INFO - Mock node: NodeType.STATE - Hot (e4b2bf9b-554c-4c21-acd9-0a580b0340f0)
2025-01-27 20:09:18,660 - ontorum.api - INFO -   Universal: 591cb595-ab9b-4720-9813-469741bfc639
2025-01-27 20:09:18,661 - ontorum.api - INFO -   States: [UUID('cb333fc2-66b1-4ad7-988b-20209fb729a1'), UUID('87d1b43a-5fc9-4bf3-a50e-407517c9d161'), UUID('5005b36a-130e-4ba0-b941-5970a9e2acf9')]
2025-01-27 20:09:18,661 - ontorum.api - INFO - Mock node: NodeType.STATE - Plastic (73489e04-1aeb-491f-99e5-35fb00c905aa)
2025-01-27 20:09:18,662 - ontorum.api - INFO -     States: [UUID('daaa1e8e-e1c4-4f5d-8f98-d9a003a9b385'), UUID('55b59b86-1bd0-42c9-ab6e-a5794b2c8fe6'), UUID('d62ea3e7-2332-4fdd-8285-f9c7f7bbcad8')]
2025-01-27 20:09:18,663 - ontorum.api - INFO -   Sub-entities: []
2025-01-27 20:09:18,663 - ontorum.api - INFO - Initialized mock data with 16 nodes
2025-01-27 20:09:18,664 - ontorum.example - INFO - Found existing universal: Ice Cream Scoop
2025-01-27 20:09:18,664 - ontorum.api - INFO - Initialized mock data with 16 nodes
2025-01-27 20:09:18,664 - ontorum.api - INFO - Mock node: NodeType.PARTICULAR - Ice Cream Scoop #12 Handle (1ca5b51f-1c27-48ba-87b4-c6ddf7dfcec8)
2025-01-27 20:09:18,665 - ontorum.api - INFO -   Dimensions: [UUID('0152de36-7a95-4c88-99c3-5ae553d0815e'), UUID('e2602240-c68c-4465-bcff-1dc99951f510'), UUID('a02b85e7-4390-4462-8a01-abb05791f6f1')]
2025-01-27 20:09:18,666 - ontorum.api - INFO - Mock node: NodeType.STATE - Stainless Steel (cb333fc2-66b1-4ad7-988b-20209fb729a1)
2025-01-27 20:09:18,666 - ontorum.api - INFO - Mock node: NodeType.DIMENSION - Temperature (53abeb4b-d127-4f80-8364-3caa32df1f43)
2025-01-27 20:09:18,667 - ontorum.api - INFO -   NodeType.STATE - Cold (daaa1e8e-e1c4-4f5d-8f98-d9a003a9b385)
2025-01-27 20:09:18,668 - ontorum.api - INFO - Mock node: NodeType.PARTICULAR - Ice Cream Scoop #12 (d243190a-1c17-4a78-b2d0-61ebb8b818a7)
2025-01-27 20:09:18,668 - ontorum.api - INFO - Mock data initialization complete
2025-01-27 20:09:18,669 - ontorum.example - INFO - Discovered dimensions for Ice Cream Scoop #12 Handle from universal
2025-01-27 20:09:18,671 - ontorum.api - INFO - Mock node: NodeType.PARTICULAR - Ice Cream Scoop #12 (5e24ba1f-d003-4626-97eb-17f899751678)
2025-01-27 20:09:18,671 - ontorum.api - INFO -   Universal: 20ba4a66-13d8-4d68-8c0c-90cfb730a414
2025-01-27 20:09:18,674 - ontorum.api - INFO - Mock node: NodeType.STATE - Aluminum (87d1b43a-5fc9-4bf3-a50e-407517c9d161)
-98d6-4686-a26a-63193532ee78')]
2025-01-27 20:09:18,675 - ontorum.api - INFO -   States: [UUID('f7e42d2f-7664-41aa-9db9-135e914609c9'), UUID('36b00d94-d848-4454-af7d-62c53041aea7'), UUID('f8b7ab99-53b0-4bf8-aab5-bc5084df5635')]
2025-01-27 20:09:18,681 - ontorum.api - INFO - Mock node: NodeType.STATE - Cold (f7e42d2f-7664-41aa-9db9-135e914609c9)
2025-01-27 20:09:18,681 - ontorum.api - INFO - Mock node: NodeType.DIMENSION - Temperature (25277cf5-7b8a-4366-b90d-862724921df1)
2025-01-27 20:09:18,677 - ontorum.api - INFO -   Universal: de7fc09b-108f-4789-8e73-556bd8921b6c
2025-01-27 20:09:18,682 - ontorum.api - INFO - Mock node: NodeType.STATE - Room Temperature (36b00d94-d848-4454-af7d-62c53041aea7)
2025-01-27 20:09:18,682 - ontorum.api - INFO -   States: [UUID('161522b7-e3f7-45cd-95b6-f9e323fae1be'), UUID('1a614a92-cde3-4c36-a1f6-d86fbd1876d1'), UUID('d97dc799-b59e-4671-8a4c-b289761a29bd')]
2025-01-27 20:09:18,683 - ontorum.api - INFO - Mock node: NodeType.STATE - Hot (f8b7ab99-53b0-4bf8-aab5-bc5084df5635)
2025-01-27 20:09:18,676 - ontorum.api - INFO -   NodeType.STATE - Room Temperature (55b59b86-1bd0-42c9-ab6e-a5794b2c8fe6)
2025-01-27 20:09:18,684 - ontorum.api - INFO - Mock node: NodeType.PARTICULAR - Ice Cream Scoop #12 Handle (16f05c10-6602-4dea-8b3e-fe2752b8033f)
2025-01-27 20:09:18,684 - ontorum.api - INFO -   Universal: ce9e531a-3aef-4b10-8653-db7dec52d522
2025-01-27 20:09:18,685 - ontorum.api - INFO -   Dimensions: [UUID('80bf1781-7910-48f0-870d-23351149f9e2'), UUID('2e5f1f2f-ac85-410d-acc1-19307c32c3cb'), UUID('53abeb4b-d127-4f80-8364-3caa32df1f43')]
2025-01-27 20:09:18,677 - ontorum.api - INFO - Mock data initialized with 16 nodes
2025-01-27 20:09:18,677 - ontorum.example - INFO - Found existing universal: Ice Cream Scoop
2025-01-27 20:09:18,678 - ontorum.api - INFO -   Universal: 5569ff87-1df0-44b6-bcae-1f10a75a376e
2025-01-27 20:09:18,685 - ontorum.api - INFO -   Sub-entities: []
2025-01-27 20:09:18,686 - ontorum.api - INFO - Mock node: NodeType.PARTICULAR - Ice Cream Scoop #12 Bowl (f3d1f048-0c0c-4ed7-a63c-278efa8308ac)
2025-01-27 20:09:18,686 - ontorum.api - INFO -   Universal: ce9e531a-3aef-4b10-8653-db7dec52d522
2025-01-27 20:09:18,680 - ontorum.api - INFO -   Dimensions: [UUID('9669249d-a7a7-4ea0-a3cf-3db53b4efdab'), UUID('05cad3c1-2c9a-42c1-86e2-02e2472f1b8c'), UUID('eee81618-be8c-441d-a499-08552f995ee4')]
2025-01-27 20:09:18,687 - ontorum.api - INFO -   Dimensions: [UUID('80bf1781-7910-48f0-870d-23351149f9e2'), UUID('2e5f1f2f-ac85-410d-acc1-19307c32c3cb'), UUID('53abeb4b-d127-4f80-8364-3caa32df1f43')]
2025-01-27 20:09:18,687 - ontorum.api - INFO -   Sub-entities: []
2025-01-27 20:09:18,688 - ontorum.api - INFO - Mock data initialization complete
2025-01-27 20:09:18,688 - ontorum.api - INFO - Mock data initialized with 16 nodes
2025-01-27 20:09:18,689 - ontorum.api - INFO - Mock data nodes:
2025-01-27 20:09:18,681 - ontorum.api - INFO - Mock node: NodeType.UNIVERSAL - Ice Cream Scoop (591cb595-ab9b-4720-9813-469741bfc639)
2025-01-27 20:09:18,689 - ontorum.api - INFO -   NodeType.PARTICULAR - Ice Cream Scoop #12 (c4cae23d-2052-451f-a2dd-92d267fc6102)
2025-01-27 20:09:18,690 - ontorum.api - INFO -     Universal: ce9e531a-3aef-4b10-8653-db7dec52d522
2025-01-27 20:09:18,683 - ontorum.api - INFO - Mock node: NodeType.STATE - Cold (161522b7-e3f7-45cd-95b6-f9e323fae1be)
2025-01-27 20:09:18,691 - ontorum.api - INFO -     Dimensions: [UUID('80bf1781-7910-48f0-870d-23351149f9e2'), UUID('2e5f1f2f-ac85-410d-acc1-19307c32c3cb'), UUID('53abeb4b-d127-4f80-8364-3caa32df1f43')]
2025-01-27 20:09:18,692 - ontorum.api - INFO -   NodeType.UNIVERSAL - Ice Cream Scoop (ce9e531a-3aef-4b10-8653-db7dec52d522)
2025-01-27 20:09:18,683 - ontorum.api - INFO -   Dimensions: [UUID('fb1560a0-e9f3-4786-a475-7bccfaef4043'), UUID('d7c424a2-4ff7-4384-a86f-8096faf183d8'), UUID('36b6e448-6d56-4237-bbdb-036638a8bd14')]
2025-01-27 20:09:18,692 - ontorum.api - INFO -     Dimensions: [UUID('80bf1781-7910-48f0-870d-23351149f9e2'), UUID('2e5f1f2f-ac85-410d-acc1-19307c32c3cb'), UUID('53abeb4b-d127-4f80-8364-3caa32df1f43')]
2025-01-27 20:09:18,684 - ontorum.api - INFO -   NodeType.STATE - Hot (d62ea3e7-2332-4fdd-8285-f9c7f7bbcad8)
2025-01-27 20:09:18,693 - ontorum.api - INFO -   NodeType.DIMENSION - Cleanliness (80bf1781-7910-48f0-870d-23351149f9e2)
2025-01-27 20:09:18,694 - ontorum.api - INFO -     States: [UUID('44f11e8f-c9b4-4592-9bb4-c92914a9f2a8'), UUID('992e75fb-542a-4cb3-9b04-b3b663aa47bf'), UUID('7f71b192-e1c6-40c5-a49f-a6778c270c01')]
2025-01-27 20:09:18,685 - ontorum.example - INFO - Discovered dimensions for Ice Cream Scoop #12 Bowl from universal
2025-01-27 20:09:18,686 - ontorum.api - INFO -   Dimensions: [UUID('69edb563-48c8-4253-9c0f-3869658f5737'), UUID('a8a16891-668e-412f-a209-9a5be2b72804'), UUID('b833a0bf-20f7-4bb3-b1e8-a83ba7b6e99e')]
2025-01-27 20:09:18,685 - ontorum.api - INFO - Mock data nodes:
2025-01-27 20:09:18,695 - ontorum.api - INFO -   NodeType.STATE - Clean (44f11e8f-c9b4-4592-9bb4-c92914a9f2a8)
2025-01-27 20:09:18,696 - ontorum.api - INFO -   NodeType.STATE - Dirty (992e75fb-542a-4cb3-9b04-b3b663aa47bf)
2025-01-27 20:09:18,687 - ontorum.api - INFO -   Sub-entities: []
2025-01-27 20:09:18,690 - ontorum.api - INFO - Mock node: NodeType.DIMENSION - Cleanliness (0152de36-7a95-4c88-99c3-5ae553d0815e)
2025-01-27 20:09:18,691 - ontorum.api - INFO - Mock node: NodeType.STATE - Room Temperature (1a614a92-cde3-4c36-a1f6-d86fbd1876d1)
2025-01-27 20:09:18,693 - ontorum.api - INFO -   NodeType.PARTICULAR - Ice Cream Scoop #12 Handle (858e1e90-e663-484a-9f15-f4e30c3ebf1e)
f-a6a8d4297175')]
2025-01-27 20:09:18,700 - ontorum.api - INFO -     Universal: 90a88e68-f077-433f-8b21-c0664f48ca0a
2025-01-27 20:09:18,695 - ontorum.api - INFO -   Sub-entities: [UUID('a3730535-e291-4647-bba0-2a158af254a7'), UUID('d8200d1e-7098-45d9-885d-8e89445b190e')]
2025-01-27 20:09:18,695 - ontorum.api - INFO - Initialized mock data with 16 nodes
4092-b4af-c7b7c409c202'), UUID('89aef6cf-27ba-46d6-a8c9-c9208b7bf234'), UUID('a55f7e38-bd65-416e-a0f7-1444840eae58')]
2025-01-27 20:09:18,695 - ontorum.api - INFO -   NodeType.PARTICULAR - Ice Cream Scoop #12 (b90e6a24-5594-443b-b8b7-69466761419b)
2025-01-27 20:09:18,701 - ontorum.api - INFO -   NodeType.PARTICULAR - Ice Cream Scoop #12 Bowl (6fe5bac6-b55a-40d0-8241-1c829af2ad4d)
2025-01-27 20:09:18,696 - ontorum.api - INFO -   NodeType.STATE - Sanitized (7f71b192-e1c6-40c5-a49f-a6778c270c01)
2025-01-27 20:09:18,702 - ontorum.api - INFO -     Universal: 90a88e68-f077-433f-8b21-c0664f48ca0a
2025-01-27 20:09:18,697 - ontorum.api - INFO - Mock node: NodeType.PARTICULAR - Ice Cream Scoop #12 Bowl (77b53da6-e0d5-4b00-b011-8babcf2ba4be)
2025-01-27 20:09:18,702 - ontorum.api - INFO -     Dimensions: [UUID('6f057ed6-a4d6-4092-b4af-c7b7c409c202'), UUID('89aef6cf-27ba-46d6-a8c9-c9208b7bf234'), UUID('a55f7e38-bd65-416e-a0f7-1444840eae58')]
2025-01-27 20:09:18,699 - ontorum.api - INFO -   States: [UUID('30eb172d-97fb-476a-85f8-1b333a1ad72d'), UUID('4eca5265-d8c8-485f-8c88-0b966b62026f'), UUID('64c7d2dc-cbb5-499a-8484-ec4f4f8409eb')]
2025-01-27 20:09:18,700 - ontorum.api - INFO - Mock node: NodeType.STATE - Hot (d97dc799-b59e-4671-8a4c-b289761a29bd)
2025-01-27 20:09:18,700 - ontorum.api - INFO - Mock node: NodeType.UNIVERSAL - Ice Cream Scoop (de7fc09b-108f-4789-8e73-556bd8921b6c)
2025-01-27 20:09:18,701 - ontorum.api - INFO - Mock node: NodeType.UNIVERSAL - Ice Cream Scoop (5569ff87-1df0-44b6-bcae-1f10a75a376e)
2025-01-27 20:09:18,701 - ontorum.api - INFO - API starting up
2025-01-27 20:09:18,702 - ontorum.api - INFO -     Universal: fc0a24df-f7dc-4909-9db8-bba98d325921
2025-01-27 20:09:18,701 - ontorum.api - INFO - Mock node: NodeType.PARTICULAR - Ice Cream Scoop #12 (0dfb2688-a59b-43f9-be16-9e3223655bd5)
2025-01-27 20:09:18,702 - ontorum.api - INFO -   NodeType.DIMENSION - Material (2e5f1f2f-ac85-410d-acc1-19307c32c3cb)
2025-01-27 20:09:18,703 - ontorum.api - INFO -   Universal: 20ba4a66-13d8-4d68-8c0c-90cfb730a414
2025-01-27 20:09:18,704 - ontorum.api - INFO - Mock node: NodeType.STATE - Clean (30eb172d-97fb-476a-85f8-1b333a1ad72d)
2025-01-27 20:09:18,704 - ontorum.api - INFO - Mock node: NodeType.PARTICULAR - Ice Cream Scoop #12 Handle (ce629042-d9c8-40ce-be50-7b3c11d4b7e3)
2025-01-27 20:09:18,706 - ontorum.api - INFO - Mock node: NodeType.DIMENSION - Cleanliness (fb1560a0-e9f3-4786-a475-7bccfaef4043)
2025-01-27 20:09:18,707 - ontorum.api - INFO - Using mock data
2025-01-27 20:09:18,707 - ontorum.api - INFO - Mock node: NodeType.DIMENSION - Cleanliness (69edb563-48c8-4253-9c0f-3869658f5737)
2025-01-27 20:09:18,707 - ontorum.api - INFO -     Dimensions: [UUID('46940425-83d3-4a7f-b7d1-d76ab34ef475'), UUID('eeb5cda0-1903-460f-9d44-b33818ae27c1'), UUID('64a1b9e5-bae4-4c24-82d2-1766d9bd03b5')]
2025-01-27 20:09:18,707 - ontorum.api - INFO -   Universal: cfc6a1b1-dc87-4d95-b919-991da1f82646
2025-01-27 20:09:18,708 - ontorum.api - INFO -     States: [UUID('bc9bf46f-cf92-4f2e-bbb5-b5cb04d535a8'), UUID('35094b9c-1518-4d8d-8425-b19e466091e6'), UUID('73489e04-1aeb-491f-99e5-35fb00c905aa')]
2025-01-27 20:09:18,709 - ontorum.api - INFO - Mock node: NodeType.STATE - Dirty (4eca5265-d8c8-485f-8c88-0b966b62026f)
2025-01-27 20:09:18,708 - ontorum.api - INFO -   Dimensions: [UUID('9669249d-a7a7-4ea0-a3cf-3db53b4efdab'), UUID('05cad3c1-2c9a-42c1-86e2-02e2472f1b8c'), UUID('eee81618-be8c-441d-a499-08552f995ee4')]
2025-01-27 20:09:18,709 - ontorum.api - INFO -   Universal: a4a8c651-0cd2-4ef3-bb05-ce0c428f01cc
2025-01-27 20:09:18,710 - ontorum.api - INFO - Starting mock data initialization
2025-01-27 20:09:18,710 - ontorum.api - INFO -   States: [UUID('cfc2278c-8070-4e8a-a02c-986018875acc'), UUID('3219d3ee-f321-49b8-b325-2d48c7eee248'), UUID('9bf935e1-bd66-40b0-98f1-3d9ceee4f946')]
2025-01-27 20:09:18,710 - ontorum.api - INFO -   States: [UUID('1743efd0-060f-4ca8-932a-654621311a48'), UUID('3af44cc4-43e7-4fb3-98e4-dfd06fee1285'), UUID('ece22907-bdc3-4c7b-86a6-c29b4c210945')]
2025-01-27 20:09:18,713 - ontorum.api - INFO -   NodeType.UNIVERSAL - Ice Cream Scoop (fc0a24df-f7dc-4909-9db8-bba98d325921)
9-4022-8d88-e0c2e0ac2b0a'), UUID('8ad3f034-c575-41bd-94d3-2fc57df17a7a')]
2025-01-27 20:09:18,725 - ontorum.api - INFO -   NodeType.STATE - Stainless Steel (bc9bf46f-cf92-4f2e-bbb5-b5cb04d535a8)
2025-01-27 20:09:18,727 - ontorum.api - INFO - Mock node: NodeType.STATE - Sanitized (64c7d2dc-cbb5-499a-8484-ec4f4f8409eb)
2025-01-27 20:09:18,730 - ontorum.api - INFO -   Sub-entities: []
'632583b8-14a0-4cb7-847b-e5ea9a4becb9'), UUID('00d57c4b-77ba-4e4e-9e63-fa315a055948'), UUID('25277cf5-7b8a-4366-b90d-862724921df1')]
2025-01-27 20:09:18,732 - ontorum.example - INFO - Initialized IceCreamScoopExpander
2025-01-27 20:09:18,733 - ontorum.api - INFO - Mock node: NodeType.STATE - Clean (cfc2278c-8070-4e8a-a02c-986018875acc)
2025-01-27 20:09:18,732 - ontorum.api - INFO - Mock node: NodeType.STATE - Clean (1743efd0-060f-4ca8-932a-654621311a48)
2025-01-27 20:09:18,734 - ontorum.api - INFO -     Dimensions: [UUID('46940425-83d3-4a7f-b7d1-d76ab34ef475'), UUID('eeb5cda0-1903-460f-9d44-b33818ae27c1'), UUID('64a1b9e5-bae4-4c24-82d2-1766d9bd03b5')]
2025-01-27 20:09:18,734 - ontorum.api - INFO -   Sub-entities: [UUID('aaa7561f-398e-4654-9c71-5c7a90f7391c'), UUID('45d73f71-19f6-4605-811d-ed5d085a930e')]
2025-01-27 20:09:18,736 - ontorum.api - INFO -   NodeType.STATE - Aluminum (35094b9c-1518-4d8d-8425-b19e466091e6)
2025-01-27 20:09:18,739 - ontorum.api - INFO - Mock node: NodeType.DIMENSION - Material (e2602240-c68c-4465-bcff-1dc99951f510)
2025-01-27 20:09:18,741 - ontorum.api - INFO - Created mock scoop with ID: 949a2f34-e425-4e4e-ac41-607664df1682
2025-01-27 20:09:18,741 - ontorum.api - INFO - Mock data initialization complete
2025-01-27 20:09:18,752 - ontorum.example - INFO - Creating new universal: Ice Cream Scoop
2025-01-27 20:09:18,752 - ontorum.api - INFO - Mock node: NodeType.PARTICULAR - Ice Cream Scoop #12 Bowl (d19f803c-841e-4fff-9c94-4e1ccc416b41)
2025-01-27 20:09:18,742 - ontorum.api - INFO - Mock node: NodeType.STATE - Dirty (3219d3ee-f321-49b8-b325-2d48c7eee248)
2025-01-27 20:09:18,752 - ontorum.example - INFO - Created new dimension: Cleanliness
2025-01-27 20:09:18,752 - ontorum.api - INFO -   Universal: a4a8c651-0cd2-4ef3-bb05-ce0c428f01cc
2025-01-27 20:09:18,753 - ontorum.example - INFO - Created new dimension: Material
2025-01-27 20:09:18,753 - ontorum.api - INFO -   Dimensions: [UUID('632583b8-14a0-4cb7-847b-e5ea9a4becb9'), UUID('00d57c4b-77ba-4e4e-9e63-fa315a055948'), UUID('25277cf5-7b8a-4366-b90d-862724921df1')]
2025-01-27 20:09:18,754 - ontorum.example - INFO - Created new dimension: Temperature
2025-01-27 20:09:18,744 - ontorum.api - INFO - Mock node: NodeType.STATE - Dirty (3af44cc4-43e7-4fb3-98e4-dfd06fee1285)
2025-01-27 20:09:18,754 - ontorum.example - INFO - Added dimension Cleanliness to universal Ice Cream Scoop
2025-01-27 20:09:18,744 - ontorum.api - INFO -   NodeType.DIMENSION - Cleanliness (46940425-83d3-4a7f-b7d1-d76ab34ef475)
2025-01-27 20:09:18,755 - ontorum.example - INFO - Created new state: Clean for Cleanliness
2025-01-27 20:09:18,746 - ontorum.api - INFO - Mock node: NodeType.UNIVERSAL - Ice Cream Scoop (cfc6a1b1-dc87-4d95-b919-991da1f82646)
2025-01-27 20:09:18,756 - ontorum.example - INFO - Created new state: Dirty for Cleanliness
2025-01-27 20:09:18,756 - ontorum.example - INFO - Created new state: Sanitized for Cleanliness
2025-01-27 20:09:18,757 - ontorum.example - INFO - Added dimension Material to universal Ice Cream Scoop
2025-01-27 20:09:18,758 - ontorum.example - INFO - Created new state: Stainless Steel for Material
2025-01-27 20:09:18,758 - ontorum.example - INFO - Created new state: Aluminum for Material
2025-01-27 20:09:18,749 - ontorum.api - INFO -   NodeType.STATE - Plastic (73489e04-1aeb-491f-99e5-35fb00c905aa)
2025-01-27 20:09:18,759 - ontorum.example - INFO - Created new state: Plastic for Material
2025-01-27 20:09:18,752 - ontorum.api - INFO -   States: [UUID('e924b979-cec7-42f2-bb4f-f3d85e7b9272'), UUID('1c63e6e6-755e-4ae5-9920-31189dea43d2'), UUID('a31a0e22-fbbe-4286-96e3-61e11359d7c8')]
2025-01-27 20:09:18,752 - ontorum.api - INFO - Mock data initialized with 16 nodes
2025-01-27 20:09:18,752 - ontorum.api - INFO - Mock node: NodeType.STATE - Sanitized (9bf935e1-bd66-40b0-98f1-3d9ceee4f946)
2025-01-27 20:09:18,754 - ontorum.api - INFO -   Sub-entities: []
2025-01-27 20:09:18,755 - ontorum.api - INFO - Mock node: NodeType.STATE - Sanitized (ece22907-bdc3-4c7b-86a6-c29b4c210945)
2025-01-27 20:09:18,755 - ontorum.api - INFO -     States: [UUID('c07a53b2-5391-4a08-b450-886dcb3b6d00'), UUID('ba822244-6725-4456-9ad9-d383ad35d76a'), UUID('d0006145-bd28-4481-b71b-1ae2c3aa53f0')]
2025-01-27 20:09:18,756 - ontorum.api - INFO - Mock node: NodeType.DIMENSION - Cleanliness (d7d70565-c0a3-4c1a-9601-250748cee716)
2025-01-27 20:09:18,750 - ontorum.api - WARNING - Failed to connect to database: Using mock data for development. Using mock data.
2025-01-27 20:09:18,759 - ontorum.example - INFO - Added dimension Temperature to universal Ice Cream Scoop
2025-01-27 20:09:18,762 - ontorum.api - INFO - Mock node: NodeType.STATE - Stainless Steel (e924b979-cec7-42f2-bb4f-f3d85e7b9272)
2025-01-27 20:09:18,762 - ontorum.api - INFO - Mock node: NodeType.DIMENSION - Material (a8a16891-668e-412f-a209-9a5be2b72804)
2025-01-27 20:09:18,762 - ontorum.api - INFO - Mock data nodes:
2025-01-27 20:09:18,764 - ontorum.api - INFO - Mock data initialization complete
2025-01-27 20:09:18,766 - ontorum.api - INFO -   States: [UUID('1cb79960-0f02-4807-96ce-1c85153a1418'), UUID('0546d399-64be-49b1-9091-70516bd3dd35'), UUID('8dff22bb-8d37-4d94-8d72-d930001fbac5')]
ff0-01ab-4966-9744-8a9bce7b9471'), UUID('4d6f4ccd-aed9-4267-97c5-12385a31eac6'), UUID('a0df697c-8cd4-4750-84bf-e034a296d89b')]
2025-01-27 20:09:18,781 - ontorum.api - INFO -   NodeType.STATE - Dirty (ba822244-6725-4456-9ad9-d383ad35d76a)
2025-01-27 20:09:18,775 - ontorum.api - INFO - Mock data initialized with 16 nodes
op #12 (df271db0-f4d7-40bb-aa34-d2e46d0e0539)
22-bd7426d0d10a'), UUID('e3e0a527-d634-4a25-874f-f07cb076609d')]
2025-01-27 20:09:18,782 - ontorum.api - INFO -   NodeType.STATE - Sanitized (d0006145-bd28-4481-b71b-1ae2c3aa53f0)
2025-01-27 20:09:18,782 - ontorum.example - INFO - Created new state: Room Temperature for Temperature
2025-01-27 20:09:18,782 - ontorum.api - INFO - Mock node: NodeType.STATE - Plastic (a31a0e22-fbbe-4286-96e3-61e11359d7c8)
2025-01-27 20:09:18,782 - ontorum.api - INFO -   NodeType.DIMENSION - Material (eeb5cda0-1903-460f-9d44-b33818ae27c1)
2025-01-27 20:09:18,783 - ontorum.api - INFO -     Universal: 20ba4a66-13d8-4d68-8c0c-90cfb730a414
2025-01-27 20:09:18,782 - ontorum.api - INFO - Mock node: NodeType.STATE - Aluminum (4d6f4ccd-aed9-4267-97c5-12385a31eac6)
2025-01-27 20:09:18,783 - ontorum.example - INFO - Created new state: Hot for Temperature
2025-01-27 20:09:18,783 - ontorum.api - INFO - Mock node: NodeType.DIMENSION - Temperature (a02b85e7-4390-4462-8a01-abb05791f6f1)
2025-01-27 20:09:18,784 - ontorum.api - INFO -     States: [UUID('0a88f449-1b26-4764-b33d-76273f2ed0f9'), UUID('38d76b9e-865a-4092-b072-6d9122cd905d'), UUID('9190586d-2948-4a24-9435-00c32bbb7bde')]
2025-01-27 20:09:18,784 - ontorum.api - INFO -     Dimensions: [UUID('9669249d-a7a7-4ea0-a3cf-3db53b4efdab'), UUID('05cad3c1-2c9a-42c1-86e2-02e2472f1b8c'), UUID('eee81618-be8c-441d-a499-08552f995ee4')]
2025-01-27 20:09:18,784 - ontorum.api - INFO - Mock node: NodeType.STATE - Plastic (a0df697c-8cd4-4750-84bf-e034a296d89b)
025-01-27 20:09:18,784 - ontorum.api - INFO -   States: [UUID('d3008ed4-1092-47a3-9209-245eed51331a'), UUID('984707ec-57e9-4787-a544-8c43dcb0799f'), UUID('dbf11432-2477-4c6f-979f-3077605ef973')]
2025-01-27 20:09:18,785 - ontorum.api - INFO -   NodeType.UNIVERSAL - Ice Cream Scoop (20ba4a66-13d8-4d68-8c0c-90cfb730a414)
2025-01-27 20:09:18,785 - ontorum.example - INFO - Creating sub-entities for Ice Cream Scoop #12
2025-01-27 20:09:18,785 - ontorum.api - INFO -   NodeType.STATE - Aluminum (38d76b9e-865a-4092-b072-6d9122cd905d)
2025-01-27 20:09:18,786 - ontorum.example - INFO - Found existing universal: Ice Cream Scoop
2025-01-27 20:09:18,786 - ontorum.api - INFO -     Dimensions: [UUID('9669249d-a7a7-4ea0-a3cf-3db53b4efdab'), UUID('05cad3c1-2c9a-42c1-86e2-02e2472f1b8c'), UUID('eee81618-be8c-441d-a499-08552f995ee4')]
2025-01-27 20:09:18,785 - ontorum.api - INFO - Mock node: NodeType.STATE - Cold (d3008ed4-1092-47a3-9209-245eed51331a)
2025-01-27 20:09:18,786 - ontorum.api - INFO -   NodeType.STATE - Plastic (9190586d-2948-4a24-9435-00c32bbb7bde)
2025-01-27 20:09:18,787 - ontorum.api - INFO -   NodeType.DIMENSION - Cleanliness (9669249d-a7a7-4ea0-a3cf-3db53b4efdab)
2025-01-27 20:09:18,787 - ontorum.example - INFO - Discovered dimensions for Ice Cream Scoop #12 Handle from universal
2025-01-27 20:09:18,787 - ontorum.api - INFO - Mock node: NodeType.STATE - Room Temperature (984707ec-57e9-4787-a544-8c43dcb0799f)
2025-01-27 20:09:18,787 - ontorum.api - INFO -   NodeType.DIMENSION - Temperature (64a1b9e5-bae4-4c24-82d2-1766d9bd03b5)
2025-01-27 20:09:18,787 - ontorum.api - INFO -     States: [UUID('3cdbeea9-cb0d-4e5d-b672-d5d6b39f328d'), UUID('8f386ad2-51ca-4995-ae74-7066686379ea'), UUID('cb7d8e7f-610c-477f-a682-a284b8ac0c6b')]
2025-01-27 20:09:18,788 - ontorum.example - INFO - Found existing universal: Ice Cream Scoop
2025-01-27 20:09:18,788 - ontorum.api - INFO - Mock node: NodeType.STATE - Hot (dbf11432-2477-4c6f-979f-3077605ef973)
2025-01-27 20:09:18,788 - ontorum.api - INFO -     States: [UUID('9ae787f0-bce2-4c6a-9047-928684bef945'), UUID('594a51d4-7215-4aa3-a6b0-c18de956c6bd'), UUID('446295b2-1a3f-4dae-b019-330b9d269465')]
2025-01-27 20:09:18,788 - ontorum.api - INFO -   NodeType.STATE - Clean (3cdbeea9-cb0d-4e5d-b672-d5d6b39f328d)
2025-01-27 20:09:18,788 - ontorum.example - INFO - Discovered dimensions for Ice Cream Scoop #12 Bowl from universal
2025-01-27 20:09:18,789 - ontorum.api - INFO - Mock node: NodeType.PARTICULAR - Ice Cream Scoop #12 Handle (790bfbaf-070b-46af-b752-80c981aab321)
2025-01-27 20:09:18,789 - ontorum.api - INFO -   NodeType.STATE - Dirty (8f386ad2-51ca-4995-ae74-7066686379ea)
2025-01-27 20:09:18,789 - ontorum.api - INFO -   NodeType.STATE - Cold (9ae787f0-bce2-4c6a-9047-928684bef945)
2025-01-27 20:09:18,790 - ontorum.api - INFO - Initialized mock data with 16 nodes
2025-01-27 20:09:18,790 - ontorum.api - INFO -   Universal: 591cb595-ab9b-4720-9813-469741bfc639
2025-01-27 20:09:18,790 - ontorum.api - INFO -   NodeType.STATE - Sanitized (cb7d8e7f-610c-477f-a682-a284b8ac0c6b)
2025-01-27 20:09:18,790 - ontorum.api - INFO -   NodeType.STATE - Room Temperature (594a51d4-7215-4aa3-a6b0-c18de956c6bd)
2025-01-27 20:09:18,790 - ontorum.api - INFO - Mock node: NodeType.PARTICULAR - Ice Cream Scoop #12 (949a2f34-e425-4e4e-ac41-607664df1682)
2025-01-27 20:09:18,790 - ontorum.api - INFO -   Dimensions: [UUID('0152de36-7a95-4c88-99c3-5ae553d0815e'), UUID('e2602240-c68c-4465-bcff-1dc99951f510'), UUID('a02b85e7-4390-4462-8a01-abb05791f6f1')]
2025-01-27 20:09:18,791 - ontorum.api - INFO -   NodeType.DIMENSION - Material (05cad3c1-2c9a-42c1-86e2-02e2472f1b8c)
2025-01-27 20:09:18,791 - ontorum.api - INFO -   Sub-entities: []
6-4a24-459e-a726-65f61095467b
2025-01-27 20:09:18,791 - ontorum.api - INFO - Mock node: NodeType.PARTICULAR - Ice Cream Scoop #12 Bowl (8a329157-98d6-4686-a26a-63193532ee78)
3e2'), UUID('ff3dc416-c4e3-4122-8f3e-502b9740c8d5')]
2025-01-27 20:09:18,792 - ontorum.api - INFO -   Universal: 591cb595-ab9b-4720-9813-469741bfc639
2025-01-27 20:09:18,792 - ontorum.api - INFO -   NodeType.STATE - Stainless Steel (44a82e7f-295a-4fa8-8242-23ce1c356e41)
2025-01-27 20:09:18,792 - ontorum.api - INFO -   Dimensions: [UUID('0152de36-7a95-4c88-99c3-5ae553d0815e'), UUID('e2602240-c68c-4465-bcff-1dc99951f510'), UUID('a02b85e7-4390-4462-8a01-abb05791f6f1')]
2025-01-27 20:09:18,793 - ontorum.api - INFO -   NodeType.STATE - Aluminum (832fc4f3-def8-4fa9-affd-0a5a2592b3e2)
2025-01-27 20:09:18,793 - ontorum.api - INFO -   Sub-entities: []
2025-01-27 20:09:18,793 - ontorum.api - INFO -   NodeType.STATE - Plastic (ff3dc416-c4e3-4122-8f3e-502b9740c8d5)
2025-01-27 20:09:18,794 - ontorum.api - INFO - Mock data initialization complete
2025-01-27 20:09:18,794 - ontorum.api - INFO - Mock data initialized with 16 nodes
2025-01-27 20:09:18,794 - ontorum.api - INFO -   NodeType.DIMENSION - Temperature (eee81618-be8c-441d-a499-08552f995ee4)
2025-01-27 20:09:18,795 - ontorum.api - INFO - Mock data nodes:
2025-01-27 20:09:18,795 - ontorum.api - INFO -     States: [UUID('8e769ccf-32da-4fce-9dda-59571a0dbd37'), UUID('f60f8f02-bd62-4f00-abb4-2e0bfe4ea6c1'), UUID('e4b2bf9b-554c-4c21-acd9-0a580b0340f0')]
2025-01-27 20:09:18,795 - ontorum.api - INFO -   NodeType.PARTICULAR - Ice Cream Scoop #12 (ebce00a5-eadf-4131-861e-0f0a89eb4727)
2025-01-27 20:09:18,780 - ontorum.api - INFO -     States: [UUID('f7e42d2f-7664-41aa-9db9-135e914609c9'), UUID('36b00d94-d848-4454-af7d-62c53041aea7'), UUID('f8b7ab99-53b0-4bf8-aab5-bc5084df5635')]
2025-01-27 20:09:18,795 - ontorum.api - INFO -   NodeType.STATE - Cold (8e769ccf-32da-4fce-9dda-59571a0dbd37)
2025-01-27 20:09:18,796 - ontorum.api - INFO -     Universal: 591cb595-ab9b-4720-9813-469741bfc639
2025-01-27 20:09:18,796 - ontorum.api - INFO -   NodeType.STATE - Room Temperature (f60f8f02-bd62-4f00-abb4-2e0bfe4ea6c1)
0-c68c-4465-bcff-1dc99951f510'), UUID('a02b85e7-4390-4462-8a01-abb05791f6f1')]
2025-01-27 20:09:18,797 - ontorum.api - INFO -   NodeType.STATE - Hot (e4b2bf9b-554c-4c21-acd9-0a580b0340f0)
2025-01-27 20:09:18,791 - ontorum.api - INFO -   NodeType.STATE - Hot (446295b2-1a3f-4dae-b019-330b9d269465)
2025-01-27 20:09:18,792 - ontorum.api - INFO -   Dimensions: [UUID('62529f39-5b87-4e3a-af6c-c7e9550776f5'), UUID('f2392c1f-4444-447c-9990-a0d491dcc5bc'), UUID('2d7b0167-016f-4cbc-9faf-c96bf51e4500')]
2025-01-27 20:09:18,797 - ontorum.api - INFO -   NodeType.PARTICULAR - Ice Cream Scoop #12 Handle (1ca5b51f-1c27-48ba-87b4-c6ddf7dfcec8)
2025-01-27 20:09:18,798 - ontorum.api - INFO -     Universal: 20ba4a66-13d8-4d68-8c0c-90cfb730a414
2025-01-27 20:09:18,786 - ontorum.api - INFO - Mock data nodes:
2025-01-27 20:09:18,786 - ontorum.api - INFO - Mock node: NodeType.STATE - Stainless Steel (d780f32e-557f-4ed1-8f6f-706b62917971)
2025-01-27 20:09:18,798 - ontorum.api - INFO -     Dimensions: [UUID('9669249d-a7a7-4ea0-a3cf-3db53b4efdab'), UUID('05cad3c1-2c9a-42c1-86e2-02e2472f1b8c'), UUID('eee81618-be8c-441d-a499-08552f995ee4')]
2025-01-27 20:09:18,792 - ontorum.api - INFO - Mock node: NodeType.STATE - Clean (1cb79960-0f02-4807-96ce-1c85153a1418)
2025-01-27 20:09:18,799 - ontorum.api - INFO -   NodeType.PARTICULAR - Ice Cream Scoop #12 Bowl (77b53da6-e0d5-4b00-b011-8babcf2ba4be)
2025-01-27 20:09:18,792 - ontorum.api - INFO - Mock node: NodeType.DIMENSION - Temperature (36b6e448-6d56-4237-bbdb-036638a8bd14)
2025-01-27 20:09:18,800 - ontorum.api - INFO -     Universal: 20ba4a66-13d8-4d68-8c0c-90cfb730a414
2025-01-27 20:09:18,800 - ontorum.api - INFO -     Dimensions: [UUID('9669249d-a7a7-4ea0-a3cf-3db53b4efdab'), UUID('05cad3c1-2c9a-42c1-86e2-02e2472f1b8c'), UUID('eee81618-be8c-441d-a499-08552f995ee4')]
2025-01-27 20:09:18,796 - ontorum.api - INFO -   NodeType.STATE - Cold (f7e42d2f-7664-41aa-9db9-135e914609c9)
2025-01-27 20:09:18,797 - ontorum.api - INFO -   NodeType.UNIVERSAL - Ice Cream Scoop (591cb595-ab9b-4720-9813-469741bfc639)
2025-01-27 20:09:18,798 - ontorum.api - INFO -   Sub-entities: [UUID('f7557c66-3366-487e-bf8d-b5b2985da81a'), UUID('25b17904-f3f3-416e-af95-22ad19253007')]
2025-01-27 20:09:18,798 - ontorum.api - INFO -   NodeType.PARTICULAR - Ice Cream Scoop #12 Handle (5ce03f30-368c-4d60-b7ad-748cee88fa5a)
2025-01-27 20:09:18,799 - ontorum.api - INFO -   NodeType.PARTICULAR - Ice Cream Scoop #12 (add064ce-02ac-4c42-9664-a448650350d5)
2025-01-27 20:09:18,792 - ontorum.api - WARNING - Failed to connect to database: Using mock data for development. Using mock data.
2025-01-27 20:09:18,799 - ontorum.api - INFO - Mock node: NodeType.STATE - Dirty (0546d399-64be-49b1-9091-70516bd3dd35)
2025-01-27 20:09:18,799 - ontorum.api - INFO - Mock node: NodeType.STATE - Aluminum (f9608764-5231-47c4-a922-bd7426d0d10a)
2025-01-27 20:09:18,800 - ontorum.api - INFO -   States: [UUID('bcaf7b97-0a88-4950-88cd-ee43e7da22bf'), UUID('9fedc836-e19c-454a-b9c7-d901fc976e8e'), UUID('5bb393ed-7919-47b2-8be7-99efa2e1b65a')]
2025-01-27 20:09:18,802 - ontorum.api - INFO -   NodeType.STATE - Room Temperature (36b00d94-d848-4454-af7d-62c53041aea7)
2025-01-27 20:09:18,805 - ontorum.api - INFO - Mock node: NodeType.UNIVERSAL - Ice Cream Scoop (dfa44b86-4a24-459e-a726-65f61095467b)
2025-01-27 20:09:18,804 - ontorum.api - INFO -     Dimensions: [UUID('0152de36-7a95-4c88-99c3-5ae553d0815e'), UUID('e2602240-c68c-4465-bcff-1dc99951f510'), UUID('a02b85e7-4390-4462-8a01-abb05791f6f1')]
2025-01-27 20:09:18,807 - ontorum.api - INFO -     Universal: fc0a24df-f7dc-4909-9db8-bba98d325921
2025-01-27 20:09:18,807 - ontorum.api - INFO -     Universal: a4a8c651-0cd2-4ef3-bb05-ce0c428f01cc
2025-01-27 20:09:18,807 - ontorum.api - INFO - Mock node: NodeType.STATE - Sanitized (8dff22bb-8d37-4d94-8d72-d930001fbac5)
2025-01-27 20:09:18,807 - ontorum.api - INFO - Mock node: NodeType.STATE - Plastic (e3e0a527-d634-4a25-874f-f07cb076609d)
2025-01-27 20:09:18,808 - ontorum.api - INFO - Mock node: NodeType.STATE - Cold (bcaf7b97-0a88-4950-88cd-ee43e7da22bf)
2025-01-27 20:09:18,809 - ontorum.api - INFO -   NodeType.STATE - Hot (f8b7ab99-53b0-4bf8-aab5-bc5084df5635)
2025-01-27 20:09:18,810 - ontorum.api - INFO - API starting up
2025-01-27 20:09:18,810 - ontorum.api - INFO - Mock node: NodeType.DIMENSION - Cleanliness (62529f39-5b87-4e3a-af6c-c7e9550776f5)
2025-01-27 20:09:18,811 - ontorum.api - INFO -   NodeType.DIMENSION - Cleanliness (0152de36-7a95-4c88-99c3-5ae553d0815e)
2025-01-27 20:09:18,807 - ontorum.api - WARNING - Failed to connect to database: Using mock data for development. Using mock data.
2025-01-27 20:09:18,811 - ontorum.api - INFO -     Dimensions: [UUID('46940425-83d3-4a7f-b7d1-d76ab34ef475'), UUID('eeb5cda0-1903-460f-9d44-b33818ae27c1'), UUID('64a1b9e5-bae4-4c24-82d2-1766d9bd03b5')]
2025-01-27 20:09:18,812 - ontorum.api - INFO -     Dimensions: [UUID('632583b8-14a0-4cb7-847b-e5ea9a4becb9'), UUID('00d57c4b-77ba-4e4e-9e63-fa315a055948'), UUID('25277cf5-7b8a-4366-b90d-862724921df1')]
2025-01-27 20:09:18,813 - ontorum.api - INFO - Mock node: NodeType.STATE - Room Temperature (9fedc836-e19c-454a-b9c7-d901fc976e8e)
2025-01-27 20:09:18,813 - ontorum.api - INFO - Mock node: NodeType.DIMENSION - Temperature (b833a0bf-20f7-4bb3-b1e8-a83ba7b6e99e)
2025-01-27 20:09:18,813 - ontorum.api - INFO - Mock node: NodeType.DIMENSION - Material (259eda95-3f59-4022-8d88-e0c2e0ac2b0a)
2025-01-27 20:09:18,814 - ontorum.api - INFO -   NodeType.PARTICULAR - Ice Cream Scoop #12 Handle (16f05c10-6602-4dea-8b3e-fe2752b8033f)
2025-01-27 20:09:18,814 - ontorum.api - INFO - Using mock data
2025-01-27 20:09:18,815 - ontorum.api - INFO -   States: [UUID('e7ac7837-a44e-45cf-88d8-9c539f632cb1'), UUID('1aaf77e7-d433-4e26-a333-b49805c74328'), UUID('3786998f-3b63-4173-8a40-fd88f52c1027')]
2025-01-27 20:09:18,816 - ontorum.api - INFO -     States: [UUID('30eb172d-97fb-476a-85f8-1b333a1ad72d'), UUID('4eca5265-d8c8-485f-8c88-0b966b62026f'), UUID('64c7d2dc-cbb5-499a-8484-ec4f4f8409eb')]
2025-01-27 20:09:18,819 - ontorum.api - INFO -   NodeType.PARTICULAR - Ice Cream Scoop #12 Bowl (c1aa5e84-1610-442f-967d-7cc9243bb9ef)
2025-01-27 20:09:18,820 - ontorum.api - INFO -   NodeType.UNIVERSAL - Ice Cream Scoop (a4a8c651-0cd2-4ef3-bb05-ce0c428f01cc)
2025-01-27 20:09:18,824 - ontorum.api - INFO - Mock node: NodeType.STATE - Hot (5bb393ed-7919-47b2-8be7-99efa2e1b65a)
2025-01-27 20:09:18,824 - ontorum.api - INFO -   States: [UUID('03b71a21-307d-46f6-a30b-4bd4b4065c53'), UUID('fb23a609-a2bb-4318-a121-58a8f2143e6c'), UUID('f73540ec-f6c1-45a5-8234-8dd48fa1064d')]
2025-01-27 20:09:18,826 - ontorum.api - INFO -   States: [UUID('fe5eba56-ed6a-4ea3-832c-678f818f7a1f'), UUID('59f18c09-6d1c-41c2-95ad-ae53423c82ca'), UUID('45688392-869f-4ffa-80f5-8c51c946b650')]
2025-01-27 20:09:18,827 - ontorum.api - INFO -     Universal: ce9e531a-3aef-4b10-8653-db7dec52d522
2025-01-27 20:09:18,827 - ontorum.api - INFO - Starting mock data initialization
2025-01-27 20:09:18,828 - ontorum.api - INFO - Mock node: NodeType.STATE - Clean (e7ac7837-a44e-45cf-88d8-9c539f632cb1)
2025-01-27 20:09:18,836 - ontorum.api - INFO -   NodeType.STATE - Clean (30eb172d-97fb-476a-85f8-1b333a1ad72d)
2025-01-27 20:09:18,838 - ontorum.api - INFO -     Dimensions: [UUID('632583b8-14a0-4cb7-847b-e5ea9a4becb9'), UUID('00d57c4b-77ba-4e4e-9e63-fa315a055948'), UUID('25277cf5-7b8a-4366-b90d-862724921df1')]
2025-01-27 20:09:18,840 - ontorum.api - INFO - Mock node: NodeType.PARTICULAR - Ice Cream Scoop #12 Handle (f420ccd7-b9b7-47fa-b37e-48577149496d)
2025-01-27 20:09:18,848 - ontorum.api - INFO -     Dimensions: [UUID('46940425-83d3-4a7f-b7d1-d76ab34ef475'), UUID('eeb5cda0-1903-460f-9d44-b33818ae27c1'), UUID('64a1b9e5-bae4-4c24-82d2-1766d9bd03b5')]
2025-01-27 20:09:18,842 - ontorum.api - INFO - Mock node: NodeType.STATE - Cold (03b71a21-307d-46f6-a30b-4bd4b4065c53)
2025-01-27 20:09:18,843 - ontorum.api - INFO - Mock node: NodeType.STATE - Stainless Steel (fe5eba56-ed6a-4ea3-832c-678f818f7a1f)
2025-01-27 20:09:18,843 - ontorum.api - INFO -     Dimensions: [UUID('80bf1781-7910-48f0-870d-23351149f9e2'), UUID('2e5f1f2f-ac85-410d-acc1-19307c32c3cb'), UUID('53abeb4b-d127-4f80-8364-3caa32df1f43')]
2025-01-27 20:09:18,844 - ontorum.example - INFO - Initialized IceCreamScoopExpander
2025-01-27 20:09:18,845 - ontorum.api - INFO - Mock node: NodeType.STATE - Dirty (1aaf77e7-d433-4e26-a333-b49805c74328)
2025-01-27 20:09:18,847 - ontorum.api - INFO -   NodeType.STATE - Dirty (4eca5265-d8c8-485f-8c88-0b966b62026f)
2025-01-27 20:09:18,848 - ontorum.api - INFO -   Universal: de7fc09b-108f-4789-8e73-556bd8921b6c
2025-01-27 20:09:18,848 - ontorum.api - INFO -   NodeType.DIMENSION - Cleanliness (632583b8-14a0-4cb7-847b-e5ea9a4becb9)
2025-01-27 20:09:18,851 - ontorum.api - INFO - Mock node: NodeType.STATE - Room Temperature (fb23a609-a2bb-4318-a121-58a8f2143e6c)
2025-01-27 20:09:18,855 - ontorum.api - INFO -   NodeType.PARTICULAR - Ice Cream Scoop #12 Bowl (f3d1f048-0c0c-4ed7-a63c-278efa8308ac)
2025-01-27 20:09:18,854 - ontorum.api - INFO - Mock node: NodeType.STATE - Aluminum (59f18c09-6d1c-41c2-95ad-ae53423c82ca)
2025-01-27 20:09:18,856 - ontorum.api - INFO - Mock node: NodeType.STATE - Sanitized (3786998f-3b63-4173-8a40-fd88f52c1027)
2025-01-27 20:09:18,856 - ontorum.api - INFO - Created mock scoop with ID: 88aeb6d6-afa1-46f4-ae7e-27740ad628dd
2025-01-27 20:09:18,857 - ontorum.api - INFO - API starting up
2025-01-27 20:09:18,857 - ontorum.api - INFO -   NodeType.STATE - Sanitized (64c7d2dc-cbb5-499a-8484-ec4f4f8409eb)
2025-01-27 20:09:18,865 - ontorum.api - INFO -     States: [UUID('8f67f8a0-43c0-4a45-9903-f7c90fbaae1d'), UUID('86665615-721c-4cb8-93fc-09bafbcc452f'), UUID('30a5fad7-bef0-473f-a5ad-dec1ed2eb8c0')]
2025-01-27 20:09:18,864 - ontorum.api - INFO -   Dimensions: [UUID('fb1560a0-e9f3-4786-a475-7bccfaef4043'), UUID('d7c424a2-4ff7-4384-a86f-8096faf183d8'), UUID('36b6e448-6d56-4237-bbdb-036638a8bd14')]
2025-01-27 20:09:18,866 - ontorum.api - INFO - Mock node: NodeType.STATE - Hot (f73540ec-f6c1-45a5-8234-8dd48fa1064d)
2025-01-27 20:09:18,867 - ontorum.api - INFO - API starting up
2025-01-27 20:09:18,868 - ontorum.api - INFO -     Universal: ce9e531a-3aef-4b10-8653-db7dec52d522
2025-01-27 20:09:18,868 - ontorum.api - INFO - Mock node: NodeType.DIMENSION - Material (f2392c1f-4444-447c-9990-a0d491dcc5bc)
2025-01-27 20:09:18,868 - ontorum.api - INFO - Mock node: NodeType.STATE - Plastic (45688392-869f-4ffa-80f5-8c51c946b650)
2025-01-27 20:09:18,868 - ontorum.example - INFO - Creating new universal: Ice Cream Scoop
2025-01-27 20:09:18,869 - ontorum.api - INFO - Using mock data
ION - Material (e2602240-c68c-4465-bcff-1dc99951f510)
2025-01-27 20:09:18,873 - ontorum.api - INFO - Starting mock data initialization
2025-01-27 20:09:18,870 - ontorum.api - INFO -   Sub-entities: []
2025-01-27 20:09:18,870 - ontorum.api - INFO -   NodeType.STATE - Clean (8f67f8a0-43c0-4a45-9903-f7c90fbaae1d)
2025-01-27 20:09:18,871 - ontorum.api - INFO - Using mock data
2025-01-27 20:09:18,871 - ontorum.api - INFO - Mock node: NodeType.PARTICULAR - Ice Cream Scoop #12 Handle (a3730535-e291-4647-bba0-2a158af254a7)
2025-01-27 20:09:18,871 - ontorum.api - INFO -   States: [UUID('db70bbf5-9984-40f2-aaa5-48035ef18b5d'), UUID('b83a5d17-42c5-46db-a1cd-54418cd55d29'), UUID('5cb50c48-7020-4650-b12f-9a4375f1f878')]
2025-01-27 20:09:18,872 - ontorum.api - INFO - Mock node: NodeType.DIMENSION - Temperature (8ad3f034-c575-41bd-94d3-2fc57df17a7a)
2025-01-27 20:09:18,872 - ontorum.api - INFO -     States: [UUID('e924b979-cec7-42f2-bb4f-f3d85e7b9272'), UUID('1c63e6e6-755e-4ae5-9920-31189dea43d2'), UUID('a31a0e22-fbbe-4286-96e3-61e11359d7c8')]
2025-01-27 20:09:18,871 - ontorum.api - INFO -     Dimensions: [UUID('80bf1781-7910-48f0-870d-23351149f9e2'), UUID('2e5f1f2f-ac85-410d-acc1-19307c32c3cb'), UUID('53abeb4b-d127-4f80-8364-3caa32df1f43')]
2025-01-27 20:09:18,872 - ontorum.example - INFO - Created new dimension: Cleanliness
2025-01-27 20:09:18,873 - ontorum.example - INFO - Initialized IceCreamScoopExpander
2025-01-27 20:09:18,874 - ontorum.api - INFO - Mock node: NodeType.PARTICULAR - Ice Cream Scoop #12 Bowl (529b81d0-7a84-4747-a6bf-a6a8d4297175)
2025-01-27 20:09:18,874 - ontorum.api - INFO -   NodeType.STATE - Dirty (86665615-721c-4cb8-93fc-09bafbcc452f)
2025-01-27 20:09:18,875 - ontorum.api - INFO - Starting mock data initialization
2025-01-27 20:09:18,876 - ontorum.api - INFO -   Universal: 5569ff87-1df0-44b6-bcae-1f10a75a376e
2025-01-27 20:09:18,877 - ontorum.api - INFO -   States: [UUID('a09f8385-5216-4add-be89-3797138a7b1a'), UUID('6960f188-b5c1-4689-81dc-c604f2680145'), UUID('5e49d70a-a2b2-43e4-9b5f-79742bd037e2')]
2025-01-27 20:09:18,877 - ontorum.api - INFO - Mock node: NodeType.STATE - Stainless Steel (db70bbf5-9984-40f2-aaa5-48035ef18b5d)
2025-01-27 20:09:18,878 - ontorum.api - INFO -   NodeType.STATE - Stainless Steel (e924b979-cec7-42f2-bb4f-f3d85e7b9272)
2025-01-27 20:09:18,878 - ontorum.example - INFO - Created new dimension: Material
2025-01-27 20:09:18,878 - ontorum.api - INFO - Created mock scoop with ID: 8b5869e5-876a-40be-9de3-9ee9e9f06557
2025-01-27 20:09:18,879 - ontorum.api - INFO - API starting up
2025-01-27 20:09:18,879 - ontorum.api - INFO -   Universal: de7fc09b-108f-4789-8e73-556bd8921b6c
2025-01-27 20:09:18,880 - ontorum.api - INFO -   NodeType.STATE - Sanitized (30a5fad7-bef0-473f-a5ad-dec1ed2eb8c0)
2025-01-27 20:09:18,880 - ontorum.example - INFO - Initialized IceCreamScoopExpander
2025-01-27 20:09:18,880 - ontorum.api - INFO -   Dimensions: [UUID('69edb563-48c8-4253-9c0f-3869658f5737'), UUID('a8a16891-668e-412f-a209-9a5be2b72804'), UUID('b833a0bf-20f7-4bb3-b1e8-a83ba7b6e99e')]
2025-01-27 20:09:18,882 - ontorum.api - INFO - Mock node: NodeType.STATE - Cold (a09f8385-5216-4add-be89-3797138a7b1a)
2025-01-27 20:09:18,883 - ontorum.api - INFO - Mock node: NodeType.STATE - Aluminum (b83a5d17-42c5-46db-a1cd-54418cd55d29)
2025-01-27 20:09:18,886 - ontorum.api - INFO -   NodeType.STATE - Aluminum (1c63e6e6-755e-4ae5-9920-31189dea43d2)
2025-01-27 20:09:18,887 - ontorum.example - INFO - Created new dimension: Temperature
2025-01-27 20:09:18,887 - ontorum.example - INFO - Creating new universal: Ice Cream Scoop
2025-01-27 20:09:18,887 - ontorum.api - INFO - Using mock data
2025-01-27 20:09:18,888 - ontorum.api - INFO -   Dimensions: [UUID('fb1560a0-e9f3-4786-a475-7bccfaef4043'), UUID('d7c424a2-4ff7-4384-a86f-8096faf183d8'), UUID('36b6e448-6d56-4237-bbdb-036638a8bd14')]
2025-01-27 20:09:18,890 - ontorum.api - INFO -   NodeType.DIMENSION - Material (00d57c4b-77ba-4e4e-9e63-fa315a055948)
2025-01-27 20:09:18,890 - ontorum.api - INFO - Created mock scoop with ID: 9fbb751a-31fb-47bd-be36-61b6e7b6ec01
2025-01-27 20:09:18,891 - ontorum.api - INFO -   Sub-entities: []
2025-01-27 20:09:18,892 - ontorum.api - INFO - Mock node: NodeType.STATE - Room Temperature (6960f188-b5c1-4689-81dc-c604f2680145)
2025-01-27 20:09:18,881 - ontorum.api - WARNING - Failed to connect to database: Using mock data for development. Using mock data.
2025-01-27 20:09:18,894 - ontorum.api - INFO - Mock node: NodeType.STATE - Plastic (5cb50c48-7020-4650-b12f-9a4375f1f878)
2025-01-27 20:09:18,895 - ontorum.api - INFO -   NodeType.STATE - Plastic (a31a0e22-fbbe-4286-96e3-61e11359d7c8)
2025-01-27 20:09:18,896 - ontorum.example - INFO - Added dimension Cleanliness to universal Ice Cream Scoop
2025-01-27 20:09:18,897 - ontorum.example - INFO - Created new dimension: Cleanliness
2025-01-27 20:09:18,898 - ontorum.api - INFO - Starting mock data initialization
2025-01-27 20:09:18,898 - ontorum.api - INFO -   Sub-entities: []
2025-01-27 20:09:18,900 - ontorum.example - INFO - Creating new universal: Ice Cream Scoop
2025-01-27 20:09:18,900 - ontorum.api - INFO -     States: [UUID('cb333fc2-66b1-4ad7-988b-20209fb729a1'), UUID('87d1b43a-5fc9-4bf3-a50e-407517c9d161'), UUID('5005b36a-130e-4ba0-b941-5970a9e2acf9')]
2025-01-27 20:09:18,900 - ontorum.api - INFO - Mock node: NodeType.PARTICULAR - Ice Cream Scoop #12 Bowl (d8200d1e-7098-45d9-885d-8e89445b190e)
2025-01-27 20:09:18,901 - ontorum.api - INFO - Mock node: NodeType.STATE - Hot (5e49d70a-a2b2-43e4-9b5f-79742bd037e2)
2025-01-27 20:09:18,903 - ontorum.api - INFO -   NodeType.DIMENSION - Temperature (a02b85e7-4390-4462-8a01-abb05791f6f1)
2025-01-27 20:09:18,903 - ontorum.api - INFO - Mock node: NodeType.DIMENSION - Temperature (2d7b0167-016f-4cbc-9faf-c96bf51e4500)
2025-01-27 20:09:18,905 - ontorum.example - INFO - Created new dimension: Material
2025-01-27 20:09:18,905 - ontorum.example - INFO - Initialized IceCreamScoopExpander
2025-01-27 20:09:18,905 - ontorum.example - INFO - Created new state: Clean for Cleanliness
2025-01-27 20:09:18,907 - ontorum.example - INFO - Created new dimension: Cleanliness
2025-01-27 20:09:18,905 - ontorum.api - INFO - Mock data initialization complete
2025-01-27 20:09:18,907 - ontorum.api - INFO -   NodeType.STATE - Stainless Steel (cb333fc2-66b1-4ad7-988b-20209fb729a1)
2025-01-27 20:09:18,907 - ontorum.api - INFO -   Universal: 5569ff87-1df0-44b6-bcae-1f10a75a376e
2025-01-27 20:09:18,909 - ontorum.api - INFO - Mock node: NodeType.PARTICULAR - Ice Cream Scoop #12 Handle (aaa7561f-398e-4654-9c71-5c7a90f7391c)
2025-01-27 20:09:18,910 - ontorum.api - INFO -   States: [UUID('5f18d0fd-778f-4e0b-8087-23464c263ac1'), UUID('31391dcd-3d74-4129-b545-34fc2e44f5d4'), UUID('79ea2377-f816-436b-8211-4fe564b9d4d3')]

2025-01-27 20:09:18,912 - ontorum.example - INFO - Created new dimension: Temperature
2025-01-27 20:09:18,912 - ontorum.api - INFO - Created mock scoop with ID: 8fdb9928-16ce-4d00-bcad-d22f837b9bed
2025-01-27 20:09:18,913 - ontorum.example - INFO - Created new state: Dirty for Cleanliness
2025-01-27 20:09:18,913 - ontorum.api - INFO - Mock data initialized with 16 nodes
2025-01-27 20:09:18,913 - ontorum.example - INFO - Created new dimension: Material
2025-01-27 20:09:18,914 - ontorum.api - INFO -   NodeType.STATE - Aluminum (87d1b43a-5fc9-4bf3-a50e-407517c9d161)
2025-01-27 20:09:18,914 - ontorum.api - INFO -   Dimensions: [UUID('69edb563-48c8-4253-9c0f-3869658f5737'), UUID('a8a16891-668e-412f-a209-9a5be2b72804'), UUID('b833a0bf-20f7-4bb3-b1e8-a83ba7b6e99e')]
2025-01-27 20:09:18,915 - ontorum.api - INFO - Mock node: NodeType.STATE - Cold (5f18d0fd-778f-4e0b-8087-23464c263ac1)
2025-01-27 20:09:18,915 - ontorum.api - INFO -   NodeType.STATE - Cold (d3008ed4-1092-47a3-9209-245eed51331a)
2025-01-27 20:09:18,917 - ontorum.example - INFO - Added dimension Cleanliness to universal Ice Cream Scoop
2025-01-27 20:09:18,917 - ontorum.example - INFO - Creating new universal: Ice Cream Scoop
2025-01-27 20:09:18,919 - ontorum.api - INFO - Mock data nodes:
2025-01-27 20:09:18,919 - ontorum.example - INFO - Created new state: Sanitized for Cleanliness
2025-01-27 20:09:18,919 - ontorum.example - INFO - Created new dimension: Temperature
2025-01-27 20:09:18,920 - ontorum.api - INFO -   Universal: cfc6a1b1-dc87-4d95-b919-991da1f82646
2025-01-27 20:09:18,920 - ontorum.api - INFO -   NodeType.STATE - Plastic (5005b36a-130e-4ba0-b941-5970a9e2acf9)
2025-01-27 20:09:18,920 - ontorum.api - INFO -   Sub-entities: []
2025-01-27 20:09:18,921 - ontorum.api - INFO - Mock node: NodeType.STATE - Room Temperature (31391dcd-3d74-4129-b545-34fc2e44f5d4)
2025-01-27 20:09:18,921 - ontorum.api - INFO -   NodeType.STATE - Room Temperature (984707ec-57e9-4787-a544-8c43dcb0799f)
2025-01-27 20:09:18,922 - ontorum.example - INFO - Created new state: Clean for Cleanliness
2025-01-27 20:09:18,922 - ontorum.example - INFO - Created new dimension: Cleanliness
2025-01-27 20:09:18,926 - ontorum.example - INFO - Added dimension Material to universal Ice Cream Scoop
4a78-b2d0-61ebb8b818a7)
2025-01-27 20:09:18,926 - ontorum.example - INFO - Added dimension Cleanliness to universal Ice Cream Scoop
2025-01-27 20:09:18,926 - ontorum.api - INFO -   NodeType.DIMENSION - Temperature (25277cf5-7b8a-4366-b90d-862724921df1)
2025-01-27 20:09:18,926 - ontorum.api - INFO - Mock data initialization complete
2025-01-27 20:09:18,926 - ontorum.api - INFO -   Dimensions: [UUID('d7d70565-c0a3-4c1a-9601-250748cee716'), UUID('259eda95-3f59-4022-8d88-e0c2e0ac2b0a'), UUID('8ad3f034-c575-41bd-94d3-2fc57df17a7a')]
2025-01-27 20:09:18,927 - ontorum.api - INFO - Mock node: NodeType.STATE - Hot (79ea2377-f816-436b-8211-4fe564b9d4d3)
2025-01-27 20:09:18,927 - ontorum.api - INFO -   NodeType.STATE - Hot (dbf11432-2477-4c6f-979f-3077605ef973)
2025-01-27 20:09:18,927 - ontorum.example - INFO - Created new state: Dirty for Cleanliness
2025-01-27 20:09:18,928 - ontorum.example - INFO - Created new dimension: Material
2025-01-27 20:09:18,929 - ontorum.example - INFO - Created new state: Stainless Steel for Material
2025-01-27 20:09:18,934 - ontorum.example - INFO - Created new state: Aluminum for Material
2025-01-27 20:09:18,935 - ontorum.example - INFO - Created new state: Plastic for Material
2025-01-27 20:09:18,935 - ontorum.example - INFO - Added dimension Temperature to universal Ice Cream Scoop
2025-01-27 20:09:18,930 - ontorum.example - INFO - Created new state: Clean for Cleanliness
2025-01-27 20:09:18,936 - ontorum.example - INFO - Created new state: Cold for Temperature
2025-01-27 20:09:18,930 - ontorum.api - INFO - Mock data initialized with 16 nodes
re for Temperature
2025-01-27 20:09:18,937 - ontorum.example - INFO - Created new state: Hot for Temperature
2025-01-27 20:09:18,937 - ontorum.api - INFO - Mock data nodes:
2025-01-27 20:09:18,930 - ontorum.api - INFO -     States: [UUID('161522b7-e3f7-45cd-95b6-f9e323fae1be'), UUID('1a614a92-cde3-4c36-a1f6-d86fbd1876d1'), UUID('d97dc799-b59e-4671-8a4c-b289761a29bd')]
2025-01-27 20:09:18,937 - ontorum.example - INFO - Discovered dimensions for Ice Cream Scoop #12 from universal
2025-01-27 20:09:18,938 - ontorum.api - INFO -   NodeType.PARTICULAR - Ice Cream Scoop #12 (5e24ba1f-d003-4626-97eb-17f899751678)
2025-01-27 20:09:18,931 - ontorum.api - INFO -   Sub-entities: []
2025-01-27 20:09:18,932 - ontorum.api - INFO - Mock node: NodeType.PARTICULAR - Ice Cream Scoop #12 Handle (f7557c66-3366-487e-bf8d-b5b2985da81a)
2025-01-27 20:09:18,932 - ontorum.api - INFO -   NodeType.PARTICULAR - Ice Cream Scoop #12 Handle (790bfbaf-070b-46af-b752-80c981aab321)
2025-01-27 20:09:18,940 - ontorum.api - INFO -     Universal: 5569ff87-1df0-44b6-bcae-1f10a75a376e
2025-01-27 20:09:18,932 - ontorum.example - INFO - Created new state: Sanitized for Cleanliness
2025-01-27 20:09:18,933 - ontorum.example - INFO - Created new dimension: Temperature
2025-01-27 20:09:18,934 - ontorum.api - INFO -     Dimensions: [UUID('fb1560a0-e9f3-4786-a475-7bccfaef4043'), UUID('d7c424a2-4ff7-4384-a86f-8096faf183d8'), UUID('36b6e448-6d56-4237-bbdb-036638a8bd14')]
2025-01-27 20:09:18,936 - ontorum.example - INFO - Created new state: Dirty for Cleanliness
2025-01-27 20:09:18,931 - ontorum.api - WARNING - Failed to connect to database: Using mock data for development. Using mock data.
2025-01-27 20:09:18,938 - ontorum.example - INFO - Creating sub-entities for Ice Cream Scoop #12
2025-01-27 20:09:18,939 - ontorum.api - INFO -   NodeType.STATE - Cold (161522b7-e3f7-45cd-95b6-f9e323fae1be)
2025-01-27 20:09:18,939 - ontorum.api - INFO - Mock node: NodeType.PARTICULAR - Ice Cream Scoop #12 Bowl (45d73f71-19f6-4605-811d-ed5d085a930e)
2025-01-27 20:09:18,940 - ontorum.api - INFO -   Universal: dfa44b86-4a24-459e-a726-65f61095467b
2025-01-27 20:09:18,941 - ontorum.api - INFO -     Dimensions: [UUID('69edb563-48c8-4253-9c0f-3869658f5737'), UUID('a8a16891-668e-412f-a209-9a5be2b72804'), UUID('b833a0bf-20f7-4bb3-b1e8-a83ba7b6e99e')]
2025-01-27 20:09:18,941 - ontorum.api - INFO -     Universal: 591cb595-ab9b-4720-9813-469741bfc639
2025-01-27 20:09:18,942 - ontorum.example - INFO - Added dimension Material to universal Ice Cream Scoop
2025-01-27 20:09:18,943 - ontorum.api - INFO -   NodeType.UNIVERSAL - Ice Cream Scoop (de7fc09b-108f-4789-8e73-556bd8921b6c)
2025-01-27 20:09:18,943 - ontorum.example - INFO - Added dimension Cleanliness to universal Ice Cream Scoop
2025-01-27 20:09:18,944 - ontorum.example - INFO - Created new state: Sanitized for Cleanliness
2025-01-27 20:09:18,946 - ontorum.example - INFO - Found existing universal: Ice Cream Scoop
2025-01-27 20:09:18,947 - ontorum.api - INFO -   Universal: cfc6a1b1-dc87-4d95-b919-991da1f82646
2025-01-27 20:09:18,947 - ontorum.api - INFO -   NodeType.STATE - Room Temperature (1a614a92-cde3-4c36-a1f6-d86fbd1876d1)
2025-01-27 20:09:18,947 - ontorum.api - INFO -   NodeType.UNIVERSAL - Ice Cream Scoop (5569ff87-1df0-44b6-bcae-1f10a75a376e)
4-447c-9990-a0d491dcc5bc'), UUID('2d7b0167-016f-4cbc-9faf-c96bf51e4500')]
2025-01-27 20:09:18,948 - ontorum.api - INFO -     Dimensions: [UUID('0152de36-7a95-4c88-99c3-5ae553d0815e'), UUID('e2602240-c68c-4465-bcff-1dc99951f510'), UUID('a02b85e7-4390-4462-8a01-abb05791f6f1')]
2025-01-27 20:09:18,949 - ontorum.example - INFO - Added dimension Material to universal Ice Cream Scoop
2025-01-27 20:09:18,949 - ontorum.example - INFO - Created new state: Stainless Steel for Material
2025-01-27 20:09:18,949 - ontorum.api - INFO - API starting up
tate: Clean for Cleanliness
2025-01-27 20:09:18,949 - ontorum.api - INFO -     Dimensions: [UUID('fb1560a0-e9f3-4786-a475-7bccfaef4043'), UUID('d7c424a2-4ff7-4384-a86f-8096faf183d8'), UUID('36b6e448-6d56-4237-bbdb-036638a8bd14')]
2025-01-27 20:09:18,950 - ontorum.example - INFO - Discovered dimensions for Ice Cream Scoop #12 Handle from universal
mock data.
2025-01-27 20:09:18,951 - ontorum.api - INFO -   Dimensions: [UUID('d7d70565-c0a3-4c1a-9601-250748cee716'), UUID('259eda95-3f59-4022-8d88-e0c2e0ac2b0a'), UUID('8ad3f034-c575-41bd-94d3-2fc57df17a7a')]
2025-01-27 20:09:18,952 - ontorum.api - INFO -   NodeType.STATE - Hot (d97dc799-b59e-4671-8a4c-b289761a29bd)
2025-01-27 20:09:18,952 - ontorum.api - INFO -   Sub-entities: []
2025-01-27 20:09:18,952 - ontorum.api - INFO -   NodeType.PARTICULAR - Ice Cream Scoop #12 Bowl (8a329157-98d6-4686-a26a-63193532ee78)
2025-01-27 20:09:18,952 - ontorum.api - INFO -     Dimensions: [UUID('69edb563-48c8-4253-9c0f-3869658f5737'), UUID('a8a16891-668e-412f-a209-9a5be2b72804'), UUID('b833a0bf-20f7-4bb3-b1e8-a83ba7b6e99e')]
2025-01-27 20:09:18,953 - ontorum.example - INFO - Created new state: Aluminum for Material
2025-01-27 20:09:18,953 - ontorum.example - INFO - Created new state: Stainless Steel for Material
2025-01-27 20:09:18,953 - ontorum.api - INFO -   NodeType.DIMENSION - Cleanliness (fb1560a0-e9f3-4786-a475-7bccfaef4043)
2025-01-27 20:09:18,953 - ontorum.example - INFO - Created new state: Dirty for Cleanliness
2025-01-27 20:09:18,955 - ontorum.example - INFO - Found existing universal: Ice Cream Scoop
2025-01-27 20:09:18,955 - ontorum.api - INFO -   Sub-entities: []
2025-01-27 20:09:18,956 - ontorum.api - INFO -   NodeType.PARTICULAR - Ice Cream Scoop #12 Handle (ce629042-d9c8-40ce-be50-7b3c11d4b7e3)
2025-01-27 20:09:18,959 - ontorum.api - INFO - Mock node: NodeType.PARTICULAR - Ice Cream Scoop #12 Bowl (25b17904-f3f3-416e-af95-22ad19253007)
2025-01-27 20:09:18,959 - ontorum.api - INFO -     Universal: 591cb595-ab9b-4720-9813-469741bfc639
2025-01-27 20:09:18,959 - ontorum.api - INFO -   NodeType.DIMENSION - Cleanliness (69edb563-48c8-4253-9c0f-3869658f5737)
2025-01-27 20:09:18,960 - ontorum.example - INFO - Created new state: Aluminum for Material
2025-01-27 20:09:18,960 - ontorum.api - INFO -     States: [UUID('1743efd0-060f-4ca8-932a-654621311a48'), UUID('3af44cc4-43e7-4fb3-98e4-dfd06fee1285'), UUID('ece22907-bdc3-4c7b-86a6-c29b4c210945')]
2025-01-27 20:09:18,960 - ontorum.api - INFO - Starting mock data initialization
2025-01-27 20:09:18,960 - ontorum.example - INFO - Created new state: Plastic for Material
2025-01-27 20:09:18,961 - ontorum.example - INFO - Created new state: Sanitized for Cleanliness
2025-01-27 20:09:18,962 - ontorum.api - INFO - Mock data initialization complete
2025-01-27 20:09:18,961 - ontorum.example - INFO - Discovered dimensions for Ice Cream Scoop #12 Bowl from universal
2025-01-27 20:09:18,962 - ontorum.api - INFO -     Universal: a4a8c651-0cd2-4ef3-bb05-ce0c428f01cc
2025-01-27 20:09:18,964 - ontorum.api - INFO -     States: [UUID('cfc2278c-8070-4e8a-a02c-986018875acc'), UUID('3219d3ee-f321-49b8-b325-2d48c7eee248'), UUID('9bf935e1-bd66-40b0-98f1-3d9ceee4f946')]
2025-01-27 20:09:18,964 - ontorum.api - INFO -     Dimensions: [UUID('0152de36-7a95-4c88-99c3-5ae553d0815e'), UUID('e2602240-c68c-4465-bcff-1dc99951f510'), UUID('a02b85e7-4390-4462-8a01-abb05791f6f1')]
2025-01-27 20:09:18,966 - ontorum.api - INFO -   NodeType.STATE - Clean (1743efd0-060f-4ca8-932a-654621311a48)
2025-01-27 20:09:18,966 - ontorum.example - INFO - Initialized IceCreamScoopExpander
2025-01-27 20:09:18,967 - ontorum.example - INFO - Added dimension Temperature to universal Ice Cream Scoop
2025-01-27 20:09:18,967 - ontorum.api - INFO - Mock data initialized with 16 nodes
2025-01-27 20:09:19,013 - ontorum.api - INFO - Initialized mock data with 16 nodes
2025-01-27 20:09:19,013 - ontorum.example - INFO - Added dimension Material to universal Ice Cream Scoop
2025-01-27 20:09:19,015 - ontorum.api - INFO -     Dimensions: [UUID('632583b8-14a0-4cb7-847b-e5ea9a4becb9'), UUID('00d57c4b-77ba-4e4e-9e63-fa315a055948'), UUID('25277cf5-7b8a-4366-b90d-862724921df1')]
2025-01-27 20:09:19,018 - ontorum.example - INFO - Added dimension Temperature to universal Ice Cream Scoop
2025-01-27 20:09:19,018 - ontorum.api - INFO -   Dimensions: [UUID('62529f39-5b87-4e3a-af6c-c7e9550776f5'), UUID('f2392c1f-4444-447c-9990-a0d491dcc5bc'), UUID('2d7b0167-016f-4cbc-9faf-c96bf51e4500')]
2025-01-27 20:09:19,018 - ontorum.api - INFO -   NodeType.STATE - Clean (cfc2278c-8070-4e8a-a02c-986018875acc)
2025-01-27 20:09:19,019 - ontorum.api - INFO - Created mock scoop with ID: 7f21b47c-d6ca-48a1-b894-03b1e63f3923
2025-01-27 20:09:19,020 - ontorum.example - INFO - Created new state: Cold for Temperature
2025-01-27 20:09:19,022 - ontorum.api - INFO - Mock data nodes:
2025-01-27 20:09:19,024 - ontorum.example - INFO - Created new state: Stainless Steel for Material
2025-01-27 20:09:19,024 - ontorum.api - INFO - Mock node: NodeType.PARTICULAR - Ice Cream Scoop #12 (88aeb6d6-afa1-46f4-ae7e-27740ad628dd)
2025-01-27 20:09:19,025 - ontorum.api - INFO -   NodeType.PARTICULAR - Ice Cream Scoop #12 Bowl (d19f803c-841e-4fff-9c94-4e1ccc416b41)
2025-01-27 20:09:19,026 - ontorum.example - INFO - Created new state: Cold for Temperature
2025-01-27 20:09:19,027 - ontorum.api - INFO -   Sub-entities: []
2025-01-27 20:09:19,028 - ontorum.api - INFO -   NodeType.STATE - Dirty (3219d3ee-f321-49b8-b325-2d48c7eee248)
2025-01-27 20:09:19,029 - ontorum.example - INFO - Creating new universal: Ice Cream Scoop
2025-01-27 20:09:19,029 - ontorum.api - INFO -   NodeType.STATE - Sanitized (ece22907-bdc3-4c7b-86a6-c29b4c210945)
2025-01-27 20:09:19,029 - ontorum.example - INFO - Created new state: Room Temperature for Temperature
2025-01-27 20:09:19,030 - ontorum.api - INFO -   NodeType.PARTICULAR - Ice Cream Scoop #12 (0dfb2688-a59b-43f9-be16-9e3223655bd5)
2025-01-27 20:09:19,030 - ontorum.api - INFO - API starting up
2025-01-27 20:09:19,031 - ontorum.api - INFO -   Universal: 59e0bef9-feb9-4dd1-8e26-d72dcc57cdf6
2025-01-27 20:09:19,031 - ontorum.example - INFO - Created new state: Aluminum for Material
2025-01-27 20:09:19,030 - ontorum.api - INFO - API starting up
2025-01-27 20:09:19,031 - ontorum.api - INFO -     Universal: a4a8c651-0cd2-4ef3-bb05-ce0c428f01cc
2025-01-27 20:09:19,032 - ontorum.example - INFO - Created new state: Room Temperature for Temperature
2025-01-27 20:09:19,032 - ontorum.api - INFO - Mock data initialization complete
2025-01-27 20:09:19,032 - ontorum.api - INFO -   NodeType.STATE - Sanitized (9bf935e1-bd66-40b0-98f1-3d9ceee4f946)
2025-01-27 20:09:19,034 - ontorum.example - INFO - Created new state: Hot for Temperature
2025-01-27 20:09:19,033 - ontorum.api - INFO -   NodeType.DIMENSION - Material (d7c424a2-4ff7-4384-a86f-8096faf183d8)
2025-01-27 20:09:19,033 - ontorum.example - INFO - Created new dimension: Cleanliness
2025-01-27 20:09:19,035 - ontorum.api - INFO -     Universal: cfc6a1b1-dc87-4d95-b919-991da1f82646
2025-01-27 20:09:19,036 - ontorum.example - INFO - Created new state: Plastic for Material
2025-01-27 20:09:19,036 - ontorum.api - INFO -   Dimensions: [UUID('6be8e478-b143-4675-a404-8bb54942949f'), UUID('084b909f-d38e-42d2-b202-645949db1a13'), UUID('3c1f0b9e-a38f-4d81-ab55-ed33b3e77ab4')]
2025-01-27 20:09:19,048 - ontorum.api - INFO -     Dimensions: [UUID('632583b8-14a0-4cb7-847b-e5ea9a4becb9'), UUID('00d57c4b-77ba-4e4e-9e63-fa315a055948'), UUID('25277cf5-7b8a-4366-b90d-862724921df1')]
2025-01-27 20:09:19,048 - ontorum.api - INFO - Using mock data
2025-01-27 20:09:19,049 - ontorum.example - INFO - Created new state: Hot for Temperature
2025-01-27 20:09:19,049 - ontorum.api - INFO - Mock data initialized with 16 nodes
2025-01-27 20:09:19,050 - ontorum.api - INFO -   NodeType.DIMENSION - Material (a8a16891-668e-412f-a209-9a5be2b72804)
2025-01-27 20:09:19,050 - ontorum.api - INFO -     States: [UUID('bbec1ff0-01ab-4966-9744-8a9bce7b9471'), UUID('4d6f4ccd-aed9-4267-97c5-12385a31eac6'), UUID('a0df697c-8cd4-4750-84bf-e034a296d89b')]
2025-01-27 20:09:19,050 - ontorum.example - INFO - Created new dimension: Material
2025-01-27 20:09:19,050 - ontorum.example - INFO - Discovered dimensions for Ice Cream Scoop #12 from universal
2025-01-27 20:09:19,051 - ontorum.api - INFO - Starting mock data initialization
universal Ice Cream Scoop
 UUID('259eda95-3f59-4022-8d88-e0c2e0ac2b0a'), UUID('8ad3f034-c575-41bd-94d3-2fc57df17a7a')]
2025-01-27 20:09:19,051 - ontorum.api - INFO -   Sub-entities: [UUID('646791ce-050e-46a1-b1d1-fb1ca9101ac0'), UUID('931cf185-1eb5-4980-b472-a79aed5d817a')]
2025-01-27 20:09:19,052 - ontorum.api - INFO - Starting mock data initialization
2025-01-27 20:09:19,053 - ontorum.api - INFO -     States: [UUID('d780f32e-557f-4ed1-8f6f-706b62917971'), UUID('f9608764-5231-47c4-a922-bd7426d0d10a'), UUID('e3e0a527-d634-4a25-874f-f07cb076609d')]
2025-01-27 20:09:19,054 - ontorum.api - INFO -   NodeType.STATE - Stainless Steel (bbec1ff0-01ab-4966-9744-8a9bce7b9471)
2025-01-27 20:09:19,054 - ontorum.example - INFO - Creating sub-entities for Ice Cream Scoop #12
2025-01-27 20:09:19,052 - ontorum.example - INFO - Discovered dimensions for Ice Cream Scoop #12 from universal
2025-01-27 20:09:19,053 - ontorum.api - INFO - Mock data nodes:
2025-01-27 20:09:19,054 - ontorum.example - INFO - Created new dimension: Temperature
2025-01-27 20:09:19,055 - ontorum.example - INFO - Created new state: Cold for Temperature
2025-01-27 20:09:19,054 - ontorum.api - INFO -   NodeType.UNIVERSAL - Ice Cream Scoop (cfc6a1b1-dc87-4d95-b919-991da1f82646)
2025-01-27 20:09:19,058 - ontorum.example - INFO - Added dimension Cleanliness to universal Ice Cream Scoop
2025-01-27 20:09:19,056 - ontorum.example - INFO - Initialized IceCreamScoopExpander
2025-01-27 20:09:19,059 - ontorum.example - INFO - Created new state: Clean for Cleanliness
2025-01-27 20:09:19,056 - ontorum.api - INFO - Mock node: NodeType.UNIVERSAL - Ice Cream Scoop (59e0bef9-feb9-4dd1-8e26-d72dcc57cdf6)
2025-01-27 20:09:19,056 - ontorum.example - INFO - Found existing universal: Ice Cream Scoop
2025-01-27 20:09:19,060 - ontorum.example - INFO - Created new state: Dirty for Cleanliness
2025-01-27 20:09:19,057 - ontorum.example - INFO - Creating sub-entities for Ice Cream Scoop #12
2025-01-27 20:09:19,056 - ontorum.api - INFO -   NodeType.STATE - Aluminum (4d6f4ccd-aed9-4267-97c5-12385a31eac6)
2025-01-27 20:09:19,056 - ontorum.api - INFO -   NodeType.STATE - Stainless Steel (d780f32e-557f-4ed1-8f6f-706b62917971)
2025-01-27 20:09:19,060 - ontorum.example - INFO - Added dimension Material to universal Ice Cream Scoop
2025-01-27 20:09:19,058 - ontorum.example - INFO - Created new state: Room Temperature for Temperature
2025-01-27 20:09:19,057 - ontorum.api - INFO -   NodeType.PARTICULAR - Ice Cream Scoop #12 (949a2f34-e425-4e4e-ac41-607664df1682)
2025-01-27 20:09:19,058 - ontorum.api - INFO -     Dimensions: [UUID('d7d70565-c0a3-4c1a-9601-250748cee716'), UUID('259eda95-3f59-4022-8d88-e0c2e0ac2b0a'), UUID('8ad3f034-c575-41bd-94d3-2fc57df17a7a')]
2025-01-27 20:09:19,061 - ontorum.example - INFO - Created new state: Stainless Steel for Material
2025-01-27 20:09:19,062 - ontorum.example - INFO - Created new state: Aluminum for Material
2025-01-27 20:09:19,060 - ontorum.api - INFO - Created mock scoop with ID: ab0d9eee-0486-48ad-a17b-b83d5c5f6c73
2025-01-27 20:09:19,063 - ontorum.example - INFO - Created new state: Plastic for Material
2025-01-27 20:09:19,060 - ontorum.example - INFO - Discovered dimensions for Ice Cream Scoop #12 Handle from universal
2025-01-27 20:09:19,060 - ontorum.api - INFO - Mock node: NodeType.DIMENSION - Cleanliness (6be8e478-b143-4675-a404-8bb54942949f)
2025-01-27 20:09:19,060 - ontorum.api - INFO -   NodeType.STATE - Aluminum (f9608764-5231-47c4-a922-bd7426d0d10a)
2025-01-27 20:09:19,061 - ontorum.example - INFO - Found existing universal: Ice Cream Scoop
2025-01-27 20:09:19,061 - ontorum.example - INFO - Created new state: Hot for Temperature
2025-01-27 20:09:19,059 - ontorum.api - INFO - Created mock scoop with ID: 878ef9b1-1bc6-4441-ab15-0c4b77cdacf2
2025-01-27 20:09:19,062 - ontorum.api - INFO -     Universal: dfa44b86-4a24-459e-a726-65f61095467b
2025-01-27 20:09:19,062 - ontorum.api - INFO -   NodeType.DIMENSION - Cleanliness (d7d70565-c0a3-4c1a-9601-250748cee716)
2025-01-27 20:09:19,063 - ontorum.example - INFO - Creating new universal: Ice Cream Scoop
Ice Cream Scoop
2025-01-27 20:09:19,064 - ontorum.example - INFO - Found existing universal: Ice Cream Scoop
2025-01-27 20:09:19,067 - ontorum.example - INFO - Created new dimension: Cleanliness
2025-01-27 20:09:19,063 - ontorum.api - INFO -   NodeType.DIMENSION - Temperature (36b6e448-6d56-4237-bbdb-036638a8bd14)
2025-01-27 20:09:19,069 - ontorum.example - INFO - Created new dimension: Material
2025-01-27 20:09:19,069 - ontorum.example - INFO - Created new dimension: Temperature
2025-01-27 20:09:19,064 - ontorum.api - INFO -   States: [UUID('448787df-55c1-4464-8a4e-ded50e74121e'), UUID('c9b7be23-b611-42d6-bd94-b232bf874f5b'), UUID('7f857c4b-492a-4ad3-8ee6-cbff1c10891c')]
2025-01-27 20:09:19,070 - ontorum.example - INFO - Added dimension Cleanliness to universal Ice Cream Scoop
2025-01-27 20:09:19,065 - ontorum.example - INFO - Discovered dimensions for Ice Cream Scoop #12 Handle from universal
2025-01-27 20:09:19,071 - ontorum.example - INFO - Created new state: Dirty for Cleanliness
2025-01-27 20:09:19,065 - ontorum.example - INFO - Discovered dimensions for Ice Cream Scoop #12 from universal
2025-01-27 20:09:19,072 - ontorum.example - INFO - Created new state: Sanitized for Cleanliness
2025-01-27 20:09:19,066 - ontorum.example - INFO - Creating new universal: Ice Cream Scoop
2025-01-27 20:09:19,073 - ontorum.example - INFO - Added dimension Material to universal Ice Cream Scoop
2025-01-27 20:09:19,073 - ontorum.example - INFO - Created new state: Stainless Steel for Material
2025-01-27 20:09:19,067 - ontorum.example - INFO - Created new state: Cold for Temperature
2025-01-27 20:09:19,067 - ontorum.api - INFO -     Dimensions: [UUID('62529f39-5b87-4e3a-af6c-c7e9550776f5'), UUID('f2392c1f-4444-447c-9990-a0d491dcc5bc'), UUID('2d7b0167-016f-4cbc-9faf-c96bf51e4500')]
2025-01-27 20:09:19,067 - ontorum.api - INFO -     States: [UUID('1cb79960-0f02-4807-96ce-1c85153a1418'), UUID('0546d399-64be-49b1-9091-70516bd3dd35'), UUID('8dff22bb-8d37-4d94-8d72-d930001fbac5')]
2025-01-27 20:09:19,069 - ontorum.example - INFO - Discovered dimensions for Ice Cream Scoop #12 Bowl from universal
2025-01-27 20:09:19,069 - ontorum.api - INFO -     States: [UUID('bcaf7b97-0a88-4950-88cd-ee43e7da22bf'), UUID('9fedc836-e19c-454a-b9c7-d901fc976e8e'), UUID('5bb393ed-7919-47b2-8be7-99efa2e1b65a')]
2025-01-27 20:09:19,070 - ontorum.api - INFO - Mock node: NodeType.STATE - Clean (448787df-55c1-4464-8a4e-ded50e74121e)
2025-01-27 20:09:19,072 - ontorum.example - INFO - Found existing universal: Ice Cream Scoop
2025-01-27 20:09:19,072 - ontorum.api - INFO -   NodeType.DIMENSION - Temperature (b833a0bf-20f7-4bb3-b1e8-a83ba7b6e99e)
2025-01-27 20:09:19,073 - ontorum.example - INFO - Creating sub-entities for Ice Cream Scoop #12
2025-01-27 20:09:19,073 - ontorum.example - INFO - Created new dimension: Cleanliness
2025-01-27 20:09:19,074 - ontorum.example - INFO - Created new state: Room Temperature for Temperature
2025-01-27 20:09:19,075 - ontorum.api - INFO -   NodeType.STATE - Clean (1cb79960-0f02-4807-96ce-1c85153a1418)
2025-01-27 20:09:19,075 - ontorum.api - INFO -   NodeType.UNIVERSAL - Ice Cream Scoop (dfa44b86-4a24-459e-a726-65f61095467b)
2025-01-27 20:09:19,076 - ontorum.api - INFO -   NodeType.STATE - Cold (bcaf7b97-0a88-4950-88cd-ee43e7da22bf)
2025-01-27 20:09:19,076 - ontorum.api - INFO - Initialized mock data with 16 nodes
2025-01-27 20:09:19,076 - ontorum.api - INFO - Mock node: NodeType.STATE - Dirty (c9b7be23-b611-42d6-bd94-b232bf874f5b)
2025-01-27 20:09:19,076 - ontorum.example - INFO - Discovered dimensions for Ice Cream Scoop #12 Bowl from universal
2025-01-27 20:09:19,077 - ontorum.api - INFO -     States: [UUID('03b71a21-307d-46f6-a30b-4bd4b4065c53'), UUID('fb23a609-a2bb-4318-a121-58a8f2143e6c'), UUID('f73540ec-f6c1-45a5-8234-8dd48fa1064d')]
2025-01-27 20:09:19,080 - ontorum.example - INFO - Created new dimension: Material
2025-01-27 20:09:19,080 - ontorum.example - INFO - Found existing universal: Ice Cream Scoop
2025-01-27 20:09:19,081 - ontorum.example - INFO - Created new state: Hot for Temperature
2025-01-27 20:09:19,081 - ontorum.example - INFO - Created new state: Plastic for Material
2025-01-27 20:09:19,082 - ontorum.api - INFO -   NodeType.STATE - Dirty (0546d399-64be-49b1-9091-70516bd3dd35)
2025-01-27 20:09:19,082 - ontorum.api - INFO -     Dimensions: [UUID('62529f39-5b87-4e3a-af6c-c7e9550776f5'), UUID('f2392c1f-4444-447c-9990-a0d491dcc5bc'), UUID('2d7b0167-016f-4cbc-9faf-c96bf51e4500')]
2025-01-27 20:09:19,083 - ontorum.api - INFO - Mock node: NodeType.PARTICULAR - Ice Cream Scoop #12 (8b5869e5-876a-40be-9de3-9ee9e9f06557)
2025-01-27 20:09:19,083 - ontorum.api - INFO -   NodeType.STATE - Room Temperature (9fedc836-e19c-454a-b9c7-d901fc976e8e)

2025-01-27 20:09:19,135 - ontorum.api - INFO -   NodeType.STATE - Hot (5bb393ed-7919-47b2-8be7-99efa2e1b65a)
2025-01-27 20:09:19,136 - ontorum.api - INFO -   NodeType.PARTICULAR - Ice Cream Scoop #12 Handle (f420ccd7-b9b7-47fa-b37e-48577149496d)
2025-01-27 20:09:19,085 - ontorum.api - INFO - Initialized mock data with 16 nodes
2025-01-27 20:09:19,136 - ontorum.api - INFO -     Universal: de7fc09b-108f-4789-8e73-556bd8921b6c
2025-01-27 20:09:19,086 - ontorum.api - INFO -   NodeType.STATE - Cold (03b71a21-307d-46f6-a30b-4bd4b4065c53)
2025-01-27 20:09:19,137 - ontorum.api - INFO -     Dimensions: [UUID('fb1560a0-e9f3-4786-a475-7bccfaef4043'), UUID('d7c424a2-4ff7-4384-a86f-8096faf183d8'), UUID('36b6e448-6d56-4237-bbdb-036638a8bd14')]
2025-01-27 20:09:19,137 - ontorum.api - INFO -   NodeType.PARTICULAR - Ice Cream Scoop #12 Bowl (529b81d0-7a84-4747-a6bf-a6a8d4297175)
2025-01-27 20:09:19,138 - ontorum.api - INFO -     Universal: de7fc09b-108f-4789-8e73-556bd8921b6c
2025-01-27 20:09:19,087 - ontorum.example - INFO - Created new dimension: Temperature
2025-01-27 20:09:19,087 - ontorum.example - INFO - Discovered dimensions for Ice Cream Scoop #12 Handle from universal
2025-01-27 20:09:19,087 - ontorum.example - INFO - Discovered dimensions for Ice Cream Scoop #12 from universal
2025-01-27 20:09:19,088 - ontorum.example - INFO - Added dimension Temperature to universal Ice Cream Scoop
2025-01-27 20:09:19,126 - ontorum.api - INFO -   NodeType.STATE - Sanitized (8dff22bb-8d37-4d94-8d72-d930001fbac5)
2025-01-27 20:09:19,133 - ontorum.api - INFO -   NodeType.DIMENSION - Cleanliness (62529f39-5b87-4e3a-af6c-c7e9550776f5)
2025-01-27 20:09:19,134 - ontorum.api - INFO -   Universal: e20740a3-08d1-427c-9415-fddfe822155f
2025-01-27 20:09:19,135 - ontorum.api - INFO - Mock node: NodeType.DIMENSION - Material (084b909f-d38e-42d2-b202-645949db1a13)
2025-01-27 20:09:19,137 - ontorum.api - INFO - Mock node: NodeType.PARTICULAR - Ice Cream Scoop #12 (9fbb751a-31fb-47bd-be36-61b6e7b6ec01)
2025-01-27 20:09:19,137 - ontorum.api - INFO -   NodeType.STATE - Room Temperature (fb23a609-a2bb-4318-a121-58a8f2143e6c)
2025-01-27 20:09:19,139 - ontorum.api - INFO -     Dimensions: [UUID('fb1560a0-e9f3-4786-a475-7bccfaef4043'), UUID('d7c424a2-4ff7-4384-a86f-8096faf183d8'), UUID('36b6e448-6d56-4237-bbdb-036638a8bd14')]
2025-01-27 20:09:19,140 - ontorum.example - INFO - Added dimension Cleanliness to universal Ice Cream Scoop
2025-01-27 20:09:19,141 - ontorum.example - INFO - Creating sub-entities for Ice Cream Scoop #12
2025-01-27 20:09:19,141 - ontorum.example - INFO - Found existing universal: Ice Cream Scoop
2025-01-27 20:09:19,143 - ontorum.example - INFO - Created new state: Cold for Temperature
2025-01-27 20:09:19,144 - ontorum.api - INFO -   NodeType.DIMENSION - Material (259eda95-3f59-4022-8d88-e0c2e0ac2b0a)
2025-01-27 20:09:19,145 - ontorum.api - INFO -     States: [UUID('e7ac7837-a44e-45cf-88d8-9c539f632cb1'), UUID('1aaf77e7-d433-4e26-a333-b49805c74328'), UUID('3786998f-3b63-4173-8a40-fd88f52c1027')]
2025-01-27 20:09:19,174 - ontorum.api - INFO -   Dimensions: [UUID('4cde6eee-4386-4372-9a09-f370a54fbf54'), UUID('600205af-7130-4ef9-8e7f-8cab1b8e7c96'), UUID('aa395186-2a53-480a-975b-11391044c531')]
2025-01-27 20:09:19,176 - ontorum.api - INFO -   States: [UUID('81636cd5-aa37-49d1-94b0-d1ec5c8730a4'), UUID('551cc267-bc8b-47d2-b20b-2861a550778d'), UUID('37ce14fa-4dd9-4a68-ae48-03837cd0e26a')]
2025-01-27 20:09:19,178 - ontorum.api - INFO -   Universal: e81862b8-74c9-400f-aedb-329a46ba4082
2025-01-27 20:09:19,183 - ontorum.api - INFO -   NodeType.STATE - Hot (f73540ec-f6c1-45a5-8234-8dd48fa1064d)
2025-01-27 20:09:19,185 - ontorum.example - INFO - Created new state: Clean for Cleanliness
2025-01-27 20:09:19,186 - ontorum.example - INFO - Found existing universal: Ice Cream Scoop
2025-01-27 20:09:19,188 - ontorum.example - INFO - Created new state: Room Temperature for Temperature
2025-01-27 20:09:19,189 - ontorum.api - INFO -     States: [UUID('fe5eba56-ed6a-4ea3-832c-678f818f7a1f'), UUID('59f18c09-6d1c-41c2-95ad-ae53423c82ca'), UUID('45688392-869f-4ffa-80f5-8c51c946b650')]
2025-01-27 20:09:19,190 - ontorum.api - INFO -   NodeType.STATE - Clean (e7ac7837-a44e-45cf-88d8-9c539f632cb1)
2025-01-27 20:09:19,192 - ontorum.api - INFO -   Sub-entities: [UUID('f8dfa003-94c3-4bde-8f0a-b922645fb6f2'), UUID('b45b4164-d98c-49f4-ba94-9ed30bf5f499')]
2025-01-27 20:09:19,192 - ontorum.api - INFO - Mock node: NodeType.STATE - Stainless Steel (81636cd5-aa37-49d1-94b0-d1ec5c8730a4)
2025-01-27 20:09:19,173 - ontorum.api - WARNING - Failed to connect to database: Using mock data for development. Using mock data.
2025-01-27 20:09:19,193 - ontorum.api - INFO -   Dimensions: [UUID('915e9ce6-ac89-4500-8481-8c115dae3a6c'), UUID('8ce94c9a-4844-4838-be70-cd778ee541c2'), UUID('5ff1d275-0819-4f22-a3a2-415b83cd4e8d')]
2025-01-27 20:09:19,193 - ontorum.api - INFO -   NodeType.PARTICULAR - Ice Cream Scoop #12 Handle (a3730535-e291-4647-bba0-2a158af254a7)
2025-01-27 20:09:19,194 - ontorum.example - INFO - Created new state: Dirty for Cleanliness
2025-01-27 20:09:19,194 - ontorum.example - INFO - Discovered dimensions for Ice Cream Scoop #12 Handle from universal
2025-01-27 20:09:19,187 - ontorum.example - INFO - Discovered dimensions for Ice Cream Scoop #12 Bowl from universal
2025-01-27 20:09:19,197 - ontorum.example - INFO - Created new state: Hot for Temperature
2025-01-27 20:09:19,227 - ontorum.api - INFO -   NodeType.STATE - Stainless Steel (fe5eba56-ed6a-4ea3-832c-678f818f7a1f)
2025-01-27 20:09:19,228 - ontorum.api - INFO -   NodeType.STATE - Dirty (1aaf77e7-d433-4e26-a333-b49805c74328)
2025-01-27 20:09:19,228 - ontorum.api - INFO - Mock node: NodeType.UNIVERSAL - Ice Cream Scoop (e20740a3-08d1-427c-9415-fddfe822155f)
2025-01-27 20:09:19,229 - ontorum.api - INFO - Mock node: NodeType.STATE - Aluminum (551cc267-bc8b-47d2-b20b-2861a550778d)
2025-01-27 20:09:19,231 - ontorum.api - INFO -   Sub-entities: [UUID('020859ed-07fc-4b4e-a7ae-aa6c6d08327e'), UUID('bf852446-e40a-47ff-853d-c0d1ae4240e5')]
2025-01-27 20:09:19,233 - ontorum.example - INFO - Created new state: Sanitized for Cleanliness
2025-01-27 20:09:19,232 - ontorum.api - INFO -     Universal: 5569ff87-1df0-44b6-bcae-1f10a75a376e
2025-01-27 20:09:19,243 - ontorum.example - INFO - Found existing universal: Ice Cream Scoop
2025-01-27 20:09:19,245 - ontorum.example - INFO - Discovered dimensions for Ice Cream Scoop #12 from universal
2025-01-27 20:09:19,263 - ontorum.api - INFO -   NodeType.STATE - Aluminum (59f18c09-6d1c-41c2-95ad-ae53423c82ca)
2025-01-27 20:09:19,264 - ontorum.api - INFO -   NodeType.STATE - Sanitized (3786998f-3b63-4173-8a40-fd88f52c1027)
2025-01-27 20:09:19,264 - ontorum.api - INFO - Mock node: NodeType.DIMENSION - Cleanliness (4cde6eee-4386-4372-9a09-f370a54fbf54)
2025-01-27 20:09:19,265 - ontorum.api - INFO - Mock node: NodeType.STATE - Plastic (37ce14fa-4dd9-4a68-ae48-03837cd0e26a)
2025-01-27 20:09:19,291 - ontorum.api - INFO - Mock node: NodeType.UNIVERSAL - Ice Cream Scoop (e81862b8-74c9-400f-aedb-329a46ba4082)
2025-01-27 20:09:19,296 - ontorum.example - INFO - Added dimension Material to universal Ice Cream Scoop
2025-01-27 20:09:19,296 - ontorum.api - INFO -     Dimensions: [UUID('69edb563-48c8-4253-9c0f-3869658f5737'), UUID('a8a16891-668e-412f-a209-9a5be2b72804'), UUID('b833a0bf-20f7-4bb3-b1e8-a83ba7b6e99e')]
2025-01-27 20:09:19,296 - ontorum.example - INFO - Discovered dimensions for Ice Cream Scoop #12 Bowl from universal
2025-01-27 20:09:19,297 - ontorum.example - INFO - Creating sub-entities for Ice Cream Scoop #12
2025-01-27 20:09:19,297 - ontorum.api - INFO -   NodeType.STATE - Plastic (45688392-869f-4ffa-80f5-8c51c946b650)
2025-01-27 20:09:19,297 - ontorum.api - INFO -   NodeType.DIMENSION - Material (f2392c1f-4444-447c-9990-a0d491dcc5bc)
2025-01-27 20:09:19,297 - ontorum.api - INFO -   States: [UUID('9ecc1984-6deb-498e-8b3b-041ee1ed0afb'), UUID('a340427e-3ec1-41a4-aa16-ca79c578aba5'), UUID('bf28e73f-f729-4bad-85ae-5bd3ca931885')]
2025-01-27 20:09:19,299 - ontorum.example - INFO - Created new state: Stainless Steel for Material
2025-01-27 20:09:19,299 - ontorum.api - INFO - Mock node: NodeType.DIMENSION - Cleanliness (915e9ce6-ac89-4500-8481-8c115dae3a6c)
2025-01-27 20:09:19,298 - ontorum.api - INFO - Mock node: NodeType.DIMENSION - Temperature (3c1f0b9e-a38f-4d81-ab55-ed33b3e77ab4)
2025-01-27 20:09:19,299 - ontorum.api - INFO - Mock node: NodeType.PARTICULAR - Ice Cream Scoop #12 (8fdb9928-16ce-4d00-bcad-d22f837b9bed)
2025-01-27 20:09:19,299 - ontorum.api - INFO -   NodeType.PARTICULAR - Ice Cream Scoop #12 Bowl (d8200d1e-7098-45d9-885d-8e89445b190e)
2025-01-27 20:09:19,301 - ontorum.example - INFO - Found existing universal: Ice Cream Scoop
2025-01-27 20:09:19,301 - ontorum.api - INFO - Initialized mock data with 16 nodes
ad3f034-c575-41bd-94d3-2fc57df17a7a)
2025-01-27 20:09:19,303 - ontorum.api - INFO -     States: [UUID('db70bbf5-9984-40f2-aaa5-48035ef18b5d'), UUID('b83a5d17-42c5-46db-a1cd-54418cd55d29'), UUID('5cb50c48-7020-4650-b12f-9a4375f1f878')]
2025-01-27 20:09:19,304 - ontorum.example - INFO - Created new state: Aluminum for Material
2025-01-27 20:09:19,304 - ontorum.api - INFO - Mock node: NodeType.STATE - Clean (9ecc1984-6deb-498e-8b3b-041ee1ed0afb)
2025-01-27 20:09:19,304 - ontorum.api - INFO -   States: [UUID('5368c3a8-eb58-4cbc-b022-c9fbbc512193'), UUID('2ac30b2d-3d67-4974-bfce-182b112d3ff6'), UUID('860f8ce0-ee6a-445c-a94b-163cd64540d2')]
2025-01-27 20:09:19,311 - ontorum.api - INFO -   States: [UUID('e7905b35-ea39-4a00-9bf3-f8927019600b'), UUID('e52a9fcc-a5f4-4ded-b34d-05664e467c0f'), UUID('cfb73a4c-9fe5-4085-91c3-b4fb1db66dba')]
2025-01-27 20:09:19,314 - ontorum.api - INFO -   Universal: fc5fffcf-5953-403e-bde8-47689d7ba265
2025-01-27 20:09:19,315 - ontorum.api - INFO -     Universal: 5569ff87-1df0-44b6-bcae-1f10a75a376e
2025-01-27 20:09:19,315 - ontorum.example - INFO - Discovered dimensions for Ice Cream Scoop #12 Handle from universal
2025-01-27 20:09:19,315 - ontorum.api - INFO - Mock node: NodeType.PARTICULAR - Ice Cream Scoop #12 (7f21b47c-d6ca-48a1-b894-03b1e63f3923)
2025-01-27 20:09:19,316 - ontorum.example - INFO - Created new state: Plastic for Material
2025-01-27 20:09:19,315 - ontorum.api - INFO -     States: [UUID('a09f8385-5216-4add-be89-3797138a7b1a'), UUID('6960f188-b5c1-4689-81dc-c604f2680145'), UUID('5e49d70a-a2b2-43e4-9b5f-79742bd037e2')]
2025-01-27 20:09:19,316 - ontorum.api - INFO -   NodeType.STATE - Stainless Steel (db70bbf5-9984-40f2-aaa5-48035ef18b5d)
2025-01-27 20:09:19,316 - ontorum.api - INFO - Mock node: NodeType.STATE - Clean (5368c3a8-eb58-4cbc-b022-c9fbbc512193)
2025-01-27 20:09:19,317 - ontorum.api - INFO - Mock node: NodeType.STATE - Dirty (a340427e-3ec1-41a4-aa16-ca79c578aba5)
2025-01-27 20:09:19,317 - ontorum.api - INFO -     Dimensions: [UUID('69edb563-48c8-4253-9c0f-3869658f5737'), UUID('a8a16891-668e-412f-a209-9a5be2b72804'), UUID('b833a0bf-20f7-4bb3-b1e8-a83ba7b6e99e')]
2025-01-27 20:09:19,317 - ontorum.api - INFO - Mock node: NodeType.STATE - Cold (e7905b35-ea39-4a00-9bf3-f8927019600b)
2025-01-27 20:09:19,318 - ontorum.example - INFO - Found existing universal: Ice Cream Scoop
2025-01-27 20:09:19,317 - ontorum.api - INFO -   Dimensions: [UUID('c6a221ca-acb6-4336-934b-bbc2b58d32d2'), UUID('8af6cf79-8ded-4517-bc50-7c429fabccad'), UUID('6974272c-f0da-455f-94f8-26b7a1e3b7f7')]
2025-01-27 20:09:19,318 - ontorum.api - INFO -   Universal: af275c7d-7e2a-4c3c-aed5-a06f0722ecaf
2025-01-27 20:09:19,318 - ontorum.example - INFO - Added dimension Temperature to universal Ice Cream Scoop
2025-01-27 20:09:19,318 - ontorum.api - INFO -   NodeType.STATE - Cold (a09f8385-5216-4add-be89-3797138a7b1a)
2025-01-27 20:09:19,318 - ontorum.api - INFO -   NodeType.STATE - Aluminum (b83a5d17-42c5-46db-a1cd-54418cd55d29)
2025-01-27 20:09:19,319 - ontorum.api - INFO - Mock node: NodeType.STATE - Dirty (2ac30b2d-3d67-4974-bfce-182b112d3ff6)
2025-01-27 20:09:19,319 - ontorum.api - INFO - Mock node: NodeType.STATE - Sanitized (bf28e73f-f729-4bad-85ae-5bd3ca931885)
2025-01-27 20:09:19,320 - ontorum.api - INFO - Mock node: NodeType.STATE - Room Temperature (e52a9fcc-a5f4-4ded-b34d-05664e467c0f)
2025-01-27 20:09:19,320 - ontorum.api - INFO - API starting up
2025-01-27 20:09:19,321 - ontorum.example - INFO - Discovered dimensions for Ice Cream Scoop #12 Bowl from universal
2025-01-27 20:09:19,321 - ontorum.api - INFO -   Sub-entities: [UUID('a2a0efea-cc0e-4524-b1d5-feaa3eab5de8'), UUID('8563cb92-ab67-4721-b55e-9370c0800d79')]
2025-01-27 20:09:19,322 - ontorum.api - INFO -   Dimensions: [UUID('6510af4c-4dd1-43cf-83e1-c40382daf595'), UUID('893ee45d-7fb9-4c68-b0be-879a51e82fca'), UUID('074f9c55-e2ad-4aa7-9559-87feaec96db4')]
2025-01-27 20:09:19,323 - ontorum.api - INFO -   NodeType.STATE - Room Temperature (6960f188-b5c1-4689-81dc-c604f2680145)
2025-01-27 20:09:19,322 - ontorum.example - INFO - Created new state: Cold for Temperature
2025-01-27 20:09:19,324 - ontorum.api - INFO -   NodeType.STATE - Plastic (5cb50c48-7020-4650-b12f-9a4375f1f878)
2025-01-27 20:09:19,324 - ontorum.api - INFO - Mock node: NodeType.STATE - Sanitized (860f8ce0-ee6a-445c-a94b-163cd64540d2)
2025-01-27 20:09:19,324 - ontorum.api - INFO - Mock node: NodeType.DIMENSION - Material (600205af-7130-4ef9-8e7f-8cab1b8e7c96)
2025-01-27 20:09:19,325 - ontorum.api - INFO - Mock node: NodeType.STATE - Hot (cfb73a4c-9fe5-4085-91c3-b4fb1db66dba)
2025-01-27 20:09:19,324 - ontorum.api - INFO - Using mock data
2025-01-27 20:09:19,326 - ontorum.api - INFO -   Sub-entities: [UUID('e82a98fe-5cd9-4c25-a7ed-5e481e2a1e75'), UUID('5619b95a-0b9e-447c-97f6-606615ee2279')]
2025-01-27 20:09:19,326 - ontorum.api - INFO - Mock node: NodeType.UNIVERSAL - Ice Cream Scoop (fc5fffcf-5953-403e-bde8-47689d7ba265)
2025-01-27 20:09:19,326 - ontorum.api - INFO -   NodeType.STATE - Hot (5e49d70a-a2b2-43e4-9b5f-79742bd037e2)
2025-01-27 20:09:19,327 - ontorum.example - INFO - Created new state: Room Temperature for Temperature
2025-01-27 20:09:19,327 - ontorum.api - INFO - Mock node: NodeType.DIMENSION - Material (8ce94c9a-4844-4838-be70-cd778ee541c2)
1-27 20:09:19,327 - ontorum.api - INFO -   States: [UUID('6d9c8645-7018-4ee2-bac6-9aaeda6bd6de'), UUID('6d55d437-7067-4db5-a35e-2f16b26fe473'), UUID('0ad69e6b-8d34-4a6e-a9ad-5b5180eab042')]
2025-01-27 20:09:19,328 - ontorum.api - INFO - Starting mock data initialization
2025-01-27 20:09:19,328 - ontorum.api - INFO - Initialized mock data with 16 nodes
2025-01-27 20:09:19,328 - ontorum.api - INFO - Mock node: NodeType.PARTICULAR - Ice Cream Scoop #12 Handle (646791ce-050e-46a1-b1d1-fb1ca9101ac0)
2025-01-27 20:09:19,329 - ontorum.api - INFO - Mock node: NodeType.UNIVERSAL - Ice Cream Scoop (af275c7d-7e2a-4c3c-aed5-a06f0722ecaf)
2025-01-27 20:09:19,329 - ontorum.api - INFO - Mock node: NodeType.DIMENSION - Cleanliness (c6a221ca-acb6-4336-934b-bbc2b58d32d2)
2025-01-27 20:09:19,329 - ontorum.example - INFO - Created new state: Hot for Temperature
(6d9c8645-7018-4ee2-bac6-9aaeda6bd6de)
391c)
2025-01-27 20:09:19,330 - ontorum.api - INFO -   States: [UUID('fc85f685-df7b-4c10-bf36-6bf90051ca21'), UUID('bbb0a778-1835-4894-8d87-05014ca73690'), UUID('6c98547f-2f68-4d3f-9bcc-6a6f9a591a4c')]
2025-01-27 20:09:19,330 - ontorum.api - INFO -     States: [UUID('5f18d0fd-778f-4e0b-8087-23464c263ac1'), UUID('31391dcd-3d74-4129-b545-34fc2e44f5d4'), UUID('79ea2377-f816-436b-8211-4fe564b9d4d3')]
2025-01-27 20:09:19,332 - ontorum.api - INFO - Mock node: NodeType.PARTICULAR - Ice Cream Scoop #12 (ab0d9eee-0486-48ad-a17b-b83d5c5f6c73)
2025-01-27 20:09:19,332 - ontorum.example - INFO - Initialized IceCreamScoopExpander
2025-01-27 20:09:19,333 - ontorum.api - INFO -   Universal: 59e0bef9-feb9-4dd1-8e26-d72dcc57cdf6
2025-01-27 20:09:19,334 - ontorum.api - INFO - Mock node: NodeType.DIMENSION - Cleanliness (6510af4c-4dd1-43cf-83e1-c40382daf595)
2025-01-27 20:09:19,336 - ontorum.example - INFO - Discovered dimensions for Ice Cream Scoop #12 from universal
2025-01-27 20:09:19,334 - ontorum.api - INFO -   States: [UUID('f45f7b34-89d0-4334-9924-f3ef84f3dd5b'), UUID('82dc87da-1c8c-433f-aba8-822bb583baba'), UUID('4f920e9a-6832-453b-835c-f18350d07037')]
2025-01-27 20:09:19,335 - ontorum.api - INFO -     Universal: cfc6a1b1-dc87-4d95-b919-991da1f82646
2025-01-27 20:09:19,336 - ontorum.api - INFO -   NodeType.STATE - Cold (5f18d0fd-778f-4e0b-8087-23464c263ac1)
2025-01-27 20:09:19,336 - ontorum.api - INFO - Mock node: NodeType.STATE - Stainless Steel (fc85f685-df7b-4c10-bf36-6bf90051ca21)
2025-01-27 20:09:19,336 - ontorum.api - INFO - Mock node: NodeType.STATE - Aluminum (6d55d437-7067-4db5-a35e-2f16b26fe473)
2025-01-27 20:09:19,338 - ontorum.api - INFO -   Universal: 665771ae-cb2b-4c64-b904-b417936570cc
2025-01-27 20:09:19,339 - ontorum.api - INFO -   Dimensions: [UUID('6be8e478-b143-4675-a404-8bb54942949f'), UUID('084b909f-d38e-42d2-b202-645949db1a13'), UUID('3c1f0b9e-a38f-4d81-ab55-ed33b3e77ab4')]
2025-01-27 20:09:19,340 - ontorum.example - INFO - Creating sub-entities for Ice Cream Scoop #12
2025-01-27 20:09:19,340 - ontorum.api - INFO -   States: [UUID('9b1c05e3-6577-4640-bbe1-ce47c334cb8d'), UUID('10d556c5-f027-4783-a3ba-045c63be28d7'), UUID('48ddf774-8735-41cd-a86d-9d3353c37650')]
2025-01-27 20:09:19,341 - ontorum.api - INFO - Mock node: NodeType.STATE - Clean (f45f7b34-89d0-4334-9924-f3ef84f3dd5b)
2025-01-27 20:09:19,339 - ontorum.api - INFO - Created mock scoop with ID: 28c8da3c-948a-49e8-97ba-0a1fac29cfd1
2025-01-27 20:09:19,341 - ontorum.api - INFO -     Dimensions: [UUID('d7d70565-c0a3-4c1a-9601-250748cee716'), UUID('259eda95-3f59-4022-8d88-e0c2e0ac2b0a'), UUID('8ad3f034-c575-41bd-94d3-2fc57df17a7a')]
2025-01-27 20:09:19,341 - ontorum.api - INFO - Mock node: NodeType.STATE - Aluminum (bbb0a778-1835-4894-8d87-05014ca73690)
2025-01-27 20:09:19,342 - ontorum.api - INFO -   NodeType.STATE - Room Temperature (31391dcd-3d74-4129-b545-34fc2e44f5d4)
2025-01-27 20:09:19,343 - ontorum.api - INFO - Mock node: NodeType.STATE - Plastic (0ad69e6b-8d34-4a6e-a9ad-5b5180eab042)
2025-01-27 20:09:19,343 - ontorum.api - INFO -   Dimensions: [UUID('373b0d85-bab7-4e70-afe6-d142ac85e5c3'), UUID('65493eed-22d9-4868-9b98-ba7b79baa9ed'), UUID('9fd09050-a34c-4ff4-9967-4730f400f8d7')]
2025-01-27 20:09:19,343 - ontorum.api - INFO -   Sub-entities: []
2025-01-27 20:09:19,344 - ontorum.example - INFO - Found existing universal: Ice Cream Scoop
2025-01-27 20:09:19,344 - ontorum.api - INFO - Mock node: NodeType.STATE - Clean (9b1c05e3-6577-4640-bbe1-ce47c334cb8d)
2025-01-27 20:09:19,346 - ontorum.api - INFO - Mock node: NodeType.DIMENSION - Temperature (aa395186-2a53-480a-975b-11391044c531)
2025-01-27 20:09:19,347 - ontorum.api - INFO -   Sub-entities: [UUID('74dc8703-75fa-4147-8dad-108d78dbac27'), UUID('ff52b9ff-d265-472e-a215-444f37cc4436')]
2025-01-27 20:09:19,349 - ontorum.api - INFO - Mock node: NodeType.STATE - Dirty (10d556c5-f027-4783-a3ba-045c63be28d7)
2025-01-27 20:09:19,347 - ontorum.example - INFO - Discovered dimensions for Ice Cream Scoop #12 Handle from universal
2025-01-27 20:09:19,350 - ontorum.api - INFO - Mock node: NodeType.STATE - Sanitized (48ddf774-8735-41cd-a86d-9d3353c37650)
2025-01-27 20:09:19,347 - ontorum.api - INFO - Mock node: NodeType.PARTICULAR - Ice Cream Scoop #12 Bowl (931cf185-1eb5-4980-b472-a79aed5d817a)
2025-01-27 20:09:19,344 - ontorum.api - INFO - Mock node: NodeType.STATE - Dirty (82dc87da-1c8c-433f-aba8-822bb583baba)
2025-01-27 20:09:19,345 - ontorum.example - INFO - Creating new universal: Ice Cream Scoop
2025-01-27 20:09:19,345 - ontorum.api - INFO - Mock node: NodeType.STATE - Plastic (6c98547f-2f68-4d3f-9bcc-6a6f9a591a4c)
2025-01-27 20:09:19,345 - ontorum.api - INFO -   NodeType.PARTICULAR - Ice Cream Scoop #12 Bowl (45d73f71-19f6-4605-811d-ed5d085a930e)
2025-01-27 20:09:19,346 - ontorum.api - INFO -   NodeType.STATE - Hot (79ea2377-f816-436b-8211-4fe564b9d4d3)
2025-01-27 20:09:19,350 - ontorum.example - INFO - Found existing universal: Ice Cream Scoop
2025-01-27 20:09:19,349 - ontorum.api - INFO - Mock node: NodeType.UNIVERSAL - Ice Cream Scoop (665771ae-cb2b-4c64-b904-b417936570cc)
2025-01-27 20:09:19,349 - ontorum.api - INFO -   States: [UUID('cc5e9d8c-b478-4018-ad93-80fe804e91aa'), UUID('888c030d-7b8b-42a7-8c57-9cc3a6fed45e'), UUID('d0e7bbb0-85cf-4c4a-9645-2a6a34ef4aea')]
2025-01-27 20:09:19,351 - ontorum.api - INFO - Mock node: NodeType.DIMENSION - Material (893ee45d-7fb9-4c68-b0be-879a51e82fca)
2025-01-27 20:09:19,382 - ontorum.api - INFO -   Universal: 59e0bef9-feb9-4dd1-8e26-d72dcc57cdf6
2025-01-27 20:09:19,383 - ontorum.example - INFO - Created new dimension: Cleanliness
2025-01-27 20:09:19,383 - ontorum.api - INFO - Mock node: NodeType.STATE - Sanitized (4f920e9a-6832-453b-835c-f18350d07037)
2025-01-27 20:09:19,384 - ontorum.api - INFO - Mock node: NodeType.DIMENSION - Temperature (5ff1d275-0819-4f22-a3a2-415b83cd4e8d)
2025-01-27 20:09:19,384 - ontorum.api - INFO -     Universal: cfc6a1b1-dc87-4d95-b919-991da1f82646
2025-01-27 20:09:19,385 - ontorum.api - INFO -   NodeType.PARTICULAR - Ice Cream Scoop #12 Handle (f7557c66-3366-487e-bf8d-b5b2985da81a)
2025-01-27 20:09:19,397 - ontorum.api - INFO - Initialized mock data with 16 nodes
2025-01-27 20:09:19,397 - ontorum.api - INFO -     Universal: dfa44b86-4a24-459e-a726-65f61095467b
2025-01-27 20:09:19,386 - ontorum.api - INFO - Mock node: NodeType.DIMENSION - Cleanliness (373b0d85-bab7-4e70-afe6-d142ac85e5c3)
2025-01-27 20:09:19,387 - ontorum.api - INFO -   States: [UUID('0f7ee13b-4dc0-4df0-a012-b4fe51a1d53e'), UUID('689bcc8e-91f9-4736-bae9-cd9aecc1b1e7'), UUID('9b406514-f095-4fb9-8c1b-c3801986bda8')]
2025-01-27 20:09:19,386 - ontorum.api - INFO - Mock node: NodeType.STATE - Cold (cc5e9d8c-b478-4018-ad93-80fe804e91aa)
2025-01-27 20:09:19,389 - ontorum.api - INFO -   Dimensions: [UUID('6be8e478-b143-4675-a404-8bb54942949f'), UUID('084b909f-d38e-42d2-b202-645949db1a13'), UUID('3c1f0b9e-a38f-4d81-ab55-ed33b3e77ab4')]
2025-01-27 20:09:19,398 - ontorum.api - INFO -     Dimensions: [UUID('62529f39-5b87-4e3a-af6c-c7e9550776f5'), UUID('f2392c1f-4444-447c-9990-a0d491dcc5bc'), UUID('2d7b0167-016f-4cbc-9faf-c96bf51e4500')]
2025-01-27 20:09:19,398 - ontorum.api - INFO - Mock node: NodeType.PARTICULAR - Ice Cream Scoop #12 (878ef9b1-1bc6-4441-ab15-0c4b77cdacf2)
2025-01-27 20:09:19,398 - ontorum.api - INFO -   NodeType.PARTICULAR - Ice Cream Scoop #12 Bowl (25b17904-f3f3-416e-af95-22ad19253007)
2025-01-27 20:09:19,393 - ontorum.api - INFO - Mock node: NodeType.DIMENSION - Material (8af6cf79-8ded-4517-bc50-7c429fabccad)
2025-01-27 20:09:19,395 - ontorum.api - INFO -   States: [UUID('ff4fad34-a3e7-4a12-a956-385bcbc32125'), UUID('ad70ac80-f604-477e-b666-b54bb64e9669'), UUID('ab032205-dd9a-4cd1-8ec8-62db6c2b1a20')]
2025-01-27 20:09:19,397 - ontorum.api - INFO -     Dimensions: [UUID('d7d70565-c0a3-4c1a-9601-250748cee716'), UUID('259eda95-3f59-4022-8d88-e0c2e0ac2b0a'), UUID('8ad3f034-c575-41bd-94d3-2fc57df17a7a')]
2025-01-27 20:09:19,398 - ontorum.api - INFO -   Universal: e663da98-49c2-40f9-9df0-63b8c21d8ded
2025-01-27 20:09:19,398 - ontorum.api - INFO -   Sub-entities: []
2025-01-27 20:09:19,398 - ontorum.api - INFO -   States: [UUID('bd283098-a931-44c8-825b-3896384973e1'), UUID('a528fddb-36e6-4141-bf78-1555494217a6'), UUID('988f803a-6eb7-47e1-b74e-bb40281beacc')]
2025-01-27 20:09:19,398 - ontorum.api - INFO - Mock node: NodeType.STATE - Stainless Steel (0f7ee13b-4dc0-4df0-a012-b4fe51a1d53e)
2025-01-27 20:09:19,399 - ontorum.api - INFO -     Universal: dfa44b86-4a24-459e-a726-65f61095467b
2025-01-27 20:09:19,400 - ontorum.api - INFO -   States: [UUID('91094030-d3e1-4f59-b659-d3110148443c'), UUID('998d3822-235b-4437-aeb8-afe3179ec3e5'), UUID('1d2985ed-54a9-4894-b308-8a459555aa08')]
2025-01-27 20:09:19,405 - ontorum.api - INFO - Mock node: NodeType.STATE - Stainless Steel (91094030-d3e1-4f59-b659-d3110148443c)
2025-01-27 20:09:19,400 - ontorum.example - INFO - Created new dimension: Temperature
2025-01-27 20:09:19,402 - ontorum.api - INFO - Mock node: NodeType.STATE - Cold (ff4fad34-a3e7-4a12-a956-385bcbc32125)
2025-01-27 20:09:19,404 - ontorum.api - INFO - Mock data initialization complete
2025-01-27 20:09:19,404 - ontorum.api - INFO -   Dimensions: [UUID('1bbb23a1-4c8f-498b-8573-a2f7c4891ade'), UUID('6398675e-00e5-4219-b413-6f5145b589c4'), UUID('232c3363-b375-4352-b6f7-72caec84ec5c')]
2025-01-27 20:09:19,405 - ontorum.api - INFO - Mock node: NodeType.STATE - Aluminum (689bcc8e-91f9-4736-bae9-cd9aecc1b1e7)
2025-01-27 20:09:19,406 - ontorum.api - INFO - Mock node: NodeType.STATE - Hot (d0e7bbb0-85cf-4c4a-9645-2a6a34ef4aea)

2025-01-27 20:09:19,406 - ontorum.api - INFO - Mock node: NodeType.STATE - Aluminum (998d3822-235b-4437-aeb8-afe3179ec3e5)
2025-01-27 20:09:19,410 - ontorum.api - INFO - Mock node: NodeType.STATE - Dirty (a528fddb-36e6-4141-bf78-1555494217a6)
2025-01-27 20:09:19,407 - ontorum.api - INFO -     Dimensions: [UUID('62529f39-5b87-4e3a-af6c-c7e9550776f5'), UUID('f2392c1f-4444-447c-9990-a0d491dcc5bc'), UUID('2d7b0167-016f-4cbc-9faf-c96bf51e4500')]
2025-01-27 20:09:19,407 - ontorum.example - INFO - Added dimension Cleanliness to universal Ice Cream Scoop
2025-01-27 20:09:19,411 - ontorum.api - INFO - Mock node: NodeType.STATE - Sanitized (988f803a-6eb7-47e1-b74e-bb40281beacc)
2025-01-27 20:09:19,403 - ontorum.api - WARNING - Failed to connect to database: Using mock data for development. Using mock data.
2025-01-27 20:09:19,409 - ontorum.api - INFO - Mock data initialized with 16 nodes
2025-01-27 20:09:19,408 - ontorum.api - INFO - Mock node: NodeType.STATE - Room Temperature (ad70ac80-f604-477e-b666-b54bb64e9669)
2025-01-27 20:09:19,409 - ontorum.api - INFO -   Sub-entities: [UUID('b5fe2d82-68d9-44ce-b65e-a898151ddcaa'), UUID('0cca385b-947c-49ea-b1ec-488311f0d4ab')]
2025-01-27 20:09:19,411 - ontorum.api - INFO - Mock node: NodeType.DIMENSION - Material (65493eed-22d9-4868-9b98-ba7b79baa9ed)
2025-01-27 20:09:19,409 - ontorum.api - INFO - Mock node: NodeType.STATE - Plastic (9b406514-f095-4fb9-8c1b-c3801986bda8)
2025-01-27 20:09:19,412 - ontorum.api - INFO -   States: [UUID('e8365ae7-3c0c-4c06-bf4d-54d2ea7b6fc5'), UUID('b7ddb3cd-a5a1-417a-b405-db46d731b299'), UUID('3c5353c4-c109-44e0-9ba5-16e4040df700')]
2025-01-27 20:09:19,410 - ontorum.api - INFO - Mock node: NodeType.STATE - Plastic (1d2985ed-54a9-4894-b308-8a459555aa08)
2025-01-27 20:09:19,410 - ontorum.api - INFO - Mock node: NodeType.PARTICULAR - Ice Cream Scoop #12 Handle (f8dfa003-94c3-4bde-8f0a-b922645fb6f2)
2025-01-27 20:09:19,413 - ontorum.api - INFO - Mock node: NodeType.STATE - Stainless Steel (e8365ae7-3c0c-4c06-bf4d-54d2ea7b6fc5)
2025-01-27 20:09:19,414 - ontorum.api - INFO - Mock node: NodeType.STATE - Aluminum (b7ddb3cd-a5a1-417a-b405-db46d731b299)
2025-01-27 20:09:19,415 - ontorum.api - INFO - Mock node: NodeType.STATE - Plastic (3c5353c4-c109-44e0-9ba5-16e4040df700)
2025-01-27 20:09:19,412 - ontorum.api - INFO - Mock data nodes:
2025-01-27 20:09:19,412 - ontorum.api - INFO - Mock node: NodeType.STATE - Hot (ab032205-dd9a-4cd1-8ec8-62db6c2b1a20)
2025-01-27 20:09:19,416 - ontorum.api - INFO - Mock node: NodeType.DIMENSION - Temperature (9fd09050-a34c-4ff4-9967-4730f400f8d7)
2025-01-27 20:09:19,412 - ontorum.api - INFO - Mock node: NodeType.UNIVERSAL - Ice Cream Scoop (e663da98-49c2-40f9-9df0-63b8c21d8ded)
e75ca0d42df'), UUID('60be15ac-ffd8-46a9-97e3-95daa3ff689b')]
2025-01-27 20:09:19,413 - ontorum.api - INFO - Mock node: NodeType.DIMENSION - Temperature (074f9c55-e2ad-4aa7-9559-87feaec96db4)
2025-01-27 20:09:19,413 - ontorum.api - INFO - Mock node: NodeType.DIMENSION - Temperature (6974272c-f0da-455f-94f8-26b7a1e3b7f7)
2025-01-27 20:09:19,415 - ontorum.example - INFO - Created new state: Dirty for Cleanliness
2025-01-27 20:09:19,413 - ontorum.api - INFO -   Universal: e20740a3-08d1-427c-9415-fddfe822155f
2025-01-27 20:09:19,416 - ontorum.api - INFO -   NodeType.PARTICULAR - Ice Cream Scoop #12 (88aeb6d6-afa1-46f4-ae7e-27740ad628dd)
2025-01-27 20:09:19,418 - ontorum.api - INFO - Mock node: NodeType.DIMENSION - Cleanliness (1bbb23a1-4c8f-498b-8573-a2f7c4891ade)
2025-01-27 20:09:19,417 - ontorum.api - INFO - Mock node: NodeType.STATE - Cold (0bbea0e2-c236-417f-93c2-0957231d18f9)
2025-01-27 20:09:19,416 - ontorum.api - INFO - Mock node: NodeType.PARTICULAR - Ice Cream Scoop #12 Handle (020859ed-07fc-4b4e-a7ae-aa6c6d08327e)
2025-01-27 20:09:19,419 - ontorum.api - INFO -   States: [UUID('10d8d1e3-6370-461c-95a0-400144deff90'), UUID('2d8db904-c5f3-42db-a63e-49fbd612eff7'), UUID('c28f66b8-82e0-4c7c-8316-c63f9dd8ea5a')]
2025-01-27 20:09:19,419 - ontorum.api - INFO -   States: [UUID('a8702a9b-4adf-48bd-b250-e03871211c6d'), UUID('a8b856e7-c66e-4459-bd63-751395f36902'), UUID('9290cf7a-ac7d-4624-af4f-d0480a9e5bf4')]
2025-01-27 20:09:19,420 - ontorum.api - INFO -   Dimensions: [UUID('4cde6eee-4386-4372-9a09-f370a54fbf54'), UUID('600205af-7130-4ef9-8e7f-8cab1b8e7c96'), UUID('aa395186-2a53-480a-975b-11391044c531')]
2025-01-27 20:09:19,421 - ontorum.api - INFO -     Universal: 59e0bef9-feb9-4dd1-8e26-d72dcc57cdf6
2025-01-27 20:09:19,421 - ontorum.api - INFO -   States: [UUID('a8ecc45a-ce94-45d3-8c2c-d836aa85025a'), UUID('b02447ad-8ad0-4762-b054-004f567db068'), UUID('1187cb8a-e240-42a2-ab45-0e22e7e94fb0')]
2025-01-27 20:09:19,424 - ontorum.api - INFO -   Sub-entities: []
2025-01-27 20:09:19,422 - ontorum.api - INFO - Mock node: NodeType.STATE - Room Temperature (f5223a6a-38fe-4499-aefc-1e75ca0d42df)
2025-01-27 20:09:19,422 - ontorum.api - INFO -   Universal: e81862b8-74c9-400f-aedb-329a46ba4082
2 Bowl (b45b4164-d98c-49f4-ba94-9ed30bf5f499)
2025-01-27 20:09:19,422 - ontorum.api - INFO - Mock node: NodeType.STATE - Cold (10d8d1e3-6370-461c-95a0-400144deff90)
2025-01-27 20:09:19,426 - ontorum.api - INFO -   Dimensions: [UUID('915e9ce6-ac89-4500-8481-8c115dae3a6c'), UUID('8ce94c9a-4844-4838-be70-cd778ee541c2'), UUID('5ff1d275-0819-4f22-a3a2-415b83cd4e8d')]
2025-01-27 20:09:19,426 - ontorum.api - INFO - Mock node: NodeType.STATE - Room Temperature (2d8db904-c5f3-42db-a63e-49fbd612eff7)
2025-01-27 20:09:19,426 - ontorum.api - INFO -   Dimensions: [UUID('4cde6eee-4386-4372-9a09-f370a54fbf54'), UUID('600205af-7130-4ef9-8e7f-8cab1b8e7c96'), UUID('aa395186-2a53-480a-975b-11391044c531')]
2025-01-27 20:09:19,427 - ontorum.api - INFO -   Sub-entities: []
2025-01-27 20:09:19,427 - ontorum.api - INFO - Mock node: NodeType.STATE - Hot (c28f66b8-82e0-4c7c-8316-c63f9dd8ea5a)
2025-01-27 20:09:19,427 - ontorum.api - INFO -   Sub-entities: []
2025-01-27 20:09:19,423 - ontorum.api - INFO - Mock node: NodeType.STATE - Cold (a8702a9b-4adf-48bd-b250-e03871211c6d)
2025-01-27 20:09:19,425 - ontorum.example - INFO - Added dimension Material to universal Ice Cream Scoop
bf852446-e40a-47ff-853d-c0d1ae4240e5)
2025-01-27 20:09:19,427 - ontorum.api - INFO - Mock node: NodeType.PARTICULAR - Ice Cream Scoop #12 Handle (e82a98fe-5cd9-4c25-a7ed-5e481e2a1e75)
2025-01-27 20:09:19,428 - ontorum.api - INFO -   Universal: af275c7d-7e2a-4c3c-aed5-a06f0722ecaf
2025-01-27 20:09:19,428 - ontorum.api - INFO -   Universal: e81862b8-74c9-400f-aedb-329a46ba4082
2025-01-27 20:09:19,428 - ontorum.api - INFO - Mock data initialized with 16 nodes
2025-01-27 20:09:19,425 - ontorum.api - INFO -     Dimensions: [UUID('6be8e478-b143-4675-a404-8bb54942949f'), UUID('084b909f-d38e-42d2-b202-645949db1a13'), UUID('3c1f0b9e-a38f-4d81-ab55-ed33b3e77ab4')]
2025-01-27 20:09:19,428 - ontorum.api - INFO -   Dimensions: [UUID('915e9ce6-ac89-4500-8481-8c115dae3a6c'), UUID('8ce94c9a-4844-4838-be70-cd778ee541c2'), UUID('5ff1d275-0819-4f22-a3a2-415b83cd4e8d')]
2025-01-27 20:09:19,425 - ontorum.api - INFO - Mock node: NodeType.STATE - Clean (a8ecc45a-ce94-45d3-8c2c-d836aa85025a)
2025-01-27 20:09:19,429 - ontorum.api - INFO -   Sub-entities: []
2025-01-27 20:09:19,426 - ontorum.api - INFO - Mock node: NodeType.STATE - Hot (60be15ac-ffd8-46a9-97e3-95daa3ff689b)
-447c-97f6-606615ee2279)
2025-01-27 20:09:19,430 - ontorum.api - INFO -   Universal: af275c7d-7e2a-4c3c-aed5-a06f0722ecaf
2025-01-27 20:09:19,428 - ontorum.api - INFO - Mock data nodes:
2025-01-27 20:09:19,429 - ontorum.api - INFO - Mock data initialization complete
mperature (a8b856e7-c66e-4459-bd63-751395f36902)
2025-01-27 20:09:19,431 - ontorum.api - INFO -   Dimensions: [UUID('6510af4c-4dd1-43cf-83e1-c40382daf595'), UUID('893ee45d-7fb9-4c68-b0be-879a51e82fca'), UUID('074f9c55-e2ad-4aa7-9559-87feaec96db4')]
2025-01-27 20:09:19,432 - ontorum.api - INFO -   Sub-entities: []
2025-01-27 20:09:19,429 - ontorum.api - INFO -   NodeType.UNIVERSAL - Ice Cream Scoop (59e0bef9-feb9-4dd1-8e26-d72dcc57cdf6)
2025-01-27 20:09:19,429 - ontorum.example - INFO - Created new state: Stainless Steel for Material
2025-01-27 20:09:19,430 - ontorum.api - INFO - Mock node: NodeType.STATE - Dirty (b02447ad-8ad0-4762-b054-004f567db068)
2025-01-27 20:09:19,433 - ontorum.api - INFO - Mock data initialization complete
2025-01-27 20:09:19,433 - ontorum.api - INFO - Mock data initialized with 16 nodes
op #12 (8b5869e5-876a-40be-9de3-9ee9e9f06557)
2025-01-27 20:09:19,430 - ontorum.api - INFO - Mock node: NodeType.PARTICULAR - Ice Cream Scoop #12 Handle (74dc8703-75fa-4147-8dad-108d78dbac27)
2025-01-27 20:09:19,433 - ontorum.api - INFO - Mock data nodes:
2025-01-27 20:09:19,432 - ontorum.api - INFO - Mock data initialized with 16 nodes
cf7a-ac7d-4624-af4f-d0480a9e5bf4)
2025-01-27 20:09:19,433 - ontorum.example - INFO - Created new state: Aluminum for Material
2025-01-27 20:09:19,433 - ontorum.api - INFO -     Dimensions: [UUID('6be8e478-b143-4675-a404-8bb54942949f'), UUID('084b909f-d38e-42d2-b202-645949db1a13'), UUID('3c1f0b9e-a38f-4d81-ab55-ed33b3e77ab4')]
2025-01-27 20:09:19,435 - ontorum.api - INFO - Mock data nodes:
2025-01-27 20:09:19,433 - ontorum.api - INFO - Mock node: NodeType.STATE - Sanitized (1187cb8a-e240-42a2-ab45-0e22e7e94fb0)
2025-01-27 20:09:19,434 - ontorum.api - INFO -   Universal: 665771ae-cb2b-4c64-b904-b417936570cc
1a-31fb-47bd-be36-61b6e7b6ec01)
2025-01-27 20:09:19,434 - ontorum.api - INFO -     Universal: e20740a3-08d1-427c-9415-fddfe822155f
2025-01-27 20:09:19,434 - ontorum.api - INFO -   NodeType.PARTICULAR - Ice Cream Scoop #12 (7f21b47c-d6ca-48a1-b894-03b1e63f3923)
2025-01-27 20:09:19,435 - ontorum.api - INFO - Mock node: NodeType.PARTICULAR - Ice Cream Scoop #12 Handle (a2a0efea-cc0e-4524-b1d5-feaa3eab5de8)
2025-01-27 20:09:19,435 - ontorum.api - INFO -   NodeType.DIMENSION - Cleanliness (6be8e478-b143-4675-a404-8bb54942949f)
2025-01-27 20:09:19,436 - ontorum.api - INFO -     Universal: e81862b8-74c9-400f-aedb-329a46ba4082
2025-01-27 20:09:19,436 - ontorum.api - INFO - Mock node: NodeType.DIMENSION - Material (6398675e-00e5-4219-b413-6f5145b589c4)
2025-01-27 20:09:19,437 - ontorum.api - INFO -     Dimensions: [UUID('915e9ce6-ac89-4500-8481-8c115dae3a6c'), UUID('8ce94c9a-4844-4838-be70-cd778ee541c2'), UUID('5ff1d275-0819-4f22-a3a2-415b83cd4e8d')]
2025-01-27 20:09:19,436 - ontorum.api - INFO -   Dimensions: [UUID('373b0d85-bab7-4e70-afe6-d142ac85e5c3'), UUID('65493eed-22d9-4868-9b98-ba7b79baa9ed'), UUID('9fd09050-a34c-4ff4-9967-4730f400f8d7')]
2025-01-27 20:09:19,437 - ontorum.api - INFO -     Universal: af275c7d-7e2a-4c3c-aed5-a06f0722ecaf
2025-01-27 20:09:19,436 - ontorum.api - INFO -     Dimensions: [UUID('4cde6eee-4386-4372-9a09-f370a54fbf54'), UUID('600205af-7130-4ef9-8e7f-8cab1b8e7c96'), UUID('aa395186-2a53-480a-975b-11391044c531')]
2025-01-27 20:09:19,437 - ontorum.api - INFO -   Universal: fc5fffcf-5953-403e-bde8-47689d7ba265
2025-01-27 20:09:19,437 - ontorum.api - INFO -     States: [UUID('448787df-55c1-4464-8a4e-ded50e74121e'), UUID('c9b7be23-b611-42d6-bd94-b232bf874f5b'), UUID('7f857c4b-492a-4ad3-8ee6-cbff1c10891c')]
2025-01-27 20:09:19,437 - ontorum.example - INFO - Added dimension Temperature to universal Ice Cream Scoop
b-329a46ba4082)
2025-01-27 20:09:19,437 - ontorum.api - INFO -   States: [UUID('21d08bb6-ef80-4406-ad9a-0433f39477f2'), UUID('fdc13fd9-d08d-4c49-bc41-37fd5bd5f492'), UUID('03c4a1a4-9234-47da-8379-a1665ed6a679')]
2025-01-27 20:09:19,439 - ontorum.api - INFO -   Sub-entities: []
2025-01-27 20:09:19,439 - ontorum.api - INFO -     Dimensions: [UUID('6510af4c-4dd1-43cf-83e1-c40382daf595'), UUID('893ee45d-7fb9-4c68-b0be-879a51e82fca'), UUID('074f9c55-e2ad-4aa7-9559-87feaec96db4')]
2025-01-27 20:09:19,441 - ontorum.example - INFO - Created new state: Cold for Temperature
2025-01-27 20:09:19,440 - ontorum.api - INFO -   NodeType.STATE - Clean (448787df-55c1-4464-8a4e-ded50e74121e)
2025-01-27 20:09:19,439 - ontorum.api - INFO -   NodeType.UNIVERSAL - Ice Cream Scoop (e20740a3-08d1-427c-9415-fddfe822155f)
2025-01-27 20:09:19,442 - ontorum.example - INFO - Created new state: Room Temperature for Temperature
2025-01-27 20:09:19,442 - ontorum.example - INFO - Created new state: Hot for Temperature
2025-01-27 20:09:19,440 - ontorum.api - INFO -   Dimensions: [UUID('c6a221ca-acb6-4336-934b-bbc2b58d32d2'), UUID('8af6cf79-8ded-4517-bc50-7c429fabccad'), UUID('6974272c-f0da-455f-94f8-26b7a1e3b7f7')]
2025-01-27 20:09:19,441 - ontorum.api - INFO - Mock node: NodeType.STATE - Stainless Steel (21d08bb6-ef80-4406-ad9a-0433f39477f2)
838-be70-cd778ee541c2'), UUID('5ff1d275-0819-4f22-a3a2-415b83cd4e8d')]
2025-01-27 20:09:19,443 - ontorum.example - INFO - Discovered dimensions for Ice Cream Scoop #12 from universal
2025-01-27 20:09:19,442 - ontorum.api - INFO -     Dimensions: [UUID('4cde6eee-4386-4372-9a09-f370a54fbf54'), UUID('600205af-7130-4ef9-8e7f-8cab1b8e7c96'), UUID('aa395186-2a53-480a-975b-11391044c531')]
2025-01-27 20:09:19,441 - ontorum.api - INFO - Mock node: NodeType.PARTICULAR - Ice Cream Scoop #12 Bowl (ff52b9ff-d265-472e-a215-444f37cc4436)
2025-01-27 20:09:19,444 - ontorum.example - INFO - Creating sub-entities for Ice Cream Scoop #12
2025-01-27 20:09:19,441 - ontorum.api - INFO -   NodeType.UNIVERSAL - Ice Cream Scoop (af275c7d-7e2a-4c3c-aed5-a06f0722ecaf)
2025-01-27 20:09:19,443 - ontorum.api - INFO -   Sub-entities: []
2025-01-27 20:09:19,442 - ontorum.api - INFO -   NodeType.STATE - Dirty (c9b7be23-b611-42d6-bd94-b232bf874f5b)
2025-01-27 20:09:19,443 - ontorum.api - INFO -   NodeType.DIMENSION - Cleanliness (915e9ce6-ac89-4500-8481-8c115dae3a6c)
2025-01-27 20:09:19,444 - ontorum.api - INFO -   Universal: 665771ae-cb2b-4c64-b904-b417936570cc
2025-01-27 20:09:19,444 - ontorum.api - INFO - Mock node: NodeType.STATE - Aluminum (fdc13fd9-d08d-4c49-bc41-37fd5bd5f492)
2025-01-27 20:09:19,444 - ontorum.api - INFO -   NodeType.DIMENSION - Cleanliness (4cde6eee-4386-4372-9a09-f370a54fbf54)
2025-01-27 20:09:19,444 - ontorum.api - INFO -     Dimensions: [UUID('6510af4c-4dd1-43cf-83e1-c40382daf595'), UUID('893ee45d-7fb9-4c68-b0be-879a51e82fca'), UUID('074f9c55-e2ad-4aa7-9559-87feaec96db4')]
2025-01-27 20:09:19,444 - ontorum.example - INFO - Found existing universal: Ice Cream Scoop
2025-01-27 20:09:19,445 - ontorum.api - INFO -   NodeType.STATE - Sanitized (7f857c4b-492a-4ad3-8ee6-cbff1c10891c)
2025-01-27 20:09:19,445 - ontorum.api - INFO - Mock node: NodeType.PARTICULAR - Ice Cream Scoop #12 Bowl (8563cb92-ab67-4721-b55e-9370c0800d79)
2025-01-27 20:09:19,445 - ontorum.api - INFO -     States: [UUID('5368c3a8-eb58-4cbc-b022-c9fbbc512193'), UUID('2ac30b2d-3d67-4974-bfce-182b112d3ff6'), UUID('860f8ce0-ee6a-445c-a94b-163cd64540d2')]
2025-01-27 20:09:19,446 - ontorum.api - INFO - Mock node: NodeType.STATE - Plastic (03c4a1a4-9234-47da-8379-a1665ed6a679)
2025-01-27 20:09:19,446 - ontorum.api - INFO -   Dimensions: [UUID('373b0d85-bab7-4e70-afe6-d142ac85e5c3'), UUID('65493eed-22d9-4868-9b98-ba7b79baa9ed'), UUID('9fd09050-a34c-4ff4-9967-4730f400f8d7')]
2025-01-27 20:09:19,447 - ontorum.api - INFO -   NodeType.DIMENSION - Cleanliness (6510af4c-4dd1-43cf-83e1-c40382daf595)
2025-01-27 20:09:19,446 - ontorum.api - INFO -     States: [UUID('9ecc1984-6deb-498e-8b3b-041ee1ed0afb'), UUID('a340427e-3ec1-41a4-aa16-ca79c578aba5'), UUID('bf28e73f-f729-4bad-85ae-5bd3ca931885')]
2025-01-27 20:09:19,447 - ontorum.api - INFO -   Universal: fc5fffcf-5953-403e-bde8-47689d7ba265
andle from universal
2025-01-27 20:09:19,448 - ontorum.api - INFO -   NodeType.STATE - Clean (5368c3a8-eb58-4cbc-b022-c9fbbc512193)
2025-01-27 20:09:19,450 - ontorum.api - INFO -   Dimensions: [UUID('c6a221ca-acb6-4336-934b-bbc2b58d32d2'), UUID('8af6cf79-8ded-4517-bc50-7c429fabccad'), UUID('6974272c-f0da-455f-94f8-26b7a1e3b7f7')]
2025-01-27 20:09:19,450 - ontorum.api - INFO -   Sub-entities: []
2025-01-27 20:09:19,450 - ontorum.example - INFO - Discovered dimensions for Ice Cream Scoop #12 Bowl from universal
2025-01-27 20:09:19,451 - ontorum.api - INFO - Mock data initialization complete
2025-01-27 20:09:19,451 - ontorum.api - INFO - Initialized mock data with 16 nodes
2025-01-27 20:09:19,451 - ontorum.api - INFO - Mock data initialized with 16 nodes
2025-01-27 20:09:19,452 - ontorum.api - INFO - Mock data nodes:
2025-01-27 20:09:19,448 - ontorum.api - INFO -   Sub-entities: []
2025-01-27 20:09:19,453 - ontorum.api - INFO -   NodeType.PARTICULAR - Ice Cream Scoop #12 (8fdb9928-16ce-4d00-bcad-d22f837b9bed)
2025-01-27 20:09:19,448 - ontorum.api - INFO - Mock node: NodeType.DIMENSION - Temperature (232c3363-b375-4352-b6f7-72caec84ec5c)
2025-01-27 20:09:19,453 - ontorum.api - INFO -     Universal: fc5fffcf-5953-403e-bde8-47689d7ba265
2025-01-27 20:09:19,449 - ontorum.api - INFO -     States: [UUID('9b1c05e3-6577-4640-bbe1-ce47c334cb8d'), UUID('10d556c5-f027-4783-a3ba-045c63be28d7'), UUID('48ddf774-8735-41cd-a86d-9d3353c37650')]
2025-01-27 20:09:19,449 - ontorum.api - INFO -   NodeType.STATE - Clean (9ecc1984-6deb-498e-8b3b-041ee1ed0afb)
2025-01-27 20:09:19,454 - ontorum.api - INFO -     Dimensions: [UUID('c6a221ca-acb6-4336-934b-bbc2b58d32d2'), UUID('8af6cf79-8ded-4517-bc50-7c429fabccad'), UUID('6974272c-f0da-455f-94f8-26b7a1e3b7f7')]
2025-01-27 20:09:19,450 - ontorum.api - INFO -     States: [UUID('81636cd5-aa37-49d1-94b0-d1ec5c8730a4'), UUID('551cc267-bc8b-47d2-b20b-2861a550778d'), UUID('37ce14fa-4dd9-4a68-ae48-03837cd0e26a')]
2025-01-27 20:09:19,451 - ontorum.api - INFO - Mock node: NodeType.PARTICULAR - Ice Cream Scoop #12 (28c8da3c-948a-49e8-97ba-0a1fac29cfd1)
2025-01-27 20:09:19,454 - ontorum.api - INFO -   NodeType.UNIVERSAL - Ice Cream Scoop (fc5fffcf-5953-403e-bde8-47689d7ba265)
2025-01-27 20:09:19,450 - ontorum.api - INFO -   NodeType.STATE - Dirty (2ac30b2d-3d67-4974-bfce-182b112d3ff6)
2025-01-27 20:09:19,453 - ontorum.api - INFO -   States: [UUID('ca1a2ed1-f9e5-432c-94a7-82a10dde137b'), UUID('de4e664f-ada0-42d1-ac5f-9b4f6dc93a56'), UUID('b1b6a9e9-897a-4809-8fc2-58ad634d5c51')]
2025-01-27 20:09:19,453 - ontorum.api - INFO - Mock data initialization complete
2025-01-27 20:09:19,454 - ontorum.api - INFO -   NodeType.STATE - Clean (9b1c05e3-6577-4640-bbe1-ce47c334cb8d)
2025-01-27 20:09:19,455 - ontorum.api - INFO -   Universal: 3352c315-00bb-4dfe-9893-2138b3832da4
2025-01-27 20:09:19,454 - ontorum.api - INFO -   NodeType.STATE - Stainless Steel (81636cd5-aa37-49d1-94b0-d1ec5c8730a4)
2025-01-27 20:09:19,455 - ontorum.api - INFO -     Dimensions: [UUID('c6a221ca-acb6-4336-934b-bbc2b58d32d2'), UUID('8af6cf79-8ded-4517-bc50-7c429fabccad'), UUID('6974272c-f0da-455f-94f8-26b7a1e3b7f7')]
2025-01-27 20:09:19,454 - ontorum.api - INFO -   NodeType.STATE - Dirty (a340427e-3ec1-41a4-aa16-ca79c578aba5)
2025-01-27 20:09:19,457 - ontorum.api - INFO - Mock node: NodeType.STATE - Cold (ca1a2ed1-f9e5-432c-94a7-82a10dde137b)
2025-01-27 20:09:19,457 - ontorum.api - INFO -   NodeType.STATE - Dirty (10d556c5-f02025-01-27 20:09:19,456 - ontorum.api - INFO -   NodeType.STATE - Sanitized (860f8ce0-ee6a-445c-a94b-163cd64540d2)
2025-01-27 20:09:19,458 - ontorum.api - INFO -   NodeType.STATE - Aluminum (551cc267-bc8b-47d2-b20b-2861a550778d)
2025-01-27 20:09:19,457 - ontorum.api - INFO -   Dimensions: [UUID('5a43edaf-6d16-4628-84d7-399c3f5542de'), UUID('9b8c3720-b261-4a89-8ba9-a0ce82ffe070'), UUID('24ed73b9-2727-458c-af05-99b785d753bd')]
2025-01-27 20:09:19,458 - ontorum.api - INFO -   NodeType.DIMENSION - Cleanliness (c6a221ca-acb6-4336-934b-bbc2b58d32d2)
2025-01-27 20:09:19,458 - ontorum.api - INFO -   NodeType.STATE - Sanitized (bf28e73f-f729-4bad-85ae-5bd3ca931885)
2025-01-27 20:09:19,460 - ontorum.api - INFO -   NodeType.STATE - Sanitized (48ddf774-8735-41cd-a86d-9d3353c37650)
2025-01-27 20:09:19,460 - ontorum.api - INFO - Mock data nodes:
2025-01-27 20:09:19,460 - ontorum.api - INFO - Mock node: NodeType.STATE - Room Temperature (de4e664f-ada0-42d1-ac5f-9b4f6dc93a56)
2025-01-27 20:09:19,461 - ontorum.api - INFO -   NodeType.STATE - Plastic (37ce14fa-4dd9-4a68-ae48-03837cd0e26a)
2025-01-27 20:09:19,460 - ontorum.api - INFO -   NodeType.DIMENSION - Material (8ce94c9a-4844-4838-be70-cd778ee541c2)
14cf0-2663-4d24-80e3-ae1038d40288')]
2025-01-27 20:09:19,461 - ontorum.api - INFO -     States: [UUID('f45f7b34-89d0-4334-9924-f3ef84f3dd5b'), UUID('82dc87da-1c8c-433f-aba8-822bb583baba'), UUID('4f920e9a-6832-453b-835c-f18350d07037')]
2025-01-27 20:09:19,463 - ontorum.api - INFO -   NodeType.DIMENSION - Material (600205af-7130-4ef9-8e7f-8cab1b8e7c96)
2025-01-27 20:09:19,464 - ontorum.api - INFO - Mock node: NodeType.STATE - Hot (b1b6a9e9-897a-4809-8fc2-58ad634d5c51)
2025-01-27 20:09:19,465 - ontorum.api - INFO -   NodeType.DIMENSION - Temperature (3c1f0b9e-a38f-4d81-ab55-ed33b3e77ab4)
2025-01-27 20:09:19,464 - ontorum.api - INFO -   NodeType.DIMENSION - Material (893ee45d-7fb9-4c68-b0be-879a51e82fca)
-2138b3832da4)
2025-01-27 20:09:19,465 - ontorum.api - INFO -   NodeType.STATE - Clean (f45f7b34-89d0-4334-9924-f3ef84f3dd5b)
2025-01-27 20:09:19,465 - ontorum.api - INFO -     States: [UUID('fc85f685-df7b-4c10-bf36-6bf90051ca21'), UUID('bbb0a778-1835-4894-8d87-05014ca73690'), UUID('6c98547f-2f68-4d3f-9bcc-6a6f9a591a4c')]
2025-01-27 20:09:19,464 - ontorum.api - INFO -   NodeType.PARTICULAR - Ice Cream Scoop #12 (ab0d9eee-0486-48ad-a17b-b83d5c5f6c73)
2025-01-27 20:09:19,465 - ontorum.api - INFO -     States: [UUID('6d9c8645-7018-4ee2-bac6-9aaeda6bd6de'), UUID('6d55d437-7067-4db5-a35e-2f16b26fe473'), UUID('0ad69e6b-8d34-4a6e-a9ad-5b5180eab042')]
2025-01-27 20:09:19,466 - ontorum.api - INFO - Mock node: NodeType.PARTICULAR - Ice Cream Scoop #12 Handle (b5fe2d82-68d9-44ce-b65e-a898151ddcaa)
2025-01-27 20:09:19,466 - ontorum.api - INFO -     States: [UUID('e7905b35-ea39-4a00-9bf3-f8927019600b'), UUID('e52a9fcc-a5f4-4ded-b34d-05664e467c0f'), UUID('cfb73a4c-9fe5-4085-91c3-b4fb1db66dba')]
2025-01-27 20:09:19,466 - ontorum.api - INFO - Mock node: NodeType.DIMENSION - Cleanliness (5a43edaf-6d16-4628-84d7-399c3f5542de)
2025-01-27 20:09:19,467 - ontorum.api - INFO -     Universal: 665771ae-cb2b-4c64-b904-b417936570cc
2025-01-27 20:09:19,466 - ontorum.api - INFO -     States: [UUID('0f7ee13b-4dc0-4df0-a012-b4fe51a1d53e'), UUID('689bcc8e-91f9-4736-bae9-cd9aecc1b1e7'), UUID('9b406514-f095-4fb9-8c1b-c3801986bda8')]
2025-01-27 20:09:19,467 - ontorum.api - INFO -   NodeType.STATE - Dirty (82dc87da-1c8c-433f-aba8-822bb583baba)
2025-01-27 20:09:19,467 - ontorum.api - INFO -   NodeType.STATE - Stainless Steel (6d9c8645-7018-4ee2-bac6-9aaeda6bd6de)
2025-01-27 20:09:19,468 - ontorum.api - INFO -   Universal: e663da98-49c2-40f9-9df0-63b8c21d8ded
2025-01-27 20:09:19,468 - ontorum.api - INFO -   NodeType.STATE - Cold (e7905b35-ea39-4a00-9bf3-f8927019600b)
2025-01-27 20:09:19,468 - ontorum.api - INFO - API starting up
- Stainless Steel (fc85f685-df7b-4c10-bf36-6bf90051ca21)
2025-01-27 20:09:19,469 - ontorum.api - INFO -     Dimensions: [UUID('373b0d85-bab7-4e70-afe6-d142ac85e5c3'), UUID('65493eed-22d9-4868-9b98-ba7b79baa9ed'), UUID('9fd09050-a34c-4ff4-9967-4730f400f8d7')]
2025-01-27 20:09:19,469 - ontorum.api - INFO -   NodeType.STATE - Stainless Steel (0f7ee13b-4dc0-4df0-a012-b4fe51a1d53e)
2025-01-27 20:09:19,469 - ontorum.api - INFO -   NodeType.STATE - Sanitized (4f920e9a-6832-453b-835c-f18350d07037)
2025-01-27 20:09:19,470 - ontorum.api - INFO -   NodeType.STATE - Aluminum (6d55d437-7067-4db5-a35e-2f16b26fe473)
2025-01-27 20:09:19,470 - ontorum.api - INFO -   NodeType.UNIVERSAL - Ice Cream Scoop (665771ae-cb2b-4c64-b904-b417936570cc)
2025-01-27 20:09:19,470 - ontorum.api - INFO -   NodeType.STATE - Aluminum (bbb0a778-1835-4894-8d87-05014ca73690)
2025-01-27 20:09:19,471 - ontorum.api - INFO -     Dimensions: [UUID('373b0d85-bab7-4e70-afe6-d142ac85e5c3'), UUID('65493eed-22d9-4868-9b98-ba7b79baa9ed'), UUID('9fd09050-a34c-4ff4-9967-4730f400f8d7')]
2025-01-27 20:09:19,470 - ontorum.api - INFO -   NodeType.STATE - Room Temperature (e52a9fcc-a5f4-4ded-b34d-05664e467c0f)
2025-01-27 20:09:19,470 - ontorum.api - INFO -   Dimensions: [UUID('1bbb23a1-4c8f-498b-8573-a2f7c4891ade'), UUID('6398675e-00e5-4219-b413-6f5145b589c4'), UUID('232c3363-b375-4352-b6f7-72caec84ec5c')]
2025-01-27 20:09:19,472 - ontorum.api - INFO -   NodeType.DIMENSION - Cleanliness (373b0d85-bab7-4e70-afe6-d142ac85e5c3)
2025-01-27 20:09:19,470 - ontorum.api - INFO - Using mock data
2025-01-27 20:09:19,471 - ontorum.api - INFO - Mock node: NodeType.STATE - Clean (3e15869d-c3b8-4ce8-92f0-75c9e795ac60)
2025-01-27 20:09:19,473 - ontorum.api - INFO -     States: [UUID('bd283098-a931-44c8-825b-3896384973e1'), UUID('a528fddb-36e6-4141-bf78-1555494217a6'), UUID('988f803a-6eb7-47e1-b74e-bb40281beacc')]
2025-01-27 20:09:19,471 - ontorum.api - INFO -   NodeType.STATE - Aluminum (689bcc8e-91f9-4736-bae9-cd9aecc1b1e7)
2025-01-27 20:09:19,471 - ontorum.api - INFO -   NodeType.DIMENSION - Material (8af6cf79-8ded-4517-bc50-7c429fabccad)
2025-01-27 20:09:19,472 - ontorum.api - INFO -   NodeType.STATE - Plastic (6c98547f-2f68-4d3f-9bcc-6a6f9a591a4c)
2025-01-27 20:09:19,472 - ontorum.api - INFO -   NodeType.STATE - Hot (cfb73a4c-9fe5-4085-91c3-b4fb1db66dba)
2025-01-27 20:09:19,472 - ontorum.api - INFO -   Sub-entities: []
2025-01-27 20:09:19,471 - ontorum.api - INFO -   NodeType.STATE - Plastic (0ad69e6b-8d34-4a6e-a9ad-5b5180eab042)
2025-01-27 20:09:19,474 - ontorum.api - INFO - Starting mock data initialization
2025-01-27 20:09:19,474 - ontorum.api - INFO - Mock node: NodeType.STATE - Dirty (23c35bfc-4e59-4380-af76-c97a83ef8ad1)
2025-01-27 20:09:19,474 - ontorum.api - INFO -   NodeType.STATE - Clean (bd283098-a931-44c8-825b-3896384973e1)
2025-01-27 20:09:19,475 - ontorum.api - INFO -   NodeType.STATE - Plastic (9b406514-f095-4fb9-8c1b-c3801986bda8)
2025-01-27 20:09:19,475 - ontorum.api - INFO -     States: [UUID('91094030-d3e1-4f59-b659-d3110148443c'), UUID('998d3822-235b-4437-aeb8-afe3179ec3e5'), UUID('1d2985ed-54a9-4894-b308-8a459555aa08')]
eam Scoop #12 Handle (646791ce-050e-46a1-b1d1-fb1ca9101ac0)
2025-01-27 20:09:19,476 - ontorum.api - INFO - Mock node: NodeType.PARTICULAR - Ice Cream Scoop #12 Bowl (0cca385b-947c-49ea-b1ec-488311f0d4ab)
2025-01-27 20:09:19,476 - ontorum.example - INFO - Initialized IceCreamScoopExpander
2025-01-27 20:09:19,476 - ontorum.api - INFO -   NodeType.DIMENSION - Temperature (aa395186-2a53-480a-975b-11391044c531)
2025-01-27 20:09:19,477 - ontorum.api - INFO -   NodeType.DIMENSION - Temperature (074f9c55-e2ad-4aa7-9559-87feaec96db4)
2025-01-27 20:09:19,477 - ontorum.api - INFO - Mock node: NodeType.STATE - Sanitized (0fb25821-1f6e-4954-be10-f47d13d42116)
2025-01-27 20:09:19,478 - ontorum.api - INFO -     States: [UUID('ff4fad34-a3e7-4a12-a956-385bcbc32125'), UUID('ad70ac80-f604-477e-b666-b54bb64e9669'), UUID('ab032205-dd9a-4cd1-8ec8-62db6c2b1a20')]
2025-01-27 20:09:19,478 - ontorum.api - INFO -   NodeType.STATE - Stainless Steel (91094030-d3e1-4f59-b659-d3110148443c)
2025-01-27 20:09:19,480 - ontorum.api - INFO - Mock node: NodeType.DIMENSION - Material (9b8c3720-b261-4a89-8ba9-a0ce82ffe070)
2025-01-27 20:09:19,479 - ontorum.api - INFO - Created mock scoop with ID: f3873600-4b97-43c6-8da7-947cc54f75d0
2025-01-27 20:09:19,481 - ontorum.api - INFO -   States: [UUID('6caa80d7-6d0d-4c8c-b9ba-5a4165f39f20'), UUID('1287d923-3bf9-4dd4-b7f0-c6da0748926d'), UUID('48d0b021-04f5-4e7a-9be7-07c37e279dea')]
2025-01-27 20:09:19,478 - ontorum.api - INFO -   Universal: e663da98-49c2-40f9-9df0-63b8c21d8ded
2025-01-27 20:09:19,479 - ontorum.api - INFO -     States: [UUID('cc5e9d8c-b478-4018-ad93-80fe804e91aa'), UUID('888c030d-7b8b-42a7-8c57-9cc3a6fed45e'), UUID('d0e7bbb0-85cf-4c4a-9645-2a6a34ef4aea')]
2025-01-27 20:09:19,479 - ontorum.api - INFO -     States: [UUID('10d8d1e3-6370-461c-95a0-400144deff90'), UUID('2d8db904-c5f3-42db-a63e-49fbd612eff7'), UUID('c28f66b8-82e0-4c7c-8316-c63f9dd8ea5a')]
2025-01-27 20:09:19,480 - ontorum.api - INFO -   NodeType.STATE - Cold (ff4fad34-a3e7-4a12-a956-385bcbc32125)
2025-01-27 20:09:19,480 - ontorum.api - INFO -     Dimensions: [UUID('6be8e478-b143-4675-a404-8bb54942949f'), UUID('084b909f-d38e-42d2-b202-645949db1a13'), UUID('3c1f0b9e-a38f-4d81-ab55-ed33b3e77ab4')]
2025-01-27 20:09:19,480 - ontorum.api - INFO -   NodeType.STATE - Sanitized (988f803a-6eb7-47e1-b74e-bb40281beacc)
2025-01-27 20:09:19,481 - ontorum.api - INFO -   NodeType.STATE - Aluminum (998d3822-235b-4437-aeb8-afe3179ec3e5)
2025-01-27 20:09:19,481 - ontorum.api - INFO - Mock node: NodeType.STATE - Stainless Steel (6caa80d7-6d0d-4c8c-b9ba-5a4165f39f20)
2025-01-27 20:09:19,482 - ontorum.api - INFO -   NodeType.STATE - Cold (10d8d1e3-6370-461c-95a0-400144deff90)
2025-01-27 20:09:19,481 - ontorum.api - INFO -   Dimensions: [UUID('1bbb23a1-4c8f-498b-8573-a2f7c4891ade'), UUID('6398675e-00e5-4219-b413-6f5145b589c4'), UUID('232c3363-b375-4352-b6f7-72caec84ec5c')]
2025-01-27 20:09:19,481 - ontorum.example - INFO - Creating new universal: Ice Cream Scoop
2025-01-27 20:09:19,482 - ontorum.api - INFO -   NodeType.STATE - Cold (cc5e9d8c-b478-4018-ad93-80fe804e91aa)
2025-01-27 20:09:19,482 - ontorum.api - INFO -   NodeType.PARTICULAR - Ice Cream Scoop #12 Bowl (931cf185-1eb5-4980-b472-a79aed5d817a)
2025-01-27 20:09:19,483 - ontorum.api - INFO -   NodeType.STATE - Room Temperature (ad70ac80-f604-477e-b666-b54bb64e9669)
2025-01-27 20:09:19,484 - ontorum.api - INFO -   Sub-entities: []
lastic (1d2985ed-54a9-4894-b308-8a459555aa08)
2025-01-27 20:09:19,481 - ontorum.api - WARNING - Failed to connect to database: Using mock data for development. Using mock data.
2025-01-27 20:09:19,485 - ontorum.api - INFO - Mock data initialization complete
2025-01-27 20:09:19,484 - ontorum.api - INFO -   NodeType.STATE - Room Temperature (2d8db904-c5f3-42db-a63e-49fbd612eff7)
2025-01-27 20:09:19,483 - ontorum.api - INFO - Mock node: NodeType.STATE - Aluminum (1287d923-3bf9-4dd4-b7f0-c6da0748926d)
2025-01-27 20:09:19,486 - ontorum.api - INFO - Mock data initialized with 16 nodes
2025-01-27 20:09:19,485 - ontorum.api - INFO -     Universal: 59e0bef9-feb9-4dd1-8e26-d72dcc57cdf6
2025-01-27 20:09:19,484 - ontorum.example - INFO - Created new dimension: Cleanliness
2025-01-27 20:09:19,486 - ontorum.api - INFO - Mock data nodes:
2025-01-27 20:09:19,484 - ontorum.api - INFO -   NodeType.STATE - Room Temperature (888c030d-7b8b-42a7-8c57-9cc3a6fed45e)
2025-01-27 20:09:19,487 - ontorum.api - INFO -   NodeType.PARTICULAR - Ice Cream Scoop #12 (878ef9b1-1bc6-4441-ab15-0c4b77cdacf2)
2025-01-27 20:09:19,485 - ontorum.api - INFO -   NodeType.DIMENSION - Temperature (6974272c-f0da-455f-94f8-26b7a1e3b7f7)
2025-01-27 20:09:19,485 - ontorum.api - INFO -   NodeType.STATE - Hot (ab032205-dd9a-4cd1-8ec8-62db6c2b1a20)
2025-01-27 20:09:19,488 - ontorum.api - INFO -     Universal: e663da98-49c2-40f9-9df0-63b8c21d8ded
2025-01-27 20:09:19,488 - ontorum.api - INFO -     Dimensions: [UUID('1bbb23a1-4c8f-498b-8573-a2f7c4891ade'), UUID('6398675e-00e5-4219-b413-6f5145b589c4'), UUID('232c3363-b375-4352-b6f7-72caec84ec5c')]
2025-01-27 20:09:19,485 - ontorum.api - INFO -     States: [UUID('e8365ae7-3c0c-4c06-bf4d-54d2ea7b6fc5'), UUID('b7ddb3cd-a5a1-417a-b405-db46d731b299'), UUID('3c5353c4-c109-44e0-9ba5-16e4040df700')]
2025-01-27 20:09:19,489 - ontorum.api - INFO -   NodeType.UNIVERSAL - Ice Cream Scoop (e663da98-49c2-40f9-9df0-63b8c21d8ded)
2025-01-27 20:09:19,486 - ontorum.api - INFO -   NodeType.STATE - Hot (c28f66b8-82e0-4c7c-8316-c63f9dd8ea5a)
2025-01-27 20:09:19,486 - ontorum.api - INFO - Mock node: NodeType.STATE - Plastic (48d0b021-04f5-4e7a-9be7-07c37e279dea)
2025-01-27 20:09:19,490 - ontorum.api - INFO -     Dimensions: [UUID('1bbb23a1-4c8f-498b-8573-a2f7c4891ade'), UUID('6398675e-00e5-4219-b413-6f5145b589c4'), UUID('232c3363-b375-4352-b6f7-72caec84ec5c')]
2025-01-27 20:09:19,491 - ontorum.api - INFO -   NodeType.DIMENSION - Cleanliness (1bbb23a1-4c8f-498b-8573-a2f7c4891ade)
2025-01-27 20:09:19,488 - ontorum.api - INFO -   NodeType.STATE - Hot (d0e7bbb0-85cf-4c4a-9645-2a6a34ef4aea)
2025-01-27 20:09:19,491 - ontorum.api - INFO -     States: [UUID('a8ecc45a-ce94-45d3-8c2c-d836aa85025a'), UUID('b02447ad-8ad0-4762-b054-004f567db068'), UUID('1187cb8a-e240-42a2-ab45-0e22e7e94fb0')]
2025-01-27 20:09:19,488 - ontorum.api - INFO -     States: [UUID('a8702a9b-4adf-48bd-b250-e03871211c6d'), UUID('a8b856e7-c66e-4459-bd63-751395f36902'), UUID('9290cf7a-ac7d-4624-af4f-d0480a9e5bf4')]
2025-01-27 20:09:19,488 - ontorum.api - INFO -   NodeType.PARTICULAR - Ice Cream Scoop #12 Handle (020859ed-07fc-4b4e-a7ae-aa6c6d08327e)
2025-01-27 20:09:19,490 - ontorum.api - INFO -   NodeType.STATE - Stainless Steel (e8365ae7-3c0c-4c06-bf4d-54d2ea7b6fc5)
2025-01-27 20:09:19,491 - ontorum.api - INFO - Mock node: NodeType.DIMENSION - Temperature (24ed73b9-2727-458c-af05-99b785d753bd)
2d2-b202-645949db1a13'), UUID('3c1f0b9e-a38f-4d81-ab55-ed33b3e77ab4')]
2025-01-27 20:09:19,492 - ontorum.example - INFO - Created new dimension: Temperature
2025-01-27 20:09:19,491 - ontorum.api - INFO -   NodeType.PARTICULAR - Ice Cream Scoop #12 Handle (e82a98fe-5cd9-4c25-a7ed-5e481e2a1e75)
2025-01-27 20:09:19,493 - ontorum.api - INFO -   NodeType.STATE - Aluminum (b7ddb3cd-a5a1-417a-b405-db46d731b299)
2025-01-27 20:09:19,493 - ontorum.api - INFO -   NodeType.STATE - Dirty (b02447ad-8ad0-4762-b054-004f567db068)
2025-01-27 20:09:19,494 - ontorum.api - INFO -   NodeType.STATE - Plastic (3c5353c4-c109-44e0-9ba5-16e4040df700)
bde-8f0a-b922645fb6f2)
2025-01-27 20:09:19,494 - ontorum.api - INFO -   NodeType.STATE - Sanitized (1187cb8a-e240-42a2-ab45-0e22e7e94fb0)
2025-01-27 20:09:19,493 - ontorum.api - INFO -     Universal: e81862b8-74c9-400f-aedb-329a46ba4082
2025-01-27 20:09:19,492 - ontorum.api - INFO -   NodeType.STATE - Cold (a8702a9b-4adf-48bd-b250-e03871211c6d)
2025-01-27 20:09:19,493 - ontorum.api - INFO -   States: [UUID('51e82aff-f794-4f5f-a308-53b4ada93699'), UUID('386bc901-165d-46aa-8410-07caeda93667'), UUID('9a4e30d6-52b0-4a08-9801-02bc21b8e248')]
2025-01-27 20:09:19,493 - ontorum.api - INFO -     Universal: af275c7d-7e2a-4c3c-aed5-a06f0722ecaf
2025-01-27 20:09:19,495 - ontorum.api - INFO -   NodeType.DIMENSION - Material (6398675e-00e5-4219-b413-6f5145b589c4)
2025-01-27 20:09:19,495 - ontorum.api - INFO -   NodeType.DIMENSION - Temperature (9fd09050-a34c-4ff4-9967-4730f400f8d7)
08d-4c49-bc41-37fd5bd5f492'), UUID('03c4a1a4-9234-47da-8379-a1665ed6a679')]
2025-01-27 20:09:19,495 - ontorum.api - INFO -     Universal: e20740a3-08d1-427c-9415-fddfe822155f
2025-01-27 20:09:19,496 - ontorum.api - INFO -   NodeType.STATE - Stainless Steel (21d08bb6-ef80-4406-ad9a-0433f39477f2)
2025-01-27 20:09:19,495 - ontorum.api - INFO -     Dimensions: [UUID('915e9ce6-ac89-4500-8481-8c115dae3a6c'), UUID('8ce94c9a-4844-4838-be70-cd778ee541c2'), UUID('5ff1d275-0819-4f22-a3a2-415b83cd4e8d')]
2025-01-27 20:09:19,497 - ontorum.api - INFO -   NodeType.STATE - Aluminum (fdc13fd9-d08d-4c49-bc41-37fd5bd5f492)
2025-01-27 20:09:19,495 - ontorum.api - INFO -     Dimensions: [UUID('6510af4c-4dd1-43cf-83e1-c40382daf595'), UUID('893ee45d-7fb9-4c68-b0be-879a51e82fca'), UUID('074f9c55-e2ad-4aa7-9559-87feaec96db4')]
2025-01-27 20:09:19,495 - ontorum.api - INFO -   NodeType.STATE - Room Temperature (a8b856e7-c66e-4459-bd63-751395f36902)
2025-01-27 20:09:19,495 - ontorum.api - INFO - Mock node: NodeType.STATE - Cold (51e82aff-f794-4f5f-a308-53b4ada93699)
2025-01-27 20:09:19,497 - ontorum.api - INFO -   NodeType.STATE - Plastic (03c4a1a4-9234-47da-8379-a1665ed6a679)
2025-01-27 20:09:19,496 - ontorum.api - INFO -     States: [UUID('0bbea0e2-c236-417f-93c2-0957231d18f9'), UUID('f5223a6a-38fe-4499-aefc-1e75ca0d42df'), UUID('60be15ac-ffd8-46a9-97e3-95daa3ff689b')]
2025-01-27 20:09:19,496 - ontorum.api - INFO -     Dimensions: [UUID('4cde6eee-4386-4372-9a09-f370a54fbf54'), UUID('600205af-7130-4ef9-8e7f-8cab1b8e7c96'), UUID('aa395186-2a53-480a-975b-11391044c531')]
2025-01-27 20:09:19,498 - ontorum.api - INFO -   NodeType.DIMENSION - Temperature (232c3363-b375-4352-b6f7-72caec84ec5c)
2025-01-27 20:09:19,497 - ontorum.api - INFO -   NodeType.PARTICULAR - Ice Cream Scoop #12 Bowl (5619b95a-0b9e-447c-97f6-606615ee2279)
2025-01-27 20:09:19,497 - ontorum.api - INFO -   NodeType.PARTICULAR - Ice Cream Scoop #12 Bowl (bf852446-e40a-47ff-853d-c0d1ae4240e5)
2025-01-27 20:09:19,498 - ontorum.api - INFO - Mock node: NodeType.STATE - Room Temperature (386bc901-165d-46aa-8410-07caeda93667)
2025-01-27 20:09:19,497 - ontorum.example - INFO - Created new state: Clean for Cleanliness
2025-01-27 20:09:19,498 - ontorum.api - INFO -   NodeType.PARTICULAR - Ice Cream Scoop #12 Bowl (b45b4164-d98c-49f4-ba94-9ed30bf5f499)
2025-01-27 20:09:19,499 - ontorum.api - INFO -     States: [UUID('ca1a2ed1-f9e5-432c-94a7-82a10dde137b'), UUID('de4e664f-ada0-42d1-ac5f-9b4f6dc93a56'), UUID('b1b6a9e9-897a-4809-8fc2-58ad634d5c51')]
2025-01-27 20:09:19,498 - ontorum.api - INFO -   NodeType.STATE - Cold (0bbea0e2-c236-417f-93c2-0957231d18f9)
2025-01-27 20:09:19,499 - ontorum.api - INFO -     Universal: af275c7d-7e2a-4c3c-aed5-a06f0722ecaf
2025-01-27 20:09:19,500 - ontorum.api - INFO -     Universal: e81862b8-74c9-400f-aedb-329a46ba4082
2025-01-27 20:09:19,500 - ontorum.api - INFO - Mock node: NodeType.STATE - Hot (9a4e30d6-52b0-4a08-9801-02bc21b8e248)
2025-01-27 20:09:19,500 - ontorum.api - INFO -   NodeType.PARTICULAR - Ice Cream Scoop #12 Handle (a2a0efea-cc0e-4524-b1d5-feaa3eab5de8)
2025-01-27 20:09:19,500 - ontorum.api - INFO -   NodeType.STATE - Cold (ca1a2ed1-f9e5-432c-94a7-82a10dde137b)
2025-01-27 20:09:19,501 - ontorum.api - INFO -   NodeType.STATE - Room Temperature (f5223a6a-38fe-4499-aefc-1e75ca0d42df)
2025-01-27 20:09:19,501 - ontorum.api - INFO -     Universal: e20740a3-08d1-427c-9415-fddfe822155f
2025-01-27 20:09:19,501 - ontorum.api - INFO -     Dimensions: [UUID('6510af4c-4dd1-43cf-83e1-c40382daf595'), UUID('893ee45d-7fb9-4c68-b0be-879a51e82fca'), UUID('074f9c55-e2ad-4aa7-9559-87feaec96db4')]
2025-01-27 20:09:19,502 - ontorum.api - INFO - Mock node: NodeType.PARTICULAR - Ice Cream Scoop #12 Handle (7f30ca89-6059-4757-b875-a13e5ef90e5f)
2025-01-27 20:09:19,501 - ontorum.api - INFO -     Dimensions: [UUID('915e9ce6-ac89-4500-8481-8c115dae3a6c'), UUID('8ce94c9a-4844-4838-be70-cd778ee541c2'), UUID('5ff1d275-0819-4f22-a3a2-415b83cd4e8d')]
2025-01-27 20:09:19,502 - ontorum.api - INFO -     Universal: fc5fffcf-5953-403e-bde8-47689d7ba265
2025-01-27 20:09:19,502 - ontorum.api - INFO -   NodeType.STATE - Hot (60be15ac-ffd8-46a9-97e3-95daa3ff689b)
2025-01-27 20:09:19,502 - ontorum.example - INFO - Created new state: Sanitized for Cleanliness
2025-01-27 20:09:19,502 - ontorum.api - INFO -   NodeType.STATE - Room Temperature (de4e664f-ada0-42d1-ac5f-9b4f6dc93a56)
2025-01-27 20:09:19,502 - ontorum.api - INFO -     Dimensions: [UUID('4cde6eee-4386-4372-9a09-f370a54fbf54'), UUID('600205af-7130-4ef9-8e7f-8cab1b8e7c96'), UUID('aa395186-2a53-480a-975b-11391044c531')]
2025-01-27 20:09:19,503 - ontorum.api - INFO -   Universal: 3352c315-00bb-4dfe-9893-2138b3832da4
2025-01-27 20:09:19,503 - ontorum.api - INFO -     Dimensions: [UUID('c6a221ca-acb6-4336-934b-bbc2b58d32d2'), UUID('8af6cf79-8ded-4517-bc50-7c429fabccad'), UUID('6974272c-f0da-455f-94f8-26b7a1e3b7f7')]
2025-01-27 20:09:19,504 - ontorum.api - INFO -   NodeType.PARTICULAR - Ice Cream Scoop #12 Handle (74dc8703-75fa-4147-8dad-108d78dbac27)
2025-01-27 20:09:19,505 - ontorum.api - INFO -   NodeType.STATE - Hot (b1b6a9e9-897a-4809-8fc2-58ad634d5c51)
2025-01-27 20:09:19,505 - ontorum.api - INFO -   NodeType.PARTICULAR - Ice Cream Scoop #12 Bowl (8563cb92-ab67-4721-b55e-9370c0800d79)
2025-01-27 20:09:19,505 - ontorum.api - INFO -   Dimensions: [UUID('5a43edaf-6d16-4628-84d7-399c3f5542de'), UUID('9b8c3720-b261-4a89-8ba9-a0ce82ffe070'), UUID('24ed73b9-2727-458c-af05-99b785d753bd')]
2025-01-27 20:09:19,504 - ontorum.example - INFO - Added dimension Material to universal Ice Cream Scoop
2025-01-27 20:09:19,506 - ontorum.api - INFO -   Sub-entities: []
R - Ice Cream Scoop #12 Handle (b5fe2d82-68d9-44ce-b65e-a898151ddcaa)
2025-01-27 20:09:19,506 - ontorum.api - INFO -     Universal: fc5fffcf-5953-403e-bde8-47689d7ba265
2025-01-27 20:09:19,507 - ontorum.example - INFO - Created new state: Stainless Steel for Material
2025-01-27 20:09:19,508 - ontorum.api - INFO -     Universal: e663da98-49c2-40f9-9df0-63b8c21d8ded
2025-01-27 20:09:19,508 - ontorum.api - INFO -     Dimensions: [UUID('c6a221ca-acb6-4336-934b-bbc2b58d32d2'), UUID('8af6cf79-8ded-4517-bc50-7c429fabccad'), UUID('6974272c-f0da-455f-94f8-26b7a1e3b7f7')]
2025-01-27 20:09:19,509 - ontorum.example - INFO - Created new state: Aluminum for Material
2025-01-27 20:09:19,508 - ontorum.api - INFO -     Dimensions: [UUID('373b0d85-bab7-4e70-afe6-d142ac85e5c3'), UUID('65493eed-22d9-4868-9b98-ba7b79baa9ed'), UUID('9fd09050-a34c-4ff4-9967-4730f400f8d7')]
2025-01-27 20:09:19,509 - ontorum.api - INFO -     Dimensions: [UUID('1bbb23a1-4c8f-498b-8573-a2f7c4891ade'), UUID('6398675e-00e5-4219-b413-6f5145b589c4'), UUID('232c3363-b375-4352-b6f7-72caec84ec5c')]
2025-01-27 20:09:19,510 - ontorum.api - INFO -   Universal: 3352c315-00bb-4dfe-9893-2138b3832da4
2025-01-27 20:09:19,510 - ontorum.api - INFO -   NodeType.PARTICULAR - Ice Cream Scoop #12 Bowl (ff52b9ff-d265-472e-a215-444f37cc4436)
2025-01-27 20:09:19,511 - ontorum.api - INFO -   NodeType.PARTICULAR - Ice Cream Scoop #12 Bowl (0cca385b-947c-49ea-b1ec-488311f0d4ab)
2025-01-27 20:09:19,511 - ontorum.example - INFO - Added dimension Temperature to universal Ice Cream Scoop
2025-01-27 20:09:19,512 - ontorum.api - INFO -     Universal: 665771ae-cb2b-4c64-b904-b417936570cc
2025-01-27 20:09:19,512 - ontorum.api - INFO -     Universal: e663da98-49c2-40f9-9df0-63b8c21d8ded
2025-01-27 20:09:19,512 - ontorum.example - INFO - Created new state: Cold for Temperature
2025-01-27 20:09:19,512 - ontorum.api - INFO -   Dimensions: [UUID('5a43edaf-6d16-4628-84d7-399c3f5542de'), UUID('9b8c3720-b261-4a89-8ba9-a0ce82ffe070'), UUID('24ed73b9-2727-458c-af05-99b785d753bd')]
2025-01-27 20:09:19,512 - ontorum.api - INFO -     Dimensions: [UUID('373b0d85-bab7-4e70-afe6-d142ac85e5c3'), UUID('65493eed-22d9-4868-9b98-ba7b79baa9ed'), UUID('9fd09050-a34c-4ff4-9967-4730f400f8d7')]
2025-01-27 20:09:19,513 - ontorum.api - INFO -   Sub-entities: []
2025-01-27 20:09:19,513 - ontorum.api - INFO -     Dimensions: [UUID('1bbb23a1-4c8f-498b-8573-a2f7c4891ade'), UUID('6398675e-00e5-4219-b413-6f5145b589c4'), UUID('232c3363-b375-4352-b6f7-72caec84ec5c')]
2025-01-27 20:09:19,513 - ontorum.example - INFO - Created new state: Room Temperature for Temperature
2025-01-27 20:09:19,514 - ontorum.api - INFO - Mock data initialization complete
2025-01-27 20:09:19,514 - ontorum.example - INFO - Created new state: Hot for Temperature
2025-01-27 20:09:19,514 - ontorum.api - INFO - Mock data initialized with 16 nodes
2025-01-27 20:09:19,515 - ontorum.example - INFO - Discovered dimensions for Ice Cream Scoop #12 from universal
2025-01-27 20:09:19,515 - ontorum.api - INFO - Mock data nodes:
2025-01-27 20:09:19,515 - ontorum.example - INFO - Creating sub-entities for Ice Cream Scoop #12
2025-01-27 20:09:19,516 - ontorum.api - INFO -   NodeType.PARTICULAR - Ice Cream Scoop #12 (28c8da3c-948a-49e8-97ba-0a1fac29cfd1)
2025-01-27 20:09:19,516 - ontorum.example - INFO - Found existing universal: Ice Cream Scoop
2025-01-27 20:09:19,516 - ontorum.api - INFO -     Universal: 3352c315-00bb-4dfe-9893-2138b3832da4
2025-01-27 20:09:19,517 - ontorum.example - INFO - Discovered dimensions for Ice Cream Scoop #12 Handle from universal
2025-01-27 20:09:19,517 - ontorum.api - INFO -     Dimensions: [UUID('5a43edaf-6d16-4628-84d7-399c3f5542de'), UUID('9b8c3720-b261-4a89-8ba9-a0ce82ffe070'), UUID('24ed73b9-2727-458c-af05-99b785d753bd')]
2025-01-27 20:09:19,518 - ontorum.example - INFO - Found existing universal: Ice Cream Scoop
2025-01-27 20:09:19,518 - ontorum.api - INFO -   NodeType.UNIVERSAL - Ice Cream Scoop (3352c315-00bb-4dfe-9893-2138b3832da4)
2025-01-27 20:09:19,518 - ontorum.example - INFO - Discovered dimensions for Ice Cream Scoop #12 Bowl from universal
2025-01-27 20:09:19,519 - ontorum.api - INFO -     Dimensions: [UUID('5a43edaf-6d16-4628-84d7-399c3f5542de'), UUID('9b8c3720-b261-4a89-8ba9-a0ce82ffe070'), UUID('24ed73b9-2727-458c-af05-99b785d753bd')]
2025-01-27 20:09:19,519 - ontorum.api - INFO - Initialized mock data with 16 nodes
2025-01-27 20:09:19,519 - ontorum.api - INFO -   NodeType.DIMENSION - Cleanliness (5a43edaf-6d16-4628-84d7-399c3f5542de)
2025-01-27 20:09:19,520 - ontorum.api - INFO - Mock node: NodeType.PARTICULAR - Ice Cream Scoop #12 (f3873600-4b97-43c6-8da7-947cc54f75d0)
2025-01-27 20:09:19,520 - ontorum.api - INFO -   Universal: 00343b8e-2c14-4ece-8ac8-55bc50fdfebb
2025-01-27 20:09:19,520 - ontorum.api - INFO -     States: [UUID('3e15869d-c3b8-4ce8-92f0-75c9e795ac60'), UUID('23c35bfc-4e59-4380-af76-c97a83ef8ad1'), UUID('0fb25821-1f6e-4954-be10-f47d13d42116')]
2025-01-27 20:09:19,521 - ontorum.api - INFO -   Dimensions: [UUID('8190486b-36ed-40ac-9f30-956d9e4b447a'), UUID('2520295c-338f-4fe0-b89d-aa033082fdae'), UUID('c47f0db3-546c-4167-9106-3fd7ced3ebe1')]
2025-01-27 20:09:19,521 - ontorum.api - INFO -   NodeType.STATE - Clean (3e15869d-c3b8-4ce8-92f0-75c9e795ac60)
2025-01-27 20:09:19,522 - ontorum.api - INFO -   Sub-entities: [UUID('43ee40a8-a16b-4f6f-b737-392dd544d557'), UUID('21330d1e-2b02-477b-8e19-70631f3cbce1')]
2025-01-27 20:09:19,523 - ontorum.api - INFO - API starting up
2025-01-27 20:09:19,523 - ontorum.api - INFO -   NodeType.STATE - Dirty (23c35bfc-4e59-4380-af76-c97a83ef8ad1)
2025-01-27 20:09:19,524 - ontorum.api - INFO -   NodeType.STATE - Sanitized (0fb25821-1f6e-4954-be10-f47d13d42116)
2025-01-27 20:09:19,524 - ontorum.api - INFO - Mock node: NodeType.UNIVERSAL - Ice Cream Scoop (00343b8e-2c14-4ece-8ac8-55bc50fdfebb)
2025-01-27 20:09:19,525 - ontorum.api - INFO -   NodeType.DIMENSION - Material (9b8c3720-b261-4a89-8ba9-a0ce82ffe070)
2025-01-27 20:09:19,525 - ontorum.api - INFO - Starting mock data initialization
anliness (8190486b-36ed-40ac-9f30-956d9e4b447a)
b7f0-c6da0748926d'), UUID('48d0b021-04f5-4e7a-9be7-07c37e279dea')]
2025-01-27 20:09:19,526 - ontorum.api - INFO -   NodeType.STATE - Stainless Steel (6caa80d7-6d0d-4c8c-b9ba-5a4165f39f20)
2025-01-27 20:09:19,526 - ontorum.api - INFO -   States: [UUID('5225da51-583a-4eed-851e-b21c128cf196'), UUID('5e0264c2-be54-4e49-9f98-7fc358742acb'), UUID('690edd9f-13a7-47cf-b6f3-a784bbf6c8ce')]
2025-01-27 20:09:19,526 - ontorum.example - INFO - Initialized IceCreamScoopExpander
2025-01-27 20:09:19,527 - ontorum.api - INFO - Mock node: NodeType.STATE - Clean (5225da51-583a-4eed-851e-b21c128cf196)
2025-01-27 20:09:19,527 - ontorum.api - INFO -   NodeType.STATE - Aluminum (1287d923-3bf9-4dd4-b7f0-c6da0748926d)
2025-01-27 20:09:19,528 - ontorum.api - INFO - Mock node: NodeType.STATE - Dirty (5e0264c2-be54-4e49-9f98-7fc358742acb)
2025-01-27 20:09:19,528 - ontorum.api - INFO - Created mock scoop with ID: a1b36b6a-ba13-4bfc-af37-0fe67718444b
2025-01-27 20:09:19,528 - ontorum.api - INFO -   NodeType.STATE - Plastic (48d0b021-04f5-4e7a-9be7-07c37e279dea)
2025-01-27 20:09:19,529 - ontorum.api - INFO - Mock node: NodeType.STATE - Sanitized (690edd9f-13a7-47cf-b6f3-a784bbf6c8ce)
2025-01-27 20:09:19,529 - ontorum.example - INFO - Creating new universal: Ice Cream Scoop
2025-01-27 20:09:19,529 - ontorum.api - INFO - Mock node: NodeType.DIMENSION - Material (2520295c-338f-4fe0-b89d-aa033082fdae)
2025-01-27 20:09:19,529 - ontorum.api - INFO -   NodeType.DIMENSION - Temperature (24ed73b9-2727-458c-af05-99b785d753bd)
2025-01-27 20:09:19,530 - ontorum.api - INFO -   States: [UUID('cb9dbffb-2f42-49ed-a4be-f5a7f0a31a8c'), UUID('fbfd33d8-7304-4452-8088-716821ae572a'), UUID('79d39c57-4950-4e66-8b45-aead5335922d')]
2025-01-27 20:09:19,530 - ontorum.api - INFO - Mock node: NodeType.STATE - Stainless Steel (cb9dbffb-2f42-49ed-a4be-f5a7f0a31a8c)
2025-01-27 20:09:19,530 - ontorum.example - INFO - Created new dimension: Cleanliness
2025-01-27 20:09:19,530 - ontorum.api - INFO -     States: [UUID('51e82aff-f794-4f5f-a308-53b4ada93699'), UUID('386bc901-165d-46aa-8410-07caeda93667'), UUID('9a4e30d6-52b0-4a08-9801-02bc21b8e248')]
2025-01-27 20:09:19,531 - ontorum.api - INFO - Mock node: NodeType.STATE - Aluminum (fbfd33d8-7304-4452-8088-716821ae572a)
2025-01-27 20:09:19,531 - ontorum.example - INFO - Created new dimension: Material
2025-01-27 20:09:19,532 - ontorum.api - INFO -   NodeType.STATE - Cold (51e82aff-f794-4f5f-a308-53b4ada93699)
2025-01-27 20:09:19,532 - ontorum.api - INFO - Mock node: NodeType.STATE - Plastic (79d39c57-4950-4e66-8b45-aead5335922d)
2025-01-27 20:09:19,533 - ontorum.example - INFO - Created new dimension: Temperature
2025-01-27 20:09:19,533 - ontorum.api - INFO -   NodeType.STATE - Room Temperature (386bc901-165d-46aa-8410-07caeda93667)
3ebe1)
2025-01-27 20:09:19,533 - ontorum.example - INFO - Added dimension Cleanliness to universal Ice Cream Scoop
2025-01-27 20:09:19,534 - ontorum.api - INFO -   NodeType.STATE - Hot (9a4e30d6-52b0-4a08-9801-02bc21b8e248)
2025-01-27 20:09:19,534 - ontorum.api - INFO -   States: [UUID('54f2809c-e9fe-4c44-a539-8d0c01c1fa7a'), UUID('9e1b7688-b574-42f5-ad4e-d624978064b6'), UUID('bd9ff53d-8b2f-4846-9fd1-c4b74a07a8c8')]
2025-01-27 20:09:19,534 - ontorum.api - INFO -   NodeType.PARTICULAR - Ice Cream Scoop #12 Handle (7f30ca89-6059-4757-b875-a13e5ef90e5f)
2025-01-27 20:09:19,534 - ontorum.example - INFO - Created new state: Clean for Cleanliness
2025-01-27 20:09:19,536 - ontorum.api - INFO -     Universal: 3352c315-00bb-4dfe-9893-2138b3832da4
2025-01-27 20:09:19,536 - ontorum.example - INFO - Created new state: Dirty for Cleanliness
2025-01-27 20:09:19,535 - ontorum.api - INFO - Mock node: NodeType.STATE - Cold (54f2809c-e9fe-4c44-a539-8d0c01c1fa7a)
2025-01-27 20:09:19,536 - ontorum.api - INFO -     Dimensions: [UUID('5a43edaf-6d16-4628-84d7-399c3f5542de'), UUID('9b8c3720-b261-4a89-8ba9-a0ce82ffe070'), UUID('24ed73b9-2727-458c-af05-99b785d753bd')]
2025-01-27 20:09:19,537 - ontorum.api - INFO - Mock node: NodeType.STATE - Room Temperature (9e1b7688-b574-42f5-ad4e-d624978064b6)
2025-01-27 20:09:19,538 - ontorum.example - INFO - Added dimension Material to universal Ice Cream Scoop
2025-01-27 20:09:19,538 - ontorum.api - INFO -   NodeType.PARTICULAR - Ice Cream Scoop #12 Bowl (d9914cf0-2663-4d24-80e3-ae1038d40288)
2025-01-27 20:09:19,538 - ontorum.api - INFO - Mock node: NodeType.STATE - Hot (bd9ff53d-8b2f-4846-9fd1-c4b74a07a8c8)
2025-01-27 20:09:19,538 - ontorum.api - INFO -     Universal: 3352c315-00bb-4dfe-9893-2138b3832da4
2025-01-27 20:09:19,539 - ontorum.example - INFO - Created new state: Stainless Steel for Material
2025-01-27 20:09:19,539 - ontorum.api - INFO -     Dimensions: [UUID('5a43edaf-6d16-4628-84d7-399c3f5542de'), UUID('9b8c3720-b261-4a89-8ba9-a0ce82ffe070'), UUID('24ed73b9-2727-458c-af05-99b785d753bd')]
2025-01-27 20:09:19,540 - ontorum.example - INFO - Created new state: Aluminum for Material
2025-01-27 20:09:19,540 - ontorum.example - INFO - Created new state: Plastic for Material
febb
2025-01-27 20:09:19,542 - ontorum.example - INFO - Added dimension Temperature to universal Ice Cream Scoop
2025-01-27 20:09:19,542 - ontorum.example - INFO - Created new state: Cold for Temperature
2025-01-27 20:09:19,543 - ontorum.example - INFO - Created new state: Room Temperature for Temperature
2025-01-27 20:09:19,541 - ontorum.api - INFO -   Dimensions: [UUID('8190486b-36ed-40ac-9f30-956d9e4b447a'), UUID('2520295c-338f-4fe0-b89d-aa033082fdae'), UUID('c47f0db3-546c-4167-9106-3fd7ced3ebe1')]
2025-01-27 20:09:19,543 - ontorum.example - INFO - Created new state: Hot for Temperature
2025-01-27 20:09:19,543 - ontorum.api - INFO -   Sub-entities: []
2025-01-27 20:09:19,544 - ontorum.example - INFO - Discovered dimensions for Ice Cream Scoop #12 from universal
2025-01-27 20:09:19,544 - ontorum.api - INFO - Mock node: NodeType.PARTICULAR - Ice Cream Scoop #12 Bowl (21330d1e-2b02-477b-8e19-70631f3cbce1)
2025-01-27 20:09:19,545 - ontorum.example - INFO - Creating sub-entities for Ice Cream Scoop #12
2025-01-27 20:09:19,545 - ontorum.api - INFO -   Universal: 00343b8e-2c14-4ece-8ac8-55bc50fdfebb
2025-01-27 20:09:19,545 - ontorum.example - INFO - Found existing universal: Ice Cream Scoop
2025-01-27 20:09:19,546 - ontorum.example - INFO - Discovered dimensions for Ice Cream Scoop #12 Handle from universal
2025-01-27 20:09:19,546 - ontorum.api - INFO -   Dimensions: [UUID('8190486b-36ed-40ac-9f30-956d9e4b447a'), UUID('2520295c-338f-4fe0-b89d-aa033082fdae'), UUID('c47f0db3-546c-4167-9106-3fd7ced3ebe1')]
2025-01-27 20:09:19,547 - ontorum.example - INFO - Found existing universal: Ice Cream Scoop
2025-01-27 20:09:19,547 - ontorum.api - INFO -   Sub-entities: []
2025-01-27 20:09:19,547 - ontorum.api - INFO - Mock data initialization complete
ream Scoop #12 Bowl from universal
2025-01-27 20:09:19,548 - ontorum.api - INFO - Initialized mock data with 16 nodes
2025-01-27 20:09:19,548 - ontorum.api - INFO - Mock data initialized with 16 nodes
2025-01-27 20:09:19,548 - ontorum.api - INFO - Mock node: NodeType.PARTICULAR - Ice Cream Scoop #12 (a1b36b6a-ba13-4bfc-af37-0fe67718444b)
2025-01-27 20:09:19,549 - ontorum.api - INFO - Mock data nodes:
2025-01-27 20:09:19,549 - ontorum.api - INFO -   Universal: 7b43da74-f1c8-4701-a788-86bec6b778b0
2025-01-27 20:09:19,550 - ontorum.api - INFO -   Dimensions: [UUID('e1e79d2d-e4d7-4522-b7e3-724828e47e02'), UUID('e8cd8f81-2585-4248-b9b5-e8b4ad21c548'), UUID('e47748ff-5648-44ed-a162-ff45a246732b')]
2025-01-27 20:09:19,550 - ontorum.api - INFO -   NodeType.PARTICULAR - Ice Cream Scoop #12 (f3873600-4b97-43c6-8da7-947cc54f75d0)
2025-01-27 20:09:19,550 - ontorum.api - INFO -     Universal: 00343b8e-2c14-4ece-8ac8-55bc50fdfebb
2025-01-27 20:09:19,550 - ontorum.api - INFO -   Sub-entities: [UUID('41c14109-00db-4454-8ebb-7867a85d7378'), UUID('313928a4-2649-46ff-8924-7444a0a26eb3')]
2025-01-27 20:09:19,551 - ontorum.api - INFO -     Dimensions: [UUID('8190486b-36ed-40ac-9f30-956d9e4b447a'), UUID('2520295c-338f-4fe0-b89d-aa033082fdae'), UUID('c47f0db3-546c-4167-9106-3fd7ced3ebe1')]
2025-01-27 20:09:19,551 - ontorum.api - INFO - Mock node: NodeType.UNIVERSAL - Ice Cream Scoop (7b43da74-f1c8-4701-a788-86bec6b778b0)
2025-01-27 20:09:19,552 - ontorum.api - INFO -   NodeType.UNIVERSAL - Ice Cream Scoop (00343b8e-2c14-4ece-8ac8-55bc50fdfebb)
2025-01-27 20:09:19,552 - ontorum.api - INFO - Mock node: NodeType.DIMENSION - Cleanliness (e1e79d2d-e4d7-4522-b7e3-724828e47e02)
2025-01-27 20:09:19,552 - ontorum.api - INFO -   States: [UUID('0361cdb9-ca2a-4307-bdac-304676009e43'), UUID('862840f3-8925-40bc-8da4-8f03291c9a29'), UUID('a4523542-c22f-46fc-8e24-255b88325b8d')]
2025-01-27 20:09:19,553 - ontorum.api - INFO -     Dimensions: [UUID('8190486b-36ed-40ac-9f30-956d9e4b447a'), UUID('2520295c-338f-4fe0-b89d-aa033082fdae'), UUID('c47f0db3-546c-4167-9106-3fd7ced3ebe1')]
2025-01-27 20:09:19,553 - ontorum.api - INFO - Mock node: NodeType.STATE - Clean (0361cdb9-ca2a-4307-bdac-304676009e43)
2025-01-27 20:09:19,554 - ontorum.api - INFO - Mock node: NodeType.STATE - Dirty (862840f3-8925-40bc-8da4-8f03291c9a29)

2025-01-27 20:09:19,555 - ontorum.api - INFO -     States: [UUID('5225da51-583a-4eed-851e-b21c128cf196'), UUID('5e0264c2-be54-4e49-9f98-7fc358742acb'), UUID('690edd9f-13a7-47cf-b6f3-a784bbf6c8ce')]
2025-01-27 20:09:19,555 - ontorum.api - INFO - Mock node: NodeType.STATE - Sanitized (a4523542-c22f-46fc-8e24-255b88325b8d)
2025-01-27 20:09:19,556 - ontorum.api - INFO -   NodeType.STATE - Clean (5225da51-583a-4eed-851e-b21c128cf196)
2025-01-27 20:09:19,556 - ontorum.api - INFO - Mock node: NodeType.DIMENSION - Material (e8cd8f81-2585-4248-b9b5-e8b4ad21c548)
2025-01-27 20:09:19,558 - ontorum.api - INFO -   States: [UUID('9946e01b-776e-47fd-9e89-14990b47d44a'), UUID('4bf7fa3a-4ac9-472a-bee3-5094a05c182d'), UUID('0f4b31ee-5a5f-4e33-bfd1-d714032c52e5')]
2025-01-27 20:09:19,557 - ontorum.api - INFO -   NodeType.STATE - Dirty (5e0264c2-be54-4e49-9f98-7fc358742acb)
2025-01-27 20:09:19,558 - ontorum.api - INFO - Mock node: NodeType.STATE - Stainless Steel (9946e01b-776e-47fd-9e89-14990b47d44a)
2025-01-27 20:09:19,559 - ontorum.api - INFO - Mock node: NodeType.STATE - Aluminum (4bf7fa3a-4ac9-472a-bee3-5094a05c182d)
2025-01-27 20:09:19,559 - ontorum.api - INFO -   NodeType.STATE - Sanitized (690edd9f-13a7-47cf-b6f3-a784bbf6c8ce)
2025-01-27 20:09:19,560 - ontorum.api - INFO - Mock node: NodeType.STATE - Plastic (0f4b31ee-5a5f-4e33-bfd1-d714032c52e5)
2025-01-27 20:09:19,561 - ontorum.api - INFO -     States: [UUID('cb9dbffb-2f42-49ed-a4be-f5a7f0a31a8c'), UUID('fbfd33d8-7304-4452-8088-716821ae572a'), UUID('79d39c57-4950-4e66-8b45-aead5335922d')]
2025-01-27 20:09:19,561 - ontorum.api - INFO - Mock node: NodeType.DIMENSION - Temperature (e47748ff-5648-44ed-a162-ff45a246732b)
2025-01-27 20:09:19,562 - ontorum.api - INFO -   States: [UUID('706c2c8c-81dd-46bd-afb7-3c38652710d7'), UUID('8ba7425b-9ed4-4be4-8aac-85cb8497691b'), UUID('746d1704-27e6-4cd6-afe3-280ecd0c1722')]
2025-01-27 20:09:19,562 - ontorum.api - INFO -   NodeType.STATE - Stainless Steel (cb9dbffb-2f42-49ed-a4be-f5a7f0a31a8c)
2025-01-27 20:09:19,562 - ontorum.api - INFO - Mock node: NodeType.STATE - Cold (706c2c8c-81dd-46bd-afb7-3c38652710d7)
2025-01-27 20:09:19,562 - ontorum.api - INFO -   NodeType.STATE - Aluminum (fbfd33d8-7304-4452-8088-716821ae572a)
2025-01-27 20:09:19,563 - ontorum.api - INFO - Mock node: NodeType.STATE - Room Temperature (8ba7425b-9ed4-4be4-8aac-85cb8497691b)
2025-01-27 20:09:19,564 - ontorum.api - INFO - Mock node: NodeType.STATE - Hot (746d1704-27e6-4cd6-afe3-280ecd0c1722)
2025-01-27 20:09:19,564 - ontorum.api - INFO -   NodeType.STATE - Plastic (79d39c57-4950-4e66-8b45-aead5335922d)
2025-01-27 20:09:19,565 - ontorum.api - INFO - Mock node: NodeType.PARTICULAR - Ice Cream Scoop #12 Handle (41c14109-00db-4454-8ebb-7867a85d7378)
2025-01-27 20:09:19,566 - ontorum.api - INFO -   Universal: 7b43da74-f1c8-4701-a788-86bec6b778b0
2025-01-27 20:09:19,566 - ontorum.api - INFO -   NodeType.DIMENSION - Temperature (c47f0db3-546c-4167-9106-3fd7ced3ebe1)
2025-01-27 20:09:19,566 - ontorum.api - INFO -   Dimensions: [UUID('e1e79d2d-e4d7-4522-b7e3-724828e47e02'), UUID('e8cd8f81-2585-4248-b9b5-e8b4ad21c548'), UUID('e47748ff-5648-44ed-a162-ff45a246732b')]
2025-01-27 20:09:19,567 - ontorum.api - INFO -   Sub-entities: []
2025-01-27 20:09:19,567 - ontorum.api - INFO -     States: [UUID('54f2809c-e9fe-4c44-a539-8d0c01c1fa7a'), UUID('9e1b7688-b574-42f5-ad4e-d624978064b6'), UUID('bd9ff53d-8b2f-4846-9fd1-c4b74a07a8c8')]
2025-01-27 20:09:19,567 - ontorum.api - INFO - Mock node: NodeType.PARTICULAR - Ice Cream Scoop #12 Bowl (313928a4-2649-46ff-8924-7444a0a26eb3)
2025-01-27 20:09:19,568 - ontorum.api - INFO -   NodeType.STATE - Cold (54f2809c-e9fe-4c44-a539-8d0c01c1fa7a)
2025-01-27 20:09:19,568 - ontorum.api - INFO -   Universal: 7b43da74-f1c8-4701-a788-86bec6b778b0
2025-01-27 20:09:19,569 - ontorum.api - INFO -   NodeType.STATE - Room Temperature (9e1b7688-b574-42f5-ad4e-d624978064b6)
2025-01-27 20:09:19,569 - ontorum.api - INFO -   Dimensions: [UUID('e1e79d2d-e4d7-4522-b7e3-724828e47e02'), UUID('e8cd8f81-2585-4248-b9b5-e8b4ad21c548'), UUID('e47748ff-5648-44ed-a162-ff45a246732b')]
2025-01-27 20:09:19,570 - ontorum.api - INFO -   NodeType.STATE - Hot (bd9ff53d-8b2f-4846-9fd1-c4b74a07a8c8)
2025-01-27 20:09:19,570 - ontorum.api - INFO -   Sub-entities: []
2025-01-27 20:09:19,571 - ontorum.api - INFO -   NodeType.PARTICULAR - Ice Cream Scoop #12 Handle (43ee40a8-a16b-4f6f-b737-392dd544d557)
2025-01-27 20:09:19,572 - ontorum.api - INFO - Mock data initialization complete
ac8-55bc50fdfebb
2025-01-27 20:09:19,575 - ontorum.api - INFO - Mock data initialized with 16 nodes
2025-01-27 20:09:19,575 - ontorum.api - INFO -     Dimensions: [UUID('8190486b-36ed-40ac-9f30-956d9e4b447a'), UUID('2520295c-338f-4fe0-b89d-aa033082fdae'), UUID('c47f0db3-546c-4167-9106-3fd7ced3ebe1')]
2025-01-27 20:09:19,575 - ontorum.api - INFO - Mock data nodes:
2025-01-27 20:09:19,576 - ontorum.api - INFO -   NodeType.PARTICULAR - Ice Cream Scoop #12 Bowl (21330d1e-2b02-477b-8e19-70631f3cbce1)
2025-01-27 20:09:19,576 - ontorum.api - INFO -   NodeType.PARTICULAR - Ice Cream Scoop #12 (a1b36b6a-ba13-4bfc-af37-0fe67718444b)
2025-01-27 20:09:19,576 - ontorum.api - INFO -     Universal: 00343b8e-2c14-4ece-8ac8-55bc50fdfebb
2025-01-27 20:09:19,576 - ontorum.api - INFO -     Universal: 7b43da74-f1c8-4701-a788-86bec6b778b0
2025-01-27 20:09:19,577 - ontorum.api - INFO -     Dimensions: [UUID('8190486b-36ed-40ac-9f30-956d9e4b447a'), UUID('2520295c-338f-4fe0-b89d-aa033082fdae'), UUID('c47f0db3-546c-4167-9106-3fd7ced3ebe1')]
2025-01-27 20:09:19,577 - ontorum.api - INFO -     Dimensions: [UUID('e1e79d2d-e4d7-4522-b7e3-724828e47e02'), UUID('e8cd8f81-2585-4248-b9b5-e8b4ad21c548'), UUID('e47748ff-5648-44ed-a162-ff45a246732b')]
2025-01-27 20:09:19,578 - ontorum.api - INFO -   NodeType.UNIVERSAL - Ice Cream Scoop (7b43da74-f1c8-4701-a788-86bec6b778b0)
2025-01-27 20:09:19,578 - ontorum.api - INFO -     Dimensions: [UUID('e1e79d2d-e4d7-4522-b7e3-724828e47e02'), UUID('e8cd8f81-2585-4248-b9b5-e8b4ad21c548'), UUID('e47748ff-5648-44ed-a162-ff45a246732b')]
2025-01-27 20:09:19,579 - ontorum.api - INFO -   NodeType.DIMENSION - Cleanliness (e1e79d2d-e4d7-4522-b7e3-724828e47e02)
2025-01-27 20:09:19,580 - ontorum.api - INFO -     States: [UUID('0361cdb9-ca2a-4307-bdac-304676009e43'), UUID('862840f3-8925-40bc-8da4-8f03291c9a29'), UUID('a4523542-c22f-46fc-8e24-255b88325b8d')]
2025-01-27 20:09:19,580 - ontorum.api - INFO -   NodeType.STATE - Clean (0361cdb9-ca2a-4307-bdac-304676009e43)
2025-01-27 20:09:19,581 - ontorum.api - INFO -   NodeType.STATE - Dirty (862840f3-8925-40bc-8da4-8f03291c9a29)
2025-01-27 20:09:19,582 - ontorum.api - INFO -   NodeType.STATE - Sanitized (a4523542-c22f-46fc-8e24-255b88325b8d)
2025-01-27 20:09:19,583 - ontorum.api - INFO -   NodeType.DIMENSION - Material (e8cd8f81-2585-4248-b9b5-e8b4ad21c548)
2025-01-27 20:09:19,584 - ontorum.api - INFO -     States: [UUID('9946e01b-776e-47fd-9e89-14990b47d44a'), UUID('4bf7fa3a-4ac9-472a-bee3-5094a05c182d'), UUID('0f4b31ee-5a5f-4e33-bfd1-d714032c52e5')]
2025-01-27 20:09:19,584 - ontorum.api - INFO -   NodeType.STATE - Stainless Steel (9946e01b-776e-47fd-9e89-14990b47d44a)
2025-01-27 20:09:19,585 - ontorum.api - INFO -   NodeType.STATE - Aluminum (4bf7fa3a-4ac9-472a-bee3-5094a05c182d)
2025-01-27 20:09:19,586 - ontorum.api - INFO -   NodeType.STATE - Plastic (0f4b31ee-5a5f-4e33-bfd1-d714032c52e5)
2025-01-27 20:09:19,586 - ontorum.api - INFO -   NodeType.DIMENSION - Temperature (e47748ff-5648-44ed-a162-ff45a246732b)
2025-01-27 20:09:19,587 - ontorum.api - INFO -     States: [UUID('706c2c8c-81dd-46bd-afb7-3c38652710d7'), UUID('8ba7425b-9ed4-4be4-8aac-85cb8497691b'), UUID('746d1704-27e6-4cd6-afe3-280ecd0c1722')]
2025-01-27 20:09:19,588 - ontorum.api - INFO -   NodeType.STATE - Cold (706c2c8c-81dd-46bd-afb7-3c38652710d7)
2025-01-27 20:09:19,589 - ontorum.api - INFO -   NodeType.STATE - Room Temperature (8ba7425b-9ed4-4be4-8aac-85cb8497691b)
2025-01-27 20:09:19,589 - ontorum.api - INFO -   NodeType.STATE - Hot (746d1704-27e6-4cd6-afe3-280ecd0c1722)
2025-01-27 20:09:19,590 - ontorum.api - INFO -   NodeType.PARTICULAR - Ice Cream Scoop #12 Handle (41c14109-00db-4454-8ebb-7867a85d7378)
2025-01-27 20:09:19,591 - ontorum.api - INFO -     Universal: 7b43da74-f1c8-4701-a788-86bec6b778b0
2025-01-27 20:09:19,591 - ontorum.api - INFO -     Dimensions: [UUID('e1e79d2d-e4d7-4522-b7e3-724828e47e02'), UUID('e8cd8f81-2585-4248-b9b5-e8b4ad21c548'), UUID('e47748ff-5648-44ed-a162-ff45a246732b')]
2025-01-27 20:09:19,592 - ontorum.api - INFO -   NodeType.PARTICULAR - Ice Cream Scoop #12 Bowl (313928a4-2649-46ff-8924-7444a0a26eb3)
2025-01-27 20:09:19,593 - ontorum.api - INFO -     Universal: 7b43da74-f1c8-4701-a788-86bec6b778b0
2025-01-27 20:09:19,593 - ontorum.api - INFO -     Dimensions: [UUID('e1e79d2d-e4d7-4522-b7e3-724828e47e02'), UUID('e8cd8f81-2585-4248-b9b5-e8b4ad21c548'), UUID('e47748ff-5648-44ed-a162-ff45a246732b')]
